PackID,CycleNumber,Capacity(Ah),SOH(%),RUL(cycles),Voltage(V),Current(A),DoD(%),Temperature(C),Cell1_V,Cell2_V,Cell3_V,Cell4_V,Cell5_V,Cell6_V,Cell7_V,Cell8_V
1,1,39.9997573,99.99939325,2999,25.6596057,25.49921836,0.033333333,27.65756648,3.20702038,3.202813299,3.204549157,3.203063374,3.213011446,3.201888345,3.196911818,3.19267396
1,2,39.99938133,99.99845333,2998,25.58340828,38.68537652,0.066666667,25.304596,3.201996876,3.180474368,3.198525688,3.198353281,3.189084233,3.192573873,3.20647726,3.201845694
1,3,39.9989305,99.99732625,2997,25.67772262,-19.22633288,0.1,30.45381216,3.200814307,3.20245078,3.200741021,3.209942901,3.200987433,3.188334295,3.21304104,3.202962722
1,4,39.99842294,99.99605735,2996,25.78276358,37.57789062,0.133333333,27.45347307,3.19528597,3.189972786,3.203167314,3.199062624,3.212593174,3.197232742,3.193300954,3.20716637
1,5,39.99786854,99.99467135,2995,25.5719016,-5.501290417,0.166666667,27.12000499,3.207402255,3.201349211,3.205410856,3.199698503,3.201870921,3.209319927,3.205002547,3.198645804
1,6,39.99727371,99.99318428,2994,25.57190357,-12.19849637,0.2,30.86009259,3.2108189,3.181081157,3.216416586,3.186352327,3.194983257,3.19967266,3.198828155,3.208051288
1,7,39.99664301,99.99160753,2993,25.78950554,-35.97203784,0.233333333,25.76395624,3.191537307,3.202086135,3.195374303,3.202361128,3.199481822,3.200743485,3.195600601,3.195919488
1,8,39.99597988,99.9899497,2992,25.69209217,-35.77877937,0.266666667,25.97394319,3.20229818,3.207549724,3.195213765,3.19304986,3.204907681,3.199739969,3.206643985,3.192753622
1,9,39.99528703,99.98821757,2991,25.54366307,15.36090048,0.3,26.02680342,3.185764489,3.195735967,3.193869179,3.199369693,3.194905238,3.205928136,3.197694798,3.201203796
1,10,39.99456665,99.98641663,2990,25.66510721,-3.365680445,0.333333333,27.87783151,3.201261076,3.201559641,3.199806967,3.204084806,3.193634759,3.211195343,3.198107701,3.189507607
1,11,39.99382058,99.98455145,2989,25.54438988,-21.87826992,0.366666667,28.77693693,3.201504587,3.193190556,3.205322676,3.217676845,3.193707423,3.202658979,3.185955955,3.203631242
1,12,39.99305036,99.9826259,2988,25.54411243,9.117624506,0.4,29.33141584,3.19291429,3.195001323,3.191189708,3.20585721,3.208058435,3.200187082,3.193084586,3.212716184
1,13,39.99225732,99.98064331,2987,25.62903547,-19.77135054,0.433333333,32.62959157,3.193996719,3.182703742,3.203667112,3.191161803,3.20790887,3.196950898,3.204829706,3.211212003
1,14,39.99144263,99.97860657,2986,25.37040637,6.210540348,0.466666667,23.95102158,3.190329129,3.195472503,3.199394631,3.212300411,3.194732938,3.19524397,3.203825125,3.19538217
1,15,39.99060729,99.97651823,2985,25.39300986,-11.26330024,0.5,29.09572406,3.201220207,3.187587701,3.21771464,3.189218326,3.197425978,3.199740152,3.215301505,3.189401234
1,16,39.98975223,99.97438057,2984,25.5325255,25.88417813,0.533333333,26.99716497,3.215869633,3.206057415,3.203336763,3.192122931,3.20456913,3.194212107,3.21013329,3.192231504
1,17,39.98887824,99.9721956,2983,25.47846027,25.65569286,0.566666667,26.94445273,3.199094732,3.195557815,3.192099816,3.205930559,3.20428367,3.209672082,3.185760999,3.208513366
1,18,39.98798606,99.96996515,2982,25.63770968,-1.81196815,0.6,26.88441017,3.220043591,3.196386871,3.215161189,3.19789471,3.189020722,3.19755494,3.208385632,3.193294588
1,19,39.98707636,99.9676909,2981,25.49103711,-11.93447125,0.633333333,26.36421459,3.195197291,3.204748315,3.200024481,3.204676984,3.201902636,3.203837003,3.196541591,3.201853848
1,20,39.98614974,99.96537434,2980,25.43052356,-10.99521628,0.666666667,31.0321447,3.192581016,3.210307469,3.194925802,3.20903078,3.198131144,3.201615992,3.196040284,3.191872037
1,21,39.98520675,99.96301687,2979,25.77587785,24.45716205,0.7,29.51613519,3.186041917,3.191557407,3.197408729,3.201695033,3.208083035,3.19643394,3.192944314,3.188458282
1,22,39.98424791,99.96061978,2978,25.57290684,-13.74564138,0.733333333,28.04175276,3.203840509,3.211065556,3.210130642,3.205679462,3.205108347,3.21358099,3.202656652,3.205169037
1,23,39.98327369,99.95818423,2977,25.60810338,-23.2752501,0.766666667,30.43182835,3.197433729,3.189103653,3.194529209,3.199926728,3.200486283,3.215410287,3.200650217,3.209430748
1,24,39.98228453,99.95571132,2976,25.42903022,-33.22493265,0.8,25.27744786,3.196519382,3.197506593,3.189367939,3.194061376,3.204215851,3.200060481,3.207543509,3.201450032
1,25,39.98128083,99.95320208,2975,25.53467407,-2.664550329,0.833333333,25.60473076,3.19718037,3.217186375,3.199248771,3.209304008,3.196790326,3.205676796,3.207424125,3.201667936
1,26,39.98026298,99.95065745,2974,25.61331071,-1.429432086,0.866666667,24.07965808,3.181164137,3.20014602,3.20984368,3.204219847,3.203566711,3.186221945,3.194236359,3.203290861
1,27,39.97923133,99.94807833,2973,25.46188077,27.27269683,0.9,26.74105383,3.203283066,3.209717334,3.198841066,3.203246593,3.200130994,3.192104458,3.181953669,3.203448078
1,28,39.97818622,99.94546555,2972,25.64508376,-22.30090428,0.933333333,28.29105735,3.201391578,3.1950546,3.187046616,3.205037916,3.197872639,3.204454998,3.214912388,3.182868553
1,29,39.97712796,99.94281991,2971,25.52792336,-9.520698107,0.966666667,28.18514544,3.194403194,3.198324995,3.211638609,3.186908776,3.215486888,3.201086847,3.199231995,3.198415522
1,30,39.97605685,99.94014213,2970,25.56499675,24.67245911,1,28.26881544,3.196509896,3.208384934,3.191451834,3.202763313,3.196926547,3.193902932,3.220687801,3.203352406
1,31,39.97497317,99.93743293,2969,25.52779521,25.88988886,1.033333333,25.4600977,3.204906124,3.209102214,3.1886292,3.214018335,3.179928343,3.193849869,3.196327747,3.204653787
1,32,39.97387718,99.93469296,2968,25.82227338,-9.231113922,1.066666667,29.44567854,3.201749746,3.198665482,3.199904021,3.192175816,3.188022141,3.205812093,3.205549649,3.212675955
1,33,39.97276914,99.93192285,2967,25.59838033,-3.270078137,1.1,28.43132953,3.193679863,3.205542522,3.197730346,3.2095238,3.208175702,3.201689675,3.197283759,3.207687457
1,34,39.97164928,99.9291232,2966,25.47307469,-15.73712873,1.133333333,29.31949771,3.205175236,3.194524477,3.189377611,3.197691737,3.212123311,3.209171897,3.19110138,3.190657941
1,35,39.97051783,99.92629458,2965,25.69870539,34.60439027,1.166666667,24.59302808,3.210197471,3.190914913,3.204074363,3.19507143,3.212936359,3.193836602,3.209146892,3.201478869
1,36,39.96937501,99.92343753,2964,25.45349876,-30.50849874,1.2,28.56068355,3.202017559,3.184237531,3.182376693,3.198235472,3.201975249,3.190998417,3.191290453,3.204491781
1,37,39.96822103,99.92055256,2963,25.62506363,34.69995384,1.233333333,25.86202257,3.204502836,3.198898072,3.206241614,3.190606382,3.197152521,3.213183021,3.200546577,3.2010105
1,38,39.96705607,99.91764017,2962,25.36483959,14.70931615,1.266666667,27.28481815,3.218447573,3.188805263,3.206371443,3.21331189,3.197401137,3.206877046,3.192143844,3.194506141
1,39,39.96588033,99.91470083,2961,25.44061767,2.525772215,1.3,28.96185682,3.203079731,3.206388533,3.208967492,3.212557029,3.199460428,3.209548894,3.197261561,3.20721673
1,40,39.964694,99.911735,2960,25.62362335,-37.38727514,1.333333333,28.16396849,3.20165991,3.203565423,3.203388063,3.18716236,3.191007025,3.200820332,3.186501767,3.206649689
1,41,39.96349724,99.90874309,2959,25.68861599,-1.952304654,1.366666667,26.46722804,3.206972448,3.202617364,3.191030928,3.211041112,3.216297685,3.201176615,3.204084283,3.201613909
1,42,39.96229021,99.90572553,2958,25.62056419,-7.3801516,1.4,28.01129168,3.204242954,3.19904353,3.199723486,3.207245741,3.218764993,3.18879943,3.1991695,3.190556316
1,43,39.96107309,99.90268272,2957,25.58612221,-27.10249504,1.433333333,25.24323643,3.212736199,3.195298096,3.188454394,3.205105496,3.213954489,3.205308783,3.201638383,3.203273127
1,44,39.95984601,99.89961503,2956,25.56386756,12.51276828,1.466666667,30.07048131,3.211318725,3.193006406,3.199105223,3.196378479,3.190657078,3.197372998,3.208861769,3.204532817
1,45,39.95860914,99.89652285,2955,25.42257736,37.69207259,1.5,27.63048876,3.205154484,3.201171805,3.20418659,3.193595277,3.197523921,3.201536034,3.202220127,3.202561503
1,46,39.95736261,99.89340652,2954,25.51361869,4.975104885,1.533333333,30.0133899,3.198893318,3.196980613,3.22526217,3.207254298,3.20330518,3.198134332,3.196390249,3.198953595
1,47,39.95610656,99.89026639,2953,25.54472335,17.18026212,1.566666667,27.05224296,3.202342631,3.184956516,3.187444883,3.194904941,3.201657115,3.198085815,3.21182497,3.188140826
1,48,39.95484111,99.88710278,2952,25.72685467,-34.52396379,1.6,27.05756322,3.193989236,3.212160734,3.201048955,3.207078741,3.216409976,3.194449565,3.199205485,3.197820585
1,49,39.95356641,99.88391603,2951,25.64123419,-6.586640335,1.633333333,26.62446378,3.184363256,3.197516826,3.207048497,3.204324716,3.204952665,3.196995928,3.194751222,3.210154045
1,50,39.95228257,99.88070642,2950,25.38843518,-30.69132119,1.666666667,29.57711308,3.196021463,3.202352656,3.201306677,3.211693736,3.207771299,3.189637931,3.190499575,3.204631279
1,51,39.95098971,99.87747427,2949,25.63889008,9.023666843,1.7,26.72302392,3.199485299,3.196358626,3.208125023,3.201499675,3.200419659,3.206238629,3.196999128,3.212548152
1,52,39.94968794,99.87421986,2948,25.55379013,35.07857266,1.733333333,29.16027178,3.193695619,3.205255433,3.211470663,3.188981636,3.197253319,3.209137659,3.209257956,3.198628035
1,53,39.94837739,99.87094347,2947,25.51876936,12.9422186,1.766666667,27.31158568,3.194122631,3.207647487,3.209468393,3.190682693,3.190368691,3.201802053,3.205034885,3.197607447
1,54,39.94705815,99.86764537,2946,25.67340115,-33.85575613,1.8,24.44326606,3.205434351,3.194318907,3.183082451,3.196608791,3.200505857,3.19779328,3.190731174,3.185474808
1,55,39.94573033,99.86432582,2945,25.72371994,-11.6267036,1.833333333,26.97343468,3.19588729,3.207181246,3.21004958,3.209501707,3.193472724,3.190770349,3.203973077,3.2050808
1,56,39.94439403,99.86098509,2944,25.71175361,4.053070355,1.866666667,25.87760521,3.203201357,3.183887494,3.193064923,3.19976249,3.203897746,3.206138459,3.201154028,3.20264627
1,57,39.94304936,99.8576234,2943,25.4992939,-7.743379509,1.9,28.0610249,3.200678924,3.205484955,3.202502925,3.200525901,3.19785305,3.200650331,3.203876731,3.202139803
1,58,39.9416964,99.85424101,2942,25.56289451,26.69152084,1.933333333,25.85726608,3.203046611,3.210741775,3.202121311,3.194808012,3.207068854,3.189070413,3.191348693,3.202686778
1,59,39.94033526,99.85083814,2941,25.63975161,25.17368038,1.966666667,29.66675518,3.204131173,3.19003959,3.19693746,3.195151329,3.196106589,3.207548782,3.205652044,3.199847023
1,60,39.93896601,99.84741503,2940,25.71706542,8.946481608,2,27.83606345,3.195632305,3.189202803,3.21136148,3.204736911,3.194346647,3.205756796,3.199438211,3.197703124
1,61,39.93758876,99.84397189,2939,25.54249909,-10.12336439,2.033333333,27.68032721,3.203481692,3.194068014,3.197249948,3.200971689,3.19600439,3.205352682,3.214952532,3.193965615
1,62,39.93620358,99.84050894,2938,25.57772092,-19.5730901,2.066666667,29.18060585,3.186678998,3.183986079,3.198796255,3.194694683,3.201662884,3.201060781,3.187174265,3.185480929
1,63,39.93481055,99.83702638,2937,25.4672398,-31.53005454,2.1,29.73503248,3.202367466,3.201083431,3.196593456,3.186742851,3.20377113,3.210175196,3.20222386,3.193220209
1,64,39.93340977,99.83352442,2936,25.45645521,-11.60818532,2.133333333,27.96382225,3.200356417,3.189071087,3.208463686,3.200654755,3.185854745,3.197594605,3.203706412,3.197335619
1,65,39.9320013,99.83000326,2935,25.6975031,-6.946198623,2.166666667,26.61183946,3.197792834,3.190204782,3.204532328,3.194812246,3.182748437,3.197029941,3.207849198,3.196904564
1,66,39.93058523,99.82646308,2934,25.7627488,14.06583401,2.2,24.80685469,3.21390388,3.203431744,3.202710065,3.198972814,3.19945371,3.197892611,3.197581845,3.204246937
1,67,39.92916163,99.82290408,2933,25.59135879,12.65278594,2.233333333,26.76511044,3.19251335,3.191392849,3.19101444,3.216365236,3.204242743,3.202435938,3.191539883,3.204986738
1,68,39.92773058,99.81932644,2932,25.72042395,-34.39134883,2.266666667,26.88901796,3.199067429,3.201713352,3.192187037,3.201282151,3.196609332,3.193875111,3.205872851,3.187698338
1,69,39.92629214,99.81573034,2931,25.64339632,-8.379254766,2.3,28.19270342,3.20451821,3.205475889,3.192962851,3.193437372,3.198215795,3.20225629,3.19877716,3.2034685
1,70,39.92484638,99.81211595,2930,25.52258563,-25.45769062,2.333333333,27.37873561,3.214103837,3.195938266,3.18627856,3.206607389,3.213466517,3.203142147,3.191298011,3.199008861
1,71,39.92339338,99.80848344,2929,25.64336747,-27.45498357,2.366666667,29.23827935,3.191051812,3.205142844,3.189189677,3.19759897,3.191965297,3.201014597,3.197069267,3.201414097
1,72,39.92193319,99.80483298,2928,25.78456439,26.18417198,2.4,26.89663011,3.200178804,3.192106728,3.205015017,3.199609875,3.192091768,3.217927412,3.203811441,3.198773916
1,73,39.92046589,99.80116473,2927,25.59570088,-36.64678266,2.433333333,27.8973259,3.211321636,3.214734525,3.198837205,3.20277918,3.192095977,3.198822458,3.1984075,3.201478616
1,74,39.91899154,99.79747885,2926,25.78775724,-6.465369928,2.466666667,30.1311774,3.202662084,3.204478628,3.201901141,3.190314059,3.192492263,3.195628739,3.197742075,3.208406194
1,75,39.9175102,99.7937755,2925,25.28563059,-26.54370754,2.5,28.61528539,3.190696488,3.19714068,3.207624076,3.19760098,3.203683325,3.198883664,3.202054266,3.19817222
1,76,39.91602193,99.79005482,2924,25.6986283,30.34641725,2.533333333,27.89193242,3.205336524,3.187639549,3.197093504,3.202372581,3.204269562,3.211943621,3.196871803,3.211835854
1,77,39.91452679,99.78631697,2923,25.61044565,4.563241062,2.566666667,26.9165,3.194727809,3.210629171,3.206539737,3.192692331,3.202456314,3.199590113,3.205004677,3.198213827
1,78,39.91302483,99.78256209,2922,25.56411912,-21.48954909,2.6,26.86018349,3.19754203,3.210952757,3.199210233,3.206611379,3.198197188,3.213333306,3.194573323,3.195086852
1,79,39.91151613,99.77879032,2921,25.61101129,0.194182973,2.633333333,26.46889614,3.212196137,3.196440429,3.212808594,3.207134725,3.198762802,3.185493652,3.199845454,3.20081304
1,80,39.91000072,99.7750018,2920,25.36149173,18.51890878,2.666666667,27.02618764,3.209337742,3.212707577,3.194520103,3.206409454,3.206123217,3.208587302,3.203989519,3.184460018
1,81,39.90847867,99.77119667,2919,25.57363937,36.64944071,2.7,29.36019851,3.198756621,3.190754339,3.198379154,3.207840034,3.202441207,3.209184727,3.202734031,3.189613392
1,82,39.90695003,99.76737507,2918,25.64285351,-22.36431966,2.733333333,27.60060111,3.179833224,3.20119047,3.198288588,3.192184434,3.186394982,3.194122054,3.198444068,3.205327023
1,83,39.90541485,99.76353711,2917,25.77734729,30.89454177,2.766666667,25.57040848,3.201509049,3.212864538,3.191715168,3.207048471,3.20037839,3.205557353,3.196507881,3.208573443
1,84,39.90387318,99.75968294,2916,25.53780757,34.74432913,2.8,31.18270473,3.202361798,3.19456444,3.199903808,3.198083553,3.203913427,3.190561786,3.199765186,3.203162458
1,85,39.90232507,99.75581268,2915,25.50298077,33.31364356,2.833333333,28.57593734,3.200264186,3.21077553,3.206192182,3.199940154,3.201733513,3.202365324,3.203226397,3.185394736
1,86,39.90077058,99.75192645,2914,25.53978915,10.83314855,2.866666667,25.46750188,3.19758779,3.188124487,3.210226248,3.199513204,3.198453272,3.207174379,3.203378598,3.190970924
1,87,39.89920975,99.74802436,2913,25.70984825,10.38565235,2.9,27.20467193,3.199432757,3.197318664,3.186043737,3.19447779,3.198531677,3.199080393,3.188142149,3.209213325
1,88,39.89764262,99.74410655,2912,25.63945013,-7.743149345,2.933333333,28.19959549,3.199183176,3.200300425,3.203205133,3.19369539,3.203650848,3.197063403,3.192827316,3.20458758
1,89,39.89606925,99.74017313,2911,25.53642878,20.19183058,2.966666667,31.06826577,3.211933391,3.205798635,3.207383821,3.195834955,3.187219042,3.2119211,3.216436119,3.212342454
1,90,39.89448968,99.7362242,2910,25.66159209,2.503521468,3,26.00539758,3.197313712,3.190762925,3.191474538,3.186530139,3.199140971,3.212845424,3.198866699,3.202418583
1,91,39.89290396,99.73225989,2909,25.61164931,14.1950457,3.033333333,29.75687329,3.211004776,3.196767238,3.216284252,3.215936755,3.198951109,3.195379726,3.205577904,3.1972198
1,92,39.89131212,99.7282803,2908,25.7162374,-5.723367692,3.066666667,30.51907557,3.190747558,3.210249909,3.209731579,3.201244093,3.189897082,3.19016379,3.200857834,3.196001032
1,93,39.88971422,99.72428554,2907,25.51575363,18.51971712,3.1,26.86842225,3.197271257,3.208175705,3.205865435,3.211025141,3.192075014,3.197254467,3.206071854,3.203584627
1,94,39.88811029,99.72027572,2906,25.56068054,25.95772141,3.133333333,27.50047549,3.212259043,3.203364294,3.214784873,3.204320142,3.20849734,3.19741188,3.200114298,3.207287555
1,95,39.88650038,99.71625094,2905,25.55294702,-28.28509947,3.166666667,26.13464335,3.212903825,3.205833896,3.199334626,3.21101868,3.182464171,3.188622124,3.205453074,3.200112867
1,96,39.88488452,99.71221131,2904,25.42437821,26.63437725,3.2,27.63376995,3.204844109,3.20051526,3.204567566,3.193484777,3.204563889,3.207955316,3.209764405,3.216108434
1,97,39.88326277,99.70815692,2903,25.63553443,3.223722543,3.233333333,27.93413805,3.201952788,3.202191289,3.18781462,3.195748709,3.198455343,3.208402556,3.195111991,3.20637072
1,98,39.88163515,99.70408787,2902,25.63132663,27.57327273,3.266666667,29.18737,3.199987026,3.198582655,3.201991152,3.196870749,3.196567702,3.186361713,3.198016366,3.196160255
1,99,39.88000171,99.70000427,2901,25.60061361,-5.495863493,3.3,29.96233025,3.195872152,3.203334985,3.205269056,3.201857556,3.207963322,3.204604495,3.19763955,3.19629715
1,100,39.87836248,99.6959062,2900,25.57184954,-9.676761169,3.333333333,26.65342708,3.202502578,3.204590137,3.211182754,3.209529384,3.195668216,3.19918395,3.205368142,3.208543982
1,101,39.87671751,99.69179377,2899,25.43015551,33.2048586,3.366666667,24.45881488,3.207511756,3.199488977,3.189967819,3.192008509,3.202181068,3.202737805,3.191210565,3.200356557
1,102,39.87506682,99.68766706,2898,25.54952256,-19.9064586,3.4,27.9617594,3.205049795,3.190790187,3.208839978,3.196979751,3.210060905,3.19573238,3.191786996,3.196334904
1,103,39.87341046,99.68352616,2897,25.55887426,27.53698602,3.433333333,28.52836755,3.199238815,3.196892161,3.198271989,3.202671721,3.198630565,3.199471101,3.186326189,3.203133584
1,104,39.87174847,99.67937117,2896,25.50372673,-1.278354199,3.466666667,28.44895184,3.199286374,3.212882344,3.192483479,3.185533637,3.204944548,3.202772216,3.191932536,3.187762008
1,105,39.87008087,99.67520217,2895,25.58064571,1.127635404,3.5,27.41198815,3.212299174,3.211312883,3.180100346,3.196334216,3.213313536,3.1961915,3.196075102,3.197737925
1,106,39.8684077,99.67101926,2894,25.6484861,-15.32253748,3.533333333,28.22455378,3.191032824,3.186361794,3.208420378,3.185256505,3.201978172,3.207092636,3.18839019,3.192605853
1,107,39.866729,99.6668225,2893,25.82634231,5.84337605,3.566666667,30.72780066,3.209705434,3.204263134,3.195061714,3.209617992,3.209652286,3.202152422,3.192798718,3.19669241
1,108,39.8650448,99.662612,2892,25.62094934,-13.9831043,3.6,28.6871215,3.202291094,3.198491241,3.207511657,3.187761807,3.188045892,3.201446969,3.196067645,3.194983611
1,109,39.86335513,99.65838783,2891,25.63090605,-36.85844686,3.633333333,27.32793683,3.185855546,3.200156367,3.199577959,3.205227832,3.200551249,3.198939167,3.209416005,3.189500262
1,110,39.86166003,99.65415008,2890,25.59106649,-18.24011157,3.666666667,27.09964393,3.204291114,3.186630823,3.193293105,3.190298743,3.20625554,3.199476718,3.199891974,3.191146136
1,111,39.85995953,99.64989881,2889,25.36974745,-39.48967653,3.7,27.69426576,3.197602452,3.193892278,3.20306764,3.192071271,3.210638355,3.186595356,3.193547841,3.213417604
1,112,39.85825365,99.64563413,2888,25.59681833,38.26838296,3.733333333,30.94613193,3.19651889,3.189480971,3.201752573,3.196196862,3.193313038,3.191233034,3.222146989,3.197987585
1,113,39.85654244,99.64135609,2887,25.60722763,37.25977679,3.766666667,27.67005872,3.184595461,3.211949678,3.204888567,3.193868269,3.192535047,3.205387782,3.198024653,3.184592177
1,114,39.85482591,99.63706478,2886,25.89558905,-8.387576202,3.8,27.96437018,3.21429792,3.196528076,3.211964574,3.21022748,3.191991924,3.208265519,3.19478846,3.185066395
1,115,39.85310411,99.63276028,2885,25.57691668,18.26966835,3.833333333,27.13183557,3.196603215,3.2031811,3.196298107,3.197543613,3.209148528,3.200851952,3.193253614,3.205616243
1,116,39.85137706,99.62844266,2884,25.63618568,-12.33551213,3.866666667,29.97817004,3.201581405,3.179827162,3.203426823,3.20313463,3.200160969,3.207133605,3.194620851,3.202691998
1,117,39.8496448,99.62411199,2883,25.59583459,13.68745257,3.9,31.52770706,3.187464325,3.203256723,3.215624478,3.192041149,3.193921583,3.194319876,3.201039986,3.19149571
1,118,39.84790734,99.61976834,2882,25.45975864,24.43440344,3.933333333,28.81110349,3.203369979,3.20677472,3.204274778,3.185852677,3.207961341,3.207498939,3.206641291,3.202982738
1,119,39.84616472,99.6154118,2881,25.73713874,35.74049958,3.966666667,28.14899123,3.201761515,3.208259115,3.215388108,3.192375676,3.208625003,3.199310263,3.198962616,3.187707754
1,120,39.84441697,99.61104242,2880,25.69023196,-7.983017932,4,28.0662091,3.197721685,3.19202188,3.196289165,3.191214509,3.196408733,3.196751117,3.200774039,3.187082001
1,121,39.84266411,99.60666027,2879,25.69492383,22.66383864,4.033333333,23.70824778,3.188435855,3.202895314,3.193620495,3.208596238,3.201802158,3.204854097,3.211285539,3.197522314
1,122,39.84090617,99.60226544,2878,25.49087351,-18.72572395,4.066666667,29.34127156,3.195404106,3.206973621,3.204076109,3.198501358,3.211131664,3.198302046,3.200262189,3.200169781
1,123,39.83914319,99.59785797,2877,25.76833532,39.2265843,4.1,28.24149955,3.192523249,3.200620683,3.211174081,3.203559747,3.200248507,3.198705862,3.202646936,3.205998133
1,124,39.83737518,99.59343795,2876,25.43177787,-37.9384321,4.133333333,28.77101569,3.204873911,3.197345081,3.202598253,3.203839518,3.19194244,3.201345844,3.182709569,3.20386027
1,125,39.83560217,99.58900544,2875,25.67042285,8.28230452,4.166666667,26.71936805,3.205282744,3.205980369,3.196839625,3.202472375,3.211391631,3.211310157,3.199766618,3.201114557
1,126,39.8338242,99.58456049,2874,25.86285468,12.76047853,4.2,27.30797762,3.208887289,3.187993584,3.197415394,3.210684564,3.207801604,3.20295411,3.187953341,3.199600718
1,127,39.83204127,99.58010318,2873,25.48113564,15.04364457,4.233333333,27.26015511,3.195280677,3.202648311,3.193525227,3.191794213,3.183481078,3.209774437,3.196801836,3.201257166
1,128,39.83025343,99.57563357,2872,25.53204427,-30.3689937,4.266666667,29.83892137,3.199982095,3.191460529,3.189927481,3.191957479,3.194214652,3.20293285,3.193634259,3.213971925
1,129,39.82846069,99.57115172,2871,25.61195816,35.08238268,4.3,27.31823229,3.208217208,3.206466876,3.199042729,3.212114246,3.198255955,3.199749909,3.201359796,3.205614584
1,130,39.82666308,99.5666577,2870,25.53958292,-25.50533768,4.333333333,31.74878858,3.205095265,3.196198998,3.19573605,3.205119224,3.205721893,3.196853191,3.187302495,3.198341471
1,131,39.82486062,99.56215156,2869,25.41392039,9.820272259,4.366666667,28.77555235,3.204988206,3.214443335,3.190416336,3.19658743,3.196884772,3.210846443,3.199720468,3.192741388
1,132,39.82305334,99.55763336,2868,25.60822756,-22.18591367,4.4,25.70377121,3.204469562,3.196762892,3.190204902,3.192857814,3.213872336,3.203073674,3.20086208,3.19800085
1,133,39.82124127,99.55310317,2867,25.47252355,-15.42268664,4.433333333,27.76861667,3.202337191,3.202241888,3.202337351,3.200918761,3.206950387,3.200184835,3.192176489,3.195100617
1,134,39.81942442,99.54856104,2866,25.65683109,3.716683338,4.466666667,26.82698478,3.18416785,3.216214537,3.206902037,3.193359436,3.197745241,3.194904988,3.212340378,3.188640983
1,135,39.81760281,99.54400703,2865,25.48966909,-6.624526515,4.5,24.05011155,3.200915808,3.199131777,3.206614709,3.199167926,3.185934329,3.197991057,3.192222702,3.200636636
1,136,39.81577648,99.5394412,2864,25.78599213,-27.18195192,4.533333333,30.87904769,3.211473416,3.186084598,3.193598218,3.195578456,3.196946951,3.205921005,3.198611645,3.203326422
1,137,39.81394544,99.5348636,2863,25.5060096,-26.32508781,4.566666667,29.26565658,3.194993816,3.201839395,3.206222381,3.194141604,3.206250865,3.200418982,3.208363682,3.198388641
1,138,39.81210972,99.53027429,2862,25.56135262,-6.548416947,4.6,28.95977317,3.203049957,3.19967515,3.199230302,3.202071443,3.20429446,3.190003481,3.211469069,3.185122696
1,139,39.81026933,99.52567333,2861,25.69762207,20.58263826,4.633333333,28.29772659,3.194521503,3.199245847,3.203298848,3.21260938,3.185133668,3.195938447,3.182985332,3.200252976
1,140,39.80842431,99.52106077,2860,25.45229628,31.83717175,4.666666667,25.51236838,3.202173469,3.212726366,3.200965078,3.208352201,3.204670697,3.196518014,3.188728314,3.202200018
1,141,39.80657467,99.51643667,2859,25.62729519,-33.26978702,4.7,27.12948915,3.188063184,3.210361657,3.198703503,3.209561419,3.196158285,3.202150806,3.201674791,3.199639647
1,142,39.80472043,99.51180107,2858,25.75685713,-8.551687395,4.733333333,29.51520539,3.196538724,3.203139648,3.192590694,3.190324517,3.209942615,3.205817344,3.200527133,3.213321139
1,143,39.80286161,99.50715403,2857,25.40710201,-31.9803549,4.766666667,26.10780395,3.197857876,3.210581626,3.201404593,3.191801994,3.214784322,3.207925687,3.199031832,3.20581737
1,144,39.80099824,99.5024956,2856,25.62215606,-38.67260155,4.8,23.44281523,3.196770373,3.206633192,3.180871371,3.191841589,3.207834078,3.198002756,3.201660338,3.189225715
1,145,39.79913034,99.49782584,2855,25.63118594,12.93749461,4.833333333,27.59120919,3.214782936,3.209524237,3.198394518,3.196762433,3.208236835,3.215859764,3.207630082,3.217374421
1,146,39.79725792,99.49314479,2854,25.69381874,8.195955357,4.866666667,27.7448364,3.192621189,3.193444905,3.190488471,3.203534085,3.201404828,3.198784391,3.206474069,3.209858629
1,147,39.795381,99.4884525,2853,25.45156591,-26.95847089,4.9,28.24401415,3.187794701,3.195224224,3.206561149,3.196258091,3.193614351,3.208148299,3.189683999,3.197587362
1,148,39.79349961,99.48374903,2852,25.44154521,-21.29497335,4.933333333,29.31133356,3.202629152,3.195409441,3.206265245,3.195448984,3.211268956,3.19899403,3.205370161,3.205968192
1,149,39.79161377,99.47903443,2851,25.66263299,-38.10337971,4.966666667,29.14769046,3.19497968,3.183572108,3.202886046,3.200578307,3.204446608,3.19818778,3.196556578,3.216067784
1,150,39.78972349,99.47430874,2850,25.63563816,26.79577646,5,28.46578565,3.188221168,3.205871604,3.195403185,3.197313771,3.197463177,3.193572526,3.204569794,3.211125149
1,151,39.7878288,99.469572,2849,25.63005914,37.97524768,5.033333333,30.1519565,3.203760109,3.200827056,3.192108476,3.204134602,3.217250797,3.196954443,3.196992131,3.195511287
1,152,39.78592971,99.46482428,2848,25.64157379,-29.16323706,5.066666667,25.26585439,3.196084686,3.178037604,3.203240283,3.193235583,3.187117895,3.20602552,3.191343858,3.197290648
1,153,39.78402624,99.46006561,2847,25.51839703,-21.4819829,5.1,28.90824727,3.211731539,3.188726274,3.187739214,3.20215445,3.209195899,3.187405266,3.203261518,3.204647996
1,154,39.78211842,99.45529604,2846,25.62787044,29.47276192,5.133333333,29.12776905,3.183526716,3.206388011,3.207012847,3.197505715,3.210018771,3.209091645,3.200824943,3.196388437
1,155,39.78020625,99.45051562,2845,25.6351687,34.11710384,5.166666667,25.76878789,3.192217377,3.199699492,3.204558071,3.197406585,3.182419992,3.210149711,3.201521786,3.196963004
1,156,39.77828976,99.44572439,2844,25.51427783,-6.429809375,5.2,25.2948329,3.206857267,3.212197109,3.177584707,3.203474109,3.188586806,3.203992884,3.201023418,3.205085812
1,157,39.77636896,99.4409224,2843,25.82389294,-35.95020222,5.233333333,26.65730417,3.196006019,3.185014079,3.196397054,3.203254781,3.208123139,3.19062535,3.208216483,3.194817022
1,158,39.77444388,99.43610969,2842,25.65685995,-36.8486533,5.266666667,26.8092254,3.202899599,3.195920848,3.201457365,3.207135021,3.190183887,3.194560753,3.201479701,3.219212669
1,159,39.77251453,99.43128632,2841,25.45704358,5.915989286,5.3,29.35615503,3.193094482,3.216321071,3.216035386,3.199221511,3.19761478,3.194463478,3.19945438,3.188746245
1,160,39.77058092,99.42645231,2840,25.67878643,-8.568391289,5.333333333,26.89383019,3.199390088,3.211975042,3.19511132,3.198074206,3.186390876,3.202992497,3.202115853,3.200509619
1,161,39.76864308,99.42160771,2839,25.4830382,-37.70780579,5.366666667,26.45857267,3.198265384,3.197657937,3.204015202,3.199769467,3.202519775,3.201719863,3.208987418,3.205415953
1,162,39.76670103,99.41675257,2838,25.69445015,6.660191385,5.4,26.89905927,3.201542895,3.212147376,3.203362148,3.210439702,3.204855541,3.185264647,3.210438678,3.20108141
1,163,39.76475477,99.41188694,2837,25.73903147,-39.09579707,5.433333333,30.0135382,3.199584362,3.202250787,3.197240135,3.201816231,3.195264991,3.210194178,3.199091295,3.196939329
1,164,39.76280434,99.40701084,2836,25.50151812,22.98975665,5.466666667,28.02347807,3.192600593,3.202150206,3.201496857,3.203107397,3.191781985,3.18719055,3.20500473,3.211877135
1,165,39.76084973,99.40212432,2835,25.71560514,-15.48537418,5.5,27.67734815,3.191789171,3.21271553,3.202271288,3.199943497,3.19681961,3.188923856,3.207901828,3.193795149
1,166,39.75889097,99.39722743,2834,25.64953371,-36.77935976,5.533333333,27.8019901,3.193761547,3.20793541,3.184936132,3.187811218,3.199854926,3.202346275,3.203877877,3.197585612
1,167,39.75692808,99.3923202,2833,25.69864722,7.068177679,5.566666667,30.3257086,3.220242957,3.19817686,3.198153711,3.193624107,3.200991255,3.20491969,3.209628624,3.188085726
1,168,39.75496107,99.38740268,2832,25.82761516,-8.185246845,5.6,26.65149089,3.198032037,3.203573629,3.20469646,3.200052389,3.204339392,3.193528289,3.212463243,3.207941025
1,169,39.75298996,99.3824749,2831,25.57055343,37.90403307,5.633333333,30.36791492,3.189240578,3.191399176,3.191624626,3.20542376,3.189722178,3.197351805,3.203637635,3.199470673
1,170,39.75101476,99.37753691,2830,25.50955166,3.535893,5.666666667,28.37889334,3.2020711,3.191473578,3.204758835,3.195094305,3.197403043,3.201901854,3.200824626,3.20019184
1,171,39.7490355,99.37258874,2829,25.49325827,-17.98086552,5.7,27.71124511,3.193994985,3.197603605,3.200017469,3.188999318,3.196299736,3.203101439,3.189780507,3.209252653
1,172,39.74705217,99.36763043,2828,25.50210277,16.75510917,5.733333333,32.5016209,3.210156906,3.190038795,3.210860957,3.198851347,3.203348116,3.196026792,3.207384359,3.203248752
1,173,39.74506481,99.36266202,2827,25.59074779,-18.2806398,5.766666667,26.09984892,3.193486774,3.190678384,3.188317581,3.201503534,3.204579771,3.205207725,3.199056151,3.190744028
1,174,39.74307342,99.35768355,2826,25.64093824,32.33946331,5.8,27.36336563,3.194543402,3.209218789,3.196122971,3.201147341,3.191394796,3.202692664,3.196338524,3.208373702
1,175,39.74107802,99.35269505,2825,25.6332029,-10.02224236,5.833333333,25.78162377,3.206188462,3.196034352,3.198986688,3.19559107,3.188644534,3.193140461,3.201585739,3.202602076
1,176,39.73907863,99.34769657,2824,25.69926199,3.989485022,5.866666667,29.71443155,3.201188383,3.197586136,3.207464533,3.200508335,3.205626031,3.185809799,3.168620798,3.202270304
1,177,39.73707525,99.34268814,2823,25.60156023,-35.95415169,5.9,31.04054008,3.188601875,3.198300386,3.197583224,3.212699205,3.203199972,3.201326872,3.206695929,3.202947981
1,178,39.73506792,99.33766979,2822,25.77442409,-5.910300964,5.933333333,31.00586101,3.196338584,3.208571807,3.191121999,3.202585978,3.187619442,3.201631551,3.201543917,3.21341164
1,179,39.73305663,99.33264157,2821,25.56824118,26.58908317,5.966666667,30.20310776,3.187480209,3.195192903,3.206581459,3.202682538,3.20144244,3.192350914,3.195273453,3.209960328
1,180,39.7310414,99.3276035,2820,25.9264203,24.45190443,6,27.64428316,3.199587926,3.203002878,3.199078493,3.190535316,3.207470483,3.204025859,3.218445095,3.191875349
1,181,39.72902225,99.32255563,2819,25.67508008,-22.05451529,6.033333333,27.34256624,3.206580583,3.189507648,3.201258773,3.207812053,3.183422919,3.19836054,3.195494322,3.194384342
1,182,39.7269992,99.31749799,2818,25.49714109,-21.91367432,6.066666667,24.99189441,3.203081701,3.208965486,3.19893377,3.201643891,3.20091447,3.200014428,3.191285259,3.208867557
1,183,39.72497225,99.31243061,2817,25.4714929,25.38442498,6.1,31.66457236,3.202361563,3.203159052,3.193547923,3.196326237,3.198590926,3.187727002,3.186495725,3.195194017
1,184,39.72294141,99.30735354,2816,25.65789669,34.43187361,6.133333333,28.84416054,3.204180166,3.194774901,3.191849558,3.193482515,3.196357261,3.197169128,3.217324172,3.208436965
1,185,39.72090672,99.30226679,2815,25.57318447,-32.3711263,6.166666667,27.11447757,3.208198193,3.209348643,3.192009433,3.190221083,3.191145038,3.210676049,3.195622466,3.189989151
1,186,39.71886817,99.29717041,2814,25.68568006,-3.995308846,6.2,30.3905024,3.19655203,3.198091156,3.202147306,3.202007608,3.193374555,3.205485251,3.194886452,3.198749789
1,187,39.71682577,99.29206444,2813,25.65678851,-13.00365768,6.233333333,26.24902387,3.205494193,3.194865429,3.195445189,3.204733344,3.193138135,3.196921664,3.204445937,3.21643274
1,188,39.71477956,99.28694889,2812,25.59126053,29.65507644,6.266666667,28.73191966,3.204843236,3.203781118,3.204246413,3.191414478,3.200924774,3.199761868,3.202572676,3.200932064
1,189,39.71272953,99.28182382,2811,25.49838475,-33.31800683,6.3,27.68926756,3.203037597,3.197508262,3.200468871,3.190177371,3.197440742,3.211126668,3.202550467,3.199832632
1,190,39.7106757,99.27668925,2810,25.41821833,-23.1099246,6.333333333,29.14961885,3.215168986,3.18911332,3.191124356,3.213701691,3.200367687,3.198059336,3.190406365,3.20358157
1,191,39.70861808,99.2715452,2809,25.54641821,20.19746701,6.366666667,27.88556763,3.204355679,3.191244045,3.198877795,3.197315873,3.202047817,3.191045998,3.21001558,3.20732659
1,192,39.70655669,99.26639173,2808,25.70276786,-35.89649208,6.4,25.3883298,3.197094596,3.19826865,3.198908623,3.193773532,3.196452565,3.197837837,3.212902947,3.207572946
1,193,39.70449154,99.26122885,2807,25.62569125,-0.597169543,6.433333333,28.13603747,3.207477238,3.202959405,3.191061384,3.199668071,3.207763908,3.189933883,3.205092426,3.218580874
1,194,39.70242264,99.2560566,2806,25.45051135,-4.631437226,6.466666667,29.88795546,3.208494533,3.211312233,3.20174671,3.207743456,3.194257174,3.20636691,3.205235105,3.202319289
1,195,39.70035,99.25087501,2805,25.62078171,-13.24790568,6.5,27.94741047,3.210528059,3.195689721,3.19850354,3.200763696,3.191763112,3.201815456,3.186248557,3.208375636
1,196,39.69827364,99.24568411,2804,25.64623809,-8.434214774,6.533333333,29.39520722,3.200373099,3.195832857,3.193325011,3.198123368,3.205506078,3.204381912,3.194355696,3.193231683
1,197,39.69619357,99.24048393,2803,25.49393711,2.395246954,6.566666667,26.11804693,3.20525519,3.194221221,3.200479278,3.200990037,3.202496497,3.206866163,3.189896297,3.184710725
1,198,39.6941098,99.23527451,2802,25.61844701,-27.09061133,6.6,27.95273057,3.195460422,3.214412227,3.216177393,3.214649417,3.198456149,3.185743079,3.181255687,3.195087695
1,199,39.69202235,99.23005587,2801,25.60698505,5.759670263,6.633333333,26.87588118,3.198415411,3.210405003,3.206942444,3.201819241,3.192881242,3.192313764,3.202033021,3.205576408
1,200,39.68993122,99.22482804,2800,25.46284356,24.43458634,6.666666667,29.34456551,3.20313505,3.191723216,3.205205341,3.203407288,3.191434669,3.193725432,3.205507968,3.19812394
1,201,39.68783642,99.21959106,2799,25.64293448,20.81287438,6.7,28.05668481,3.212713178,3.204009034,3.19610695,3.199918355,3.200507067,3.194172877,3.192699294,3.205611119
1,202,39.68573798,99.21434494,2798,25.66729414,-27.68800762,6.733333333,29.24213262,3.206762186,3.204830252,3.212122545,3.195665814,3.213394166,3.192792631,3.191898515,3.185920329
1,203,39.68363589,99.20908974,2797,25.72996615,-28.06004242,6.766666667,29.95787877,3.196433637,3.195970221,3.204207498,3.201951128,3.190456213,3.19685819,3.197028304,3.185792142
1,204,39.68153018,99.20382546,2796,25.72645625,-18.54605058,6.8,29.24491344,3.192152426,3.193833491,3.211469,3.201531606,3.20529735,3.188010916,3.209553716,3.210408817
1,205,39.67942086,99.19855214,2795,25.43467968,-11.11402189,6.833333333,28.49161318,3.18401324,3.194357466,3.203966125,3.205155108,3.194572042,3.197556004,3.195220952,3.200883344
1,206,39.67730793,99.19326981,2794,25.487461,-7.323553487,6.866666667,26.20321793,3.209577428,3.193831663,3.208006564,3.193746623,3.193218982,3.206548757,3.207375491,3.206811279
1,207,39.6751914,99.1879785,2793,25.66180423,14.37577735,6.9,27.994985,3.189473621,3.196272392,3.206583909,3.200332335,3.191410457,3.203666544,3.194281542,3.214356199
1,208,39.67307129,99.18267824,2792,25.66165431,-35.46556543,6.933333333,27.04043728,3.212358732,3.204832779,3.210888054,3.200518331,3.2061235,3.211821762,3.201963989,3.197958503
1,209,39.67094762,99.17736905,2791,25.66180572,-37.22618366,6.966666667,27.38068488,3.186363024,3.199334932,3.206587385,3.207565067,3.204034921,3.195669607,3.184185427,3.196038279
1,210,39.66882038,99.17205096,2790,26.06232778,-8.647154964,7,27.32583853,3.197565241,3.197496568,3.204948451,3.215885411,3.200988234,3.198266146,3.197926225,3.200995078
1,211,39.6666896,99.166724,2789,25.66850686,15.77309537,7.033333333,26.23613397,3.19337365,3.200961588,3.203606499,3.201677489,3.203660335,3.203469981,3.185824827,3.205094961
1,212,39.66455528,99.16138819,2788,25.73626788,-24.52517256,7.066666667,24.47679054,3.194631881,3.191233287,3.191164385,3.203468333,3.198219401,3.18654425,3.203824303,3.188483135
1,213,39.66241743,99.15604357,2787,25.71448021,11.3203585,7.1,26.79734251,3.201118571,3.201907991,3.207084617,3.214253478,3.189082589,3.199580209,3.197789318,3.203469997
1,214,39.66027606,99.15069016,2786,25.67816695,-19.21374896,7.133333333,28.34808301,3.20172535,3.19717963,3.196472782,3.191068393,3.207902893,3.203673633,3.207342146,3.197516831
1,215,39.6581312,99.14532799,2785,25.56216769,30.88688871,7.166666667,25.57328132,3.194745316,3.191373479,3.202871341,3.191681654,3.214789305,3.189538859,3.202189281,3.212534838
1,216,39.65598283,99.13995708,2784,25.69107631,31.65519554,7.2,28.02822803,3.204792718,3.20140539,3.192252131,3.188945846,3.206160401,3.212049178,3.1964892,3.190887508
1,217,39.65383098,99.13457746,2783,25.50726097,-16.21702366,7.233333333,31.42048316,3.180334645,3.192153881,3.199090745,3.212792986,3.20538507,3.202440683,3.196799043,3.195334674
1,218,39.65167566,99.12918916,2782,25.57158177,-21.60049968,7.266666667,29.8415018,3.211245181,3.201605908,3.183179194,3.194611683,3.193134272,3.195629888,3.204503285,3.199140441
1,219,39.64951688,99.1237922,2781,25.54175637,-7.095682235,7.3,30.95837472,3.199385077,3.210507785,3.194428311,3.214913596,3.194629539,3.200713586,3.197750371,3.200987353
1,220,39.64735464,99.11838661,2780,25.6098249,-20.75747319,7.333333333,28.70403018,3.203556736,3.203470682,3.193975061,3.191016683,3.220025374,3.196128125,3.2055937,3.18713887
1,221,39.64518896,99.11297241,2779,25.87775903,13.79070746,7.366666667,30.10151768,3.197763098,3.198982405,3.203782521,3.178220367,3.201329125,3.190802068,3.202594766,3.191709366
1,222,39.64301985,99.10754963,2778,25.37592818,26.08517476,7.4,26.69686349,3.193156138,3.197810979,3.191581364,3.196195724,3.190452994,3.185334636,3.208143656,3.18963161
1,223,39.64084732,99.10211829,2777,25.68235122,13.84737047,7.433333333,26.84018752,3.198570553,3.206023129,3.195080447,3.193398673,3.201809905,3.208943471,3.190645478,3.198798817
1,224,39.63867137,99.09667842,2776,25.4064741,25.94803578,7.466666667,23.06954763,3.186140043,3.196854392,3.200273637,3.193163003,3.196344065,3.188734186,3.200616629,3.208445554
1,225,39.63649202,99.09123005,2775,25.54336818,-8.240627023,7.5,30.13506185,3.191222849,3.195018626,3.20402037,3.209696726,3.188054482,3.198649722,3.202265047,3.199183549
1,226,39.63430928,99.08577319,2774,25.73067407,-27.49464234,7.533333333,30.77258316,3.180185663,3.20400872,3.212154691,3.200933294,3.191751152,3.195894982,3.214159305,3.2072797
1,227,39.63212315,99.08030787,2773,25.6077136,19.03607579,7.566666667,27.00428096,3.205120213,3.202851301,3.194710903,3.198395431,3.199376618,3.204396595,3.212071351,3.208946705
1,228,39.62993365,99.07483413,2772,25.47067063,-11.16203959,7.6,27.54288693,3.188644925,3.20179196,3.205894107,3.204950883,3.19496613,3.223312874,3.189783324,3.191334492
1,229,39.62774079,99.06935197,2771,25.51416355,13.70166602,7.633333333,26.6430482,3.201868761,3.216934424,3.193310441,3.197873373,3.208618349,3.199857103,3.197323169,3.204525063
1,230,39.62554457,99.06386143,2770,25.68155173,-18.34848464,7.666666667,28.68877639,3.202180144,3.20824351,3.210331751,3.202456024,3.202333862,3.201712888,3.203913044,3.200441365
1,231,39.62334501,99.05836253,2769,25.512356,-33.50162922,7.7,30.02487858,3.199995132,3.209573017,3.212128929,3.187939576,3.200080169,3.194490445,3.197512228,3.20322013
1,232,39.62114211,99.05285528,2768,25.62597503,39.40654364,7.733333333,24.86301045,3.205355507,3.199102988,3.184693277,3.192279635,3.207171997,3.178076589,3.209499417,3.20416984
1,233,39.61893589,99.04733973,2767,25.60546862,-27.50387937,7.766666667,28.73698936,3.210529409,3.198411447,3.183508757,3.203442901,3.210197225,3.207397774,3.194698468,3.200694089
1,234,39.61672635,99.04181588,2766,25.52180796,39.07367952,7.8,27.50199081,3.19573731,3.193445868,3.207643109,3.190419742,3.192849469,3.191167795,3.18807802,3.201171314
1,235,39.61451351,99.03628377,2765,25.85727329,38.18239461,7.833333333,28.20410991,3.209292024,3.198520986,3.187954018,3.206719556,3.213485614,3.194830061,3.196171566,3.204125285
1,236,39.61229736,99.0307434,2764,25.67607028,23.50544831,7.866666667,28.8261892,3.21297499,3.195841327,3.189340402,3.205051349,3.206392545,3.200049052,3.195534934,3.20795503
1,237,39.61007793,99.02519482,2763,25.35698289,12.75383697,7.9,27.66123561,3.204224288,3.193852516,3.200392758,3.18918634,3.205487124,3.197902131,3.196514313,3.199737004
1,238,39.60785521,99.01963804,2762,25.62237452,6.22456402,7.933333333,27.81354366,3.200322462,3.20715944,3.204728724,3.198748726,3.206109345,3.203205898,3.196587203,3.199002255
1,239,39.60562923,99.01407307,2761,25.52058562,29.28812363,7.966666667,27.6150247,3.198814217,3.204042091,3.197063819,3.196876727,3.215750058,3.207517884,3.193915195,3.204567528
1,240,39.60339998,99.00849996,2760,25.702292,-16.84483827,8,29.74656916,3.200946801,3.203132409,3.201098731,3.209517141,3.202764963,3.19950329,3.208337525,3.20186628
1,241,39.60116748,99.00291871,2759,25.50489751,-2.585503001,8.033333333,28.75376793,3.200971829,3.202512181,3.199251128,3.200073816,3.195306443,3.193990662,3.192011437,3.188864134
1,242,39.59893174,98.99732934,2758,25.58623163,9.551197549,8.066666667,28.39705037,3.192962261,3.198605864,3.200824941,3.197829627,3.181154372,3.212596691,3.208691841,3.203566079
1,243,39.59669276,98.99173189,2757,25.66059847,-7.10476193,8.1,25.7122869,3.215259925,3.192181087,3.215101001,3.192278287,3.201909903,3.189809301,3.200117553,3.203089332
1,244,39.59445055,98.98612637,2756,25.70389062,-5.801083673,8.133333333,27.31855646,3.198762477,3.20571102,3.200792116,3.195820682,3.195465493,3.20648731,3.194770064,3.207323224
1,245,39.59220512,98.98051281,2755,25.45596443,-13.5772266,8.166666667,29.61760449,3.209781694,3.186650289,3.209063411,3.216483382,3.20201603,3.204792673,3.208296043,3.197796141
1,246,39.58995649,98.97489121,2754,25.55985985,5.138545335,8.2,28.06785383,3.201458242,3.189486404,3.20110908,3.203984896,3.204129304,3.208523398,3.193801583,3.195739146
1,247,39.58770465,98.96926162,2753,25.54300656,28.04596224,8.233333333,29.18715665,3.215164059,3.198797373,3.20160027,3.19946392,3.193426553,3.212988234,3.195778389,3.190981716
1,248,39.58544962,98.96362404,2752,25.52160049,-23.87772976,8.266666667,31.17972124,3.196394078,3.183986352,3.1947897,3.192254971,3.204939429,3.194612686,3.207102431,3.211187872
1,249,39.5831914,98.9579785,2751,25.81185451,34.7546431,8.3,29.86949092,3.206249403,3.198276894,3.201128916,3.18780012,3.198929765,3.193116492,3.205554611,3.220582019
1,250,39.58093001,98.95232502,2750,25.64859781,15.1270123,8.333333333,28.16768501,3.203998573,3.184070879,3.197110158,3.200979927,3.200698859,3.194153495,3.201962334,3.190059993
1,251,39.57866545,98.94666362,2749,25.44869393,25.86185701,8.366666667,27.08021949,3.19244073,3.205166381,3.191874694,3.204305693,3.18904429,3.214118607,3.193805841,3.198210667
1,252,39.57639773,98.94099432,2748,25.71014343,4.49525541,8.4,23.40361073,3.202644906,3.1954772,3.201147248,3.204602854,3.207684906,3.206331979,3.198625516,3.198826946
1,253,39.57412685,98.93531714,2747,25.85465874,22.36133611,8.433333333,27.69690714,3.218792868,3.207599113,3.192625411,3.200799905,3.197318855,3.198917326,3.190164039,3.196704614
1,254,39.57185284,98.9296321,2746,25.72389583,-38.70396821,8.466666667,27.41317751,3.214492446,3.20463261,3.180070709,3.209733788,3.208717036,3.197125718,3.205738108,3.193124806
1,255,39.56957569,98.92393922,2745,25.4176756,25.47043398,8.5,28.70265915,3.196237954,3.211988371,3.19782616,3.185042147,3.199493574,3.199371293,3.209586949,3.200114691
1,256,39.56729541,98.91823852,2744,25.54189191,-36.78889127,8.533333333,27.72297059,3.196627342,3.208360449,3.200966322,3.193999819,3.20923998,3.201549294,3.200023408,3.201423267
1,257,39.56501201,98.91253002,2743,25.75202934,31.19307011,8.566666667,27.42330689,3.191434653,3.19577877,3.200028661,3.19844269,3.210179427,3.201739247,3.206839231,3.200075163
1,258,39.5627255,98.90681374,2742,25.51507966,39.35701978,8.6,24.79708193,3.208450308,3.203180222,3.200107364,3.199893735,3.192364491,3.204055326,3.199678362,3.195984064
1,259,39.56043588,98.9010897,2741,25.65325833,-16.47460303,8.633333333,26.30805791,3.208851694,3.189998272,3.196620033,3.20822175,3.202524184,3.199617129,3.202008028,3.201435313
1,260,39.55814317,98.89535793,2740,25.69295609,-23.1745155,8.666666667,28.85797187,3.1878667,3.197205905,3.212932173,3.194725407,3.197453592,3.195667034,3.199303878,3.195335017
1,261,39.55584737,98.88961843,2739,25.48876834,21.22906911,8.7,31.08863374,3.203893932,3.201578507,3.206188381,3.191592471,3.197277276,3.198194219,3.203645175,3.19365423
1,262,39.55354849,98.88387123,2738,25.59285696,-19.75789273,8.733333333,27.82445431,3.20732523,3.209491325,3.192089021,3.196073017,3.195744548,3.22105909,3.196560799,3.213421004
1,263,39.55124654,98.87811634,2737,25.21104792,29.24499065,8.766666667,28.59005993,3.189866944,3.192082792,3.194507164,3.193234486,3.19785681,3.194329774,3.193445267,3.209267776
1,264,39.54894152,98.8723538,2736,25.47707348,-31.77259263,8.8,29.71446068,3.209790349,3.207594372,3.204191992,3.200741945,3.196023754,3.19237474,3.202903966,3.190610957
1,265,39.54663344,98.8665836,2735,25.56969182,-29.92358429,8.833333333,26.54039091,3.192048633,3.209223306,3.215205192,3.203146361,3.208851657,3.198033213,3.189298607,3.204897373
1,266,39.54432231,98.86080579,2734,25.45026602,38.33212441,8.866666667,28.66026528,3.204554315,3.200573348,3.198060996,3.207697685,3.192114136,3.193809755,3.191935148,3.200679784
1,267,39.54200814,98.85502036,2733,25.79588936,13.90711186,8.9,26.66711781,3.191296856,3.194526063,3.194353956,3.197915133,3.188101004,3.20069764,3.209978429,3.201083931
1,268,39.53969094,98.84922735,2732,25.42838303,27.75097795,8.933333333,29.55668399,3.212330569,3.210671985,3.20622188,3.200597487,3.200180003,3.206110398,3.196866635,3.184939834
1,269,39.5373707,98.84342676,2731,25.54719466,-14.05364981,8.966666667,28.27252549,3.203936032,3.190951451,3.19230287,3.200001792,3.199239001,3.188703395,3.201323933,3.207729117
1,270,39.53504745,98.83761863,2730,25.61568887,14.11869996,9,28.53721327,3.190973267,3.210179867,3.187518633,3.216938593,3.196709917,3.201164936,3.184863731,3.199502911
1,271,39.53272118,98.83180295,2729,25.77295279,7.539346185,9.033333333,26.59132252,3.201827857,3.199310703,3.195495351,3.192427484,3.209044213,3.200246457,3.212326019,3.195788141
1,272,39.53039191,98.82597977,2728,25.42769654,8.25200961,9.066666667,29.27265825,3.196521642,3.206524754,3.1870162,3.190292293,3.20877988,3.190624529,3.185447592,3.214948218
1,273,39.52805963,98.82014908,2727,25.73957965,14.60259676,9.1,31.75248326,3.188849459,3.201472955,3.200552682,3.177514973,3.197861464,3.203587306,3.202834475,3.207228165
1,274,39.52572437,98.81431092,2726,25.60122797,6.02873385,9.133333333,26.18575895,3.196900069,3.205700036,3.194485367,3.188716261,3.189618173,3.188303116,3.208076688,3.187883412
1,275,39.52338612,98.80846529,2725,25.48221896,-5.675010456,9.166666667,27.38843379,3.202192311,3.197872606,3.199178811,3.210908858,3.196492581,3.204892812,3.200300507,3.198783849
1,276,39.52104489,98.80261222,2724,25.65545242,-17.92618445,9.2,28.41689345,3.218399753,3.188469266,3.210313055,3.205251253,3.1961638,3.213034548,3.185215119,3.195825867
1,277,39.51870069,98.79675172,2723,25.62388716,21.48650647,9.233333333,29.41553118,3.190332142,3.203296668,3.191095487,3.203464512,3.198508509,3.196165168,3.203109178,3.197851027
1,278,39.51635353,98.79088381,2722,25.52797397,-21.8982056,9.266666667,26.99281669,3.191290921,3.222410984,3.196102663,3.182259127,3.19326321,3.189861786,3.206609165,3.202573221
1,279,39.5140034,98.78500851,2721,25.60837625,15.38834449,9.3,22.90054548,3.203189702,3.19703982,3.197765198,3.197032551,3.199350455,3.206682667,3.202688603,3.204000903
1,280,39.51165033,98.77912584,2720,25.55376237,-21.33337419,9.333333333,30.44654109,3.203996471,3.207075539,3.2023052,3.202870785,3.20951045,3.194679633,3.193154059,3.190512627
1,281,39.50929432,98.7732358,2719,25.61362208,10.0264136,9.366666667,29.36891102,3.201463317,3.185170142,3.203697233,3.199126455,3.209077118,3.194624662,3.198373454,3.208977627
1,282,39.50693537,98.76733843,2718,25.67945568,19.76626137,9.4,24.86269445,3.211065085,3.194558781,3.20145425,3.202355352,3.202989227,3.197899395,3.210251067,3.184882372
1,283,39.50457349,98.76143373,2717,25.79032202,-22.50288889,9.433333333,26.90637617,3.196630958,3.203583446,3.203657798,3.210822072,3.209585803,3.197715667,3.21039897,3.194287666
1,284,39.50220869,98.75552172,2716,25.45146214,-35.20453593,9.466666667,30.82272837,3.207447099,3.21448418,3.209719553,3.200846163,3.19734577,3.18777127,3.202484317,3.191078262
1,285,39.49984097,98.74960243,2715,25.855964,-29.52210056,9.5,30.60603355,3.193654923,3.190474034,3.196316861,3.199776245,3.202188917,3.195195947,3.20855427,3.198334358
1,286,39.49747034,98.74367586,2714,25.36574946,8.479757382,9.533333333,29.68955204,3.193698221,3.201810338,3.215708423,3.202681285,3.197097155,3.187780309,3.198244701,3.201879425
1,287,39.49509681,98.73774203,2713,25.58178579,27.9557125,9.566666667,27.68299762,3.196899353,3.186676923,3.193195477,3.211636308,3.211472008,3.192906887,3.205382054,3.190571418
1,288,39.49272038,98.73180096,2712,25.67059806,-36.4002543,9.6,28.14937735,3.21123453,3.201961887,3.207597132,3.186279253,3.205421097,3.199938607,3.206815433,3.207318942
1,289,39.49034107,98.72585267,2711,25.63371902,18.73210072,9.633333333,27.76433355,3.200526278,3.195193363,3.206237569,3.199518764,3.19301772,3.192638782,3.188182685,3.195917671
1,290,39.48795887,98.71989717,2710,25.52527606,-12.69450832,9.666666667,30.03083161,3.208821536,3.201422638,3.195761858,3.206438848,3.193340187,3.200762802,3.198562957,3.206233045
1,291,39.48557379,98.71393448,2709,25.57502533,-1.717730406,9.7,26.42348367,3.187382173,3.193198418,3.186894035,3.197923226,3.20969142,3.195956422,3.195914528,3.206973795
1,292,39.48318584,98.70796461,2708,25.54083989,34.30876399,9.733333333,26.54956062,3.208548396,3.199291431,3.205477719,3.191384364,3.211023795,3.21718965,3.204169726,3.183325347
1,293,39.48079503,98.70198758,2707,25.52927623,-13.44227962,9.766666667,29.81849426,3.195534158,3.204902603,3.196628136,3.210177588,3.204705258,3.194348196,3.200258118,3.192849334
1,294,39.47840136,98.69600341,2706,25.70195225,-2.773045285,9.8,27.92014938,3.198539321,3.195563254,3.209398094,3.216928096,3.188550493,3.18461427,3.198038621,3.187852674
1,295,39.47600484,98.69001211,2705,25.64284186,-38.90540682,9.833333333,30.48124124,3.200369693,3.205991489,3.211953135,3.201611156,3.198454758,3.184172921,3.200209481,3.200570298
1,296,39.47360548,98.68401369,2704,25.51685085,-33.4721024,9.866666667,26.79127803,3.205111655,3.194332095,3.196519579,3.188175982,3.181669658,3.191132023,3.187437393,3.202693698
1,297,39.47120327,98.67800818,2703,25.70795199,-19.31267271,9.9,27.90139895,3.195854928,3.195694103,3.192124696,3.174139477,3.212066486,3.191997836,3.196700639,3.188360863
1,298,39.46879824,98.67199559,2702,25.63687594,-37.77182073,9.933333333,26.33965663,3.207775443,3.201147431,3.193389078,3.196862163,3.213425439,3.199416245,3.198546132,3.192468948
1,299,39.46639037,98.66597593,2701,25.69754345,10.51002608,9.966666667,28.01325283,3.184843351,3.198719691,3.202603881,3.208796676,3.182012028,3.190999229,3.195354071,3.199972153
1,300,39.46397969,98.65994922,2700,25.67555546,-5.888131456,10,25.33861551,3.19883973,3.199026491,3.203264768,3.192773655,3.207473132,3.20346762,3.197441342,3.212807264
1,301,39.46156619,98.65391548,2699,25.5005206,3.851616218,10.03333333,27.12225984,3.212451328,3.207463163,3.175851546,3.212631561,3.206358068,3.216051269,3.209899717,3.212626741
1,302,39.45914989,98.64787472,2698,25.53277828,-26.02822513,10.06666667,25.41474304,3.207029239,3.210789546,3.21595299,3.201732438,3.187422156,3.197540313,3.203119565,3.200599101
1,303,39.45673078,98.64182695,2697,25.68967523,-16.32543765,10.1,29.24906182,3.190027504,3.186951459,3.194070699,3.206461916,3.212642718,3.207332541,3.208459418,3.199353475
1,304,39.45430888,98.63577219,2696,25.67324443,13.10595799,10.13333333,29.28986081,3.18606334,3.196358235,3.197929885,3.19602358,3.200437559,3.203531358,3.206824122,3.197775041
1,305,39.45188418,98.62971046,2695,25.59749181,37.22421789,10.16666667,24.88552709,3.184769925,3.196136978,3.200349683,3.209782463,3.195457537,3.204100349,3.202320703,3.200351204
1,306,39.4494567,98.62364176,2694,25.61407929,-35.96665811,10.2,30.40099434,3.207444267,3.19471327,3.195398508,3.199904793,3.194878828,3.204064098,3.194294462,3.201810434
1,307,39.44702645,98.61756612,2693,25.75331979,31.23074567,10.23333333,32.49534723,3.199198618,3.201719408,3.196322069,3.197287294,3.200768074,3.201616596,3.199966385,3.213642899
1,308,39.44459342,98.61148355,2692,25.52901143,6.150496105,10.26666667,28.0828115,3.192074105,3.19948637,3.187410968,3.202976652,3.191078028,3.197773518,3.197023485,3.202247129
1,309,39.44215763,98.60539407,2691,25.66565169,5.11356534,10.3,26.84599433,3.195577673,3.195237554,3.211486852,3.202276534,3.195511593,3.197993331,3.21316284,3.198118681
1,310,39.43971907,98.59929768,2690,25.57573688,0.022282817,10.33333333,33.08379506,3.194485787,3.194520031,3.195606988,3.195244018,3.189762817,3.191006399,3.193365437,3.204732568
1,311,39.43727776,98.59319441,2689,25.57387826,-34.44847313,10.36666667,25.6258567,3.196950102,3.198342706,3.210160704,3.210360057,3.197743,3.194953092,3.193084557,3.205542206
1,312,39.4348337,98.58708426,2688,25.73185322,-32.80985186,10.4,28.03619164,3.198362342,3.196908041,3.193490683,3.193842669,3.202560466,3.189476494,3.20795895,3.195729243
1,313,39.4323869,98.58096726,2687,25.69904996,8.072960453,10.43333333,28.32332009,3.198802912,3.189304176,3.199901072,3.197373432,3.199599355,3.211773671,3.201421584,3.193642727
1,314,39.42993736,98.57484341,2686,25.69762116,-12.72331429,10.46666667,30.42126572,3.194309441,3.204761049,3.210389546,3.202255344,3.205509702,3.204877902,3.211352515,3.184403279
1,315,39.42748509,98.56871273,2685,25.75665746,33.38144533,10.5,28.64753016,3.205337752,3.207869888,3.18929021,3.192914655,3.193193738,3.194169678,3.196146264,3.201940823
1,316,39.42503009,98.56257524,2684,25.60252046,-7.472757011,10.53333333,27.10245899,3.206925397,3.208650536,3.193297416,3.193242376,3.210526575,3.205173951,3.200662919,3.203786693
1,317,39.42257238,98.55643094,2683,25.68183436,-28.5374833,10.56666667,26.28786813,3.19976157,3.204196677,3.197311466,3.202150439,3.187915632,3.194497726,3.194583911,3.19700488
1,318,39.42011194,98.55027986,2682,25.56276799,17.17750668,10.6,27.38472072,3.192587894,3.195731651,3.187884688,3.204389604,3.199339892,3.186358339,3.193321361,3.202692811
1,319,39.4176488,98.544122,2681,25.63889996,-16.53172628,10.63333333,26.18753075,3.195655824,3.194424468,3.199403259,3.20274878,3.18850918,3.204401028,3.193597654,3.199856576
1,320,39.41518295,98.53795738,2680,25.58438283,2.037624588,10.66666667,28.08608558,3.199716639,3.195783471,3.191810722,3.197714508,3.213002642,3.1891066,3.213538504,3.197922231
1,321,39.41271441,98.53178602,2679,25.61163952,15.82662284,10.7,26.98444688,3.200282971,3.191306314,3.193829845,3.195976723,3.19163444,3.198328656,3.196743873,3.214806249
1,322,39.41024317,98.52560793,2678,25.67141884,32.0211289,10.73333333,25.31073197,3.190672207,3.200821524,3.20198277,3.191437436,3.20549462,3.196813384,3.180060883,3.205278797
1,323,39.40776924,98.51942311,2677,25.50181352,23.37529558,10.76666667,30.25926242,3.191064473,3.1916178,3.205503217,3.197222708,3.207342177,3.209681329,3.194840572,3.2063461
1,324,39.40529264,98.51323159,2676,25.85108647,14.10888543,10.8,27.10418946,3.193956314,3.217864927,3.194456344,3.2082087,3.20675032,3.202528703,3.194635655,3.19878882
1,325,39.40281335,98.50703338,2675,25.47927791,14.37065459,10.83333333,25.71735375,3.182771295,3.20179536,3.202796923,3.201067995,3.176213551,3.189874908,3.194015272,3.202333271
1,326,39.4003314,98.50082849,2674,25.45429737,35.67397152,10.86666667,27.69713356,3.202314711,3.19863821,3.205081964,3.191790061,3.20488188,3.203797937,3.203020438,3.198543677
1,327,39.39784677,98.49461693,2673,25.7389733,-16.3340722,10.9,28.12306882,3.214645951,3.203945566,3.192253313,3.201986444,3.206019867,3.195295131,3.208714178,3.20305627
1,328,39.39535949,98.48839872,2672,25.69499952,-39.91103246,10.93333333,24.85635989,3.181260173,3.202397376,3.196751767,3.204297439,3.207553719,3.201561296,3.213322018,3.198570345
1,329,39.39286955,98.48217388,2671,25.67489438,-18.24363525,10.96666667,28.5969658,3.204998543,3.206439541,3.199221232,3.206230194,3.195242616,3.196619453,3.18950009,3.201931273
1,330,39.39037696,98.4759424,2670,25.67540146,-22.56868963,11,26.11511638,3.202602013,3.209434105,3.20632912,3.197721636,3.190574563,3.203462803,3.208886025,3.20604148
1,331,39.38788173,98.46970432,2669,25.59853039,12.94676681,11.03333333,31.07985186,3.20867582,3.198304884,3.196267048,3.194104789,3.199552828,3.199371274,3.201653421,3.19896562
1,332,39.38538385,98.46345963,2668,25.49232948,10.69692798,11.06666667,28.94312892,3.198930978,3.193786448,3.207532952,3.200612144,3.198604449,3.194020566,3.189344695,3.210463714
1,333,39.38288335,98.45720836,2667,25.60909655,7.476910616,11.1,27.28018002,3.20443711,3.187008657,3.206105138,3.207379849,3.200995009,3.212784887,3.201733757,3.188665412
1,334,39.38038021,98.45095052,2666,25.51874059,-38.70052454,11.13333333,26.65869801,3.202921352,3.201959178,3.195173625,3.204588471,3.186658678,3.207924535,3.192975026,3.192120431
1,335,39.37787444,98.44468611,2665,25.71701437,18.30224436,11.16666667,27.81105813,3.199089402,3.203463783,3.201311393,3.194058727,3.195951286,3.190935661,3.198202561,3.20860017
1,336,39.37536606,98.43841516,2664,25.58235311,-14.117567,11.2,29.10302333,3.199965896,3.206875314,3.211643211,3.195295852,3.198507414,3.217369543,3.211554747,3.186620764
1,337,39.37285507,98.43213767,2663,25.50094034,13.20447912,11.23333333,27.95411057,3.203097187,3.20000448,3.206611625,3.19404017,3.193283133,3.194591434,3.195424572,3.206522593
1,338,39.37034146,98.42585365,2662,25.5614337,4.52627428,11.26666667,27.60911415,3.190550391,3.195019089,3.185687901,3.208056943,3.210168241,3.197383413,3.197616405,3.203625775
1,339,39.36782525,98.41956313,2661,25.64955177,-12.58152597,11.3,28.10506652,3.211795856,3.203268886,3.194419664,3.187049419,3.19107899,3.200585756,3.19475738,3.201559742
1,340,39.36530644,98.41326611,2660,25.53235305,-29.23389863,11.33333333,26.91305392,3.195576608,3.191534829,3.190583747,3.212498836,3.207111902,3.213844144,3.204319607,3.196560069
1,341,39.36278504,98.4069626,2659,25.50133355,-32.44648819,11.36666667,27.38222933,3.210586727,3.199735456,3.201766734,3.199657405,3.176424766,3.21283788,3.203928032,3.202638584
1,342,39.36026105,98.40065262,2658,25.62924247,26.52146665,11.4,24.24557361,3.199505792,3.201307423,3.195221769,3.204932635,3.189543213,3.201488547,3.204492588,3.198410647
1,343,39.35773447,98.39433618,2657,25.62939599,33.47180337,11.43333333,29.75270722,3.202966942,3.192069325,3.192273386,3.201893737,3.205428397,3.185001075,3.204176165,3.195654388
1,344,39.35520531,98.38801328,2656,25.53916682,11.98304374,11.46666667,28.537836,3.198457551,3.189283857,3.193187062,3.207729003,3.200262907,3.196937773,3.199068093,3.203913695
1,345,39.35267358,98.38168396,2655,25.5434754,-31.72527081,11.5,26.60777948,3.203523956,3.199399784,3.208743673,3.207763701,3.203306976,3.200436894,3.205258569,3.202514139
1,346,39.35013928,98.37534821,2654,25.62784599,-7.837822649,11.53333333,31.41772297,3.208486401,3.207196491,3.191853969,3.191312295,3.194390004,3.20780911,3.187389528,3.203158059
1,347,39.34760242,98.36900604,2653,25.42622988,18.31513601,11.56666667,28.15662966,3.202900345,3.209301184,3.20144271,3.189254325,3.19232516,3.190544036,3.195696448,3.198536787
1,348,39.34506299,98.36265748,2652,25.43110435,22.38567072,11.6,26.13494157,3.190676468,3.211765296,3.189397749,3.210768827,3.209481304,3.20718642,3.194449867,3.202739607
1,349,39.34252101,98.35630253,2651,25.51378669,-30.54251022,11.63333333,29.54212736,3.189781031,3.207287256,3.199408122,3.196725438,3.190210041,3.180179951,3.191691673,3.208902386
1,350,39.33997648,98.3499412,2650,25.57438634,-39.99754249,11.66666667,28.71648679,3.196777333,3.198645369,3.205244435,3.214445351,3.210600037,3.19222132,3.184459435,3.218876914
1,351,39.3374294,98.34357351,2649,25.63730891,16.97096367,11.7,28.71024397,3.218151933,3.201507629,3.189836094,3.207705812,3.199136131,3.199096151,3.207155671,3.202674998
1,352,39.33487978,98.33719946,2648,25.77704275,-11.47230592,11.73333333,27.23363991,3.190513481,3.197402065,3.205289223,3.204082018,3.202096133,3.207467384,3.197106264,3.201429358
1,353,39.33232763,98.33081907,2647,25.70291915,-19.64149347,11.76666667,28.8108923,3.172995367,3.196402798,3.206111223,3.196876844,3.196270181,3.191668376,3.208026927,3.204387706
1,354,39.32977294,98.32443236,2646,25.58080738,-38.96820242,11.8,27.52883508,3.206603317,3.186190288,3.1987164,3.197759112,3.197755426,3.19507178,3.197231166,3.206797158
1,355,39.32721573,98.31803933,2645,25.59771806,3.223952541,11.83333333,29.00069461,3.184697189,3.214218358,3.203870729,3.199661345,3.207254673,3.188385322,3.194682393,3.199031397
1,356,39.32465599,98.31163999,2644,25.47969648,28.09205883,11.86666667,24.57109998,3.210924483,3.199628027,3.203600437,3.195283368,3.203894737,3.213417917,3.207964214,3.199348352
1,357,39.32209374,98.30523435,2643,25.59777842,36.6105317,11.9,27.21902777,3.205403927,3.204620136,3.204052701,3.208895627,3.208835822,3.198982731,3.205135032,3.196935241
1,358,39.31952897,98.29882243,2642,25.56536096,5.259596049,11.93333333,31.09987918,3.192615421,3.19784405,3.199389775,3.186707352,3.20688266,3.177861397,3.221718536,3.212015033
1,359,39.3169617,98.29240425,2641,25.63872623,1.156906219,11.96666667,26.61927858,3.19791193,3.200075411,3.202423775,3.195286717,3.201540953,3.198848,3.199245818,3.201451689
1,360,39.31439192,98.2859798,2640,25.50073229,-33.19548916,12,26.91309106,3.189491778,3.200316558,3.201307582,3.201030797,3.198273354,3.209102862,3.19717078,3.201818607
1,361,39.31181964,98.2795491,2639,25.66232158,3.909824123,12.03333333,27.19366959,3.21037838,3.199364991,3.201715706,3.199228923,3.209898958,3.197938204,3.210266837,3.199171297
1,362,39.30924486,98.27311216,2638,25.78392867,-9.601673683,12.06666667,25.81334896,3.193124322,3.205434985,3.197562657,3.204964007,3.178164765,3.200041642,3.196323158,3.191493931
1,363,39.3066676,98.266669,2637,25.58694878,8.570822471,12.1,24.0250946,3.195574072,3.195410375,3.199616114,3.189061388,3.20253019,3.210929718,3.202247428,3.206471909
1,364,39.30408785,98.26021962,2636,25.64820541,-8.90189217,12.13333333,27.58494448,3.2087565,3.209891916,3.21496111,3.196006384,3.194252128,3.206267725,3.20566613,3.206205402
1,365,39.30150562,98.25376404,2635,25.68281728,-20.77607012,12.16666667,28.24454696,3.21511426,3.200090959,3.203409252,3.192156894,3.217082569,3.197307641,3.197534273,3.197226001
1,366,39.2989209,98.24730226,2634,25.55185354,-32.40277798,12.2,27.90549088,3.194840833,3.194164504,3.195810366,3.189073633,3.193717457,3.215591705,3.205885241,3.207407233
1,367,39.29633372,98.2408343,2633,25.6268911,-14.80652443,12.23333333,27.73921859,3.20941767,3.214673077,3.18582862,3.190160935,3.193570211,3.196242162,3.197595445,3.19642418
1,368,39.29374407,98.23436017,2632,25.60151109,-32.26841326,12.26666667,28.07747357,3.201754471,3.200282363,3.194217322,3.18259561,3.19205705,3.195606091,3.198023365,3.19096266
1,369,39.29115195,98.22787989,2631,25.61172113,-25.84824393,12.3,29.84111465,3.196073548,3.190952101,3.198993445,3.191415269,3.193208763,3.189530527,3.198771994,3.193068418
1,370,39.28855738,98.22139345,2630,25.50723883,38.98689269,12.33333333,27.65719687,3.207254274,3.203246802,3.199441185,3.193620116,3.203044162,3.205525607,3.201141507,3.212829615
1,371,39.28596035,98.21490087,2629,25.60294122,-4.471715447,12.36666667,26.96665136,3.203677099,3.207308858,3.201068523,3.205405316,3.19362575,3.196332813,3.202794908,3.202736796
1,372,39.28336086,98.20840216,2628,25.65975979,2.54974132,12.4,27.49397413,3.204060895,3.208803143,3.188600231,3.19220438,3.201836581,3.194205091,3.227022146,3.204125757
1,373,39.28075894,98.20189734,2627,25.77413723,29.8894823,12.43333333,29.04282417,3.199373353,3.195876246,3.196158702,3.200241125,3.200895855,3.196346407,3.197814782,3.210754277
1,374,39.27815456,98.19538641,2626,25.7151125,39.64551204,12.46666667,30.54164838,3.21107604,3.202016272,3.189269922,3.204308025,3.21243426,3.210958249,3.205875407,3.211379384
1,375,39.27554775,98.18886938,2625,25.85838189,6.617155948,12.5,26.86934127,3.200427074,3.205024824,3.194553795,3.202338124,3.210636274,3.195284613,3.193108453,3.200779912
1,376,39.27293851,98.18234627,2624,25.50791829,24.99790568,12.53333333,28.17808082,3.198186702,3.205193182,3.196373924,3.213747517,3.189682591,3.210029878,3.193881206,3.185632138
1,377,39.27032683,98.17581709,2623,25.70467848,-13.84471805,12.56666667,28.6090434,3.201903001,3.197963136,3.191123125,3.186548985,3.199933114,3.207806695,3.204679628,3.200453653
1,378,39.26771273,98.16928184,2622,25.62200104,-15.5404834,12.6,26.21335959,3.203830781,3.199782287,3.188562206,3.188632848,3.198374652,3.198714774,3.206807861,3.206058434
1,379,39.26509621,98.16274053,2621,25.86277635,-7.78370232,12.63333333,28.0367509,3.204841064,3.197757738,3.188954783,3.203296569,3.204201355,3.180891748,3.193325295,3.194471565
1,380,39.26247727,98.15619318,2620,25.50300421,13.80058101,12.66666667,25.36178706,3.200946802,3.193573117,3.199694923,3.19831572,3.198726804,3.194268846,3.19488812,3.191357864
1,381,39.25985592,98.1496398,2619,25.49923338,14.57533514,12.7,24.81570945,3.20304054,3.204568821,3.193835056,3.212165121,3.197483188,3.212241485,3.194862983,3.183787378
1,382,39.25723216,98.1430804,2618,25.52807288,-14.78084523,12.73333333,28.66014353,3.203217583,3.201988361,3.20027515,3.19486214,3.199723422,3.195909924,3.197581203,3.206733058
1,383,39.25460599,98.13651498,2617,25.34513251,-29.34320607,12.76666667,27.30902547,3.201473738,3.204879611,3.198145052,3.197263861,3.19077214,3.197039707,3.173431084,3.195278224
1,384,39.25197742,98.12994356,2616,25.5369094,10.59170052,12.8,28.36410473,3.199345007,3.204509389,3.197850577,3.202781388,3.182561691,3.199545305,3.186563978,3.190333572
1,385,39.24934646,98.12336615,2615,25.50890408,-29.73393102,12.83333333,27.96778904,3.198502676,3.210210112,3.202969654,3.200145848,3.199843757,3.194290969,3.195648133,3.203419008
1,386,39.2467131,98.11678276,2614,25.61804725,6.279400658,12.86666667,26.24247991,3.188917116,3.204744432,3.196891943,3.206604457,3.207688748,3.186615328,3.195347354,3.193155778
1,387,39.24407736,98.11019339,2613,25.64101072,15.47377024,12.9,27.91854226,3.185498176,3.191739734,3.219530047,3.204876079,3.215338304,3.206632788,3.194065255,3.19694583
1,388,39.24143922,98.10359806,2612,25.8251405,16.04891971,12.93333333,25.78041765,3.204707489,3.20350005,3.195381264,3.187920055,3.226302089,3.198870803,3.197394089,3.200906676
1,389,39.23879871,98.09699678,2611,25.71405086,20.27776885,12.96666667,30.50375024,3.198058171,3.200981831,3.210295578,3.199003612,3.190698316,3.19870685,3.196284786,3.211391191
1,390,39.23615582,98.09038956,2610,25.53077156,29.82875373,13,25.55925338,3.209368953,3.2008602,3.189770113,3.190192862,3.200120986,3.202690584,3.197003017,3.196158643
1,391,39.23351056,98.08377641,2609,25.49219024,-0.003280643,13.03333333,27.64758651,3.195257606,3.199812848,3.180937901,3.191189387,3.194983593,3.209660026,3.193489491,3.201443745
1,392,39.23086293,98.07715733,2608,25.6590303,18.41993516,13.06666667,26.12391114,3.201812342,3.210383332,3.210100619,3.199539976,3.196196122,3.194689335,3.198071494,3.196527733
1,393,39.22821294,98.07053234,2607,25.44157202,9.533818829,13.1,29.02675811,3.204429019,3.203362479,3.20473441,3.21007427,3.214902953,3.200997307,3.20879571,3.197186719
1,394,39.22556058,98.06390145,2606,25.81977505,-25.06880482,13.13333333,27.40342353,3.209480056,3.208492073,3.208067328,3.200752559,3.194653135,3.188843772,3.199679702,3.2122641
1,395,39.22290586,98.05726466,2605,25.74153281,-37.94482841,13.16666667,27.0663999,3.197521241,3.206281013,3.206751611,3.19773051,3.210530759,3.176730714,3.190217998,3.192674942
1,396,39.2202488,98.05062199,2604,25.54369892,-17.23668915,13.2,29.53576278,3.19344228,3.202690104,3.202320302,3.203151925,3.204768652,3.192399163,3.190254591,3.203170557
1,397,39.21758938,98.04397345,2603,25.39442386,-4.557303493,13.23333333,28.05297507,3.194958143,3.1874362,3.207770754,3.211160815,3.212457287,3.201496062,3.205007457,3.210958946
1,398,39.21492762,98.03731905,2602,25.76246468,9.368475554,13.26666667,28.92996,3.194868674,3.208885421,3.20220317,3.207309693,3.201488744,3.210370054,3.20178819,3.188128168
1,399,39.21226351,98.03065879,2601,25.58625522,27.99674644,13.3,26.23361331,3.211615413,3.192419754,3.210024466,3.199278057,3.209408088,3.209078149,3.203441144,3.204068283
1,400,39.20959707,98.02399268,2600,25.74853796,-24.30034266,13.33333333,25.4713295,3.203381029,3.183889402,3.200946642,3.191071487,3.201369497,3.19085646,3.190520384,3.212839476
1,401,39.2069283,98.01732074,2599,25.40866868,-29.95601681,13.36666667,28.19297433,3.208555579,3.199966859,3.201478149,3.198016672,3.204559011,3.194591565,3.207949922,3.197975305
1,402,39.20425719,98.01064297,2598,25.528075,37.0783958,13.4,27.42607656,3.196641224,3.200173704,3.195270825,3.202629459,3.195701099,3.203748189,3.209728052,3.194245427
1,403,39.20158376,98.00395939,2597,25.60062924,-31.35643525,13.43333333,29.12758241,3.198955396,3.203690646,3.196513141,3.203714564,3.204443191,3.208666094,3.19515208,3.192457798
1,404,39.198908,97.99727,2596,25.60563767,-1.720714391,13.46666667,27.85616479,3.197539381,3.192257981,3.204515986,3.19070599,3.218664131,3.210367423,3.200100606,3.206939156
1,405,39.19622992,97.99057481,2595,25.54599214,6.845098303,13.5,28.36913561,3.186905585,3.220186987,3.195278283,3.199036021,3.185152534,3.203890298,3.191149247,3.200813246
1,406,39.19354953,97.98387383,2594,25.67474199,3.309953673,13.53333333,25.07791145,3.195645805,3.191378049,3.193565108,3.201806304,3.189748072,3.194009507,3.205306187,3.220819839
1,407,39.19086683,97.97716708,2593,25.47188555,-33.11742744,13.56666667,31.39918649,3.203820711,3.192661907,3.197063087,3.200252712,3.1972046,3.207224465,3.201739788,3.207262819
1,408,39.18818182,97.97045455,2592,25.58291446,-35.43784688,13.6,27.70436443,3.19748445,3.210604002,3.198668115,3.192230481,3.217418563,3.185400178,3.19409009,3.194983777
1,409,39.18549451,97.96373627,2591,25.61443548,-31.5613258,13.63333333,29.25565655,3.22006645,3.214454871,3.211951425,3.197354731,3.219409424,3.202946816,3.207818107,3.201437563
1,410,39.18280489,97.95701223,2590,25.66173266,6.84701471,13.66666667,26.49503499,3.199604267,3.197985771,3.19832288,3.204867933,3.202937598,3.199748229,3.212076192,3.176265975
1,411,39.18011298,97.95028245,2589,25.68539379,3.547591011,13.7,28.55441782,3.204079098,3.20574191,3.209175703,3.199481028,3.201663361,3.207887587,3.211929331,3.197595712
1,412,39.17741877,97.94354693,2588,25.46504295,-21.30073664,13.73333333,25.65487943,3.202135806,3.213428592,3.183007783,3.194479899,3.211726688,3.208740303,3.204179562,3.196411225
1,413,39.17472228,97.93680569,2587,25.4159063,11.02193135,13.76666667,28.81372211,3.192945452,3.195270275,3.212384066,3.194972458,3.200811384,3.193970339,3.206742192,3.19569019
1,414,39.1720235,97.93005874,2586,25.75332122,25.60540016,13.8,27.35924665,3.199219249,3.186532943,3.187093054,3.200061386,3.189398743,3.216840693,3.183507815,3.193598598
1,415,39.16932243,97.92330608,2585,25.63987768,-36.67368321,13.83333333,28.05254291,3.200133607,3.197078936,3.191166836,3.192336577,3.192074767,3.197706226,3.215615433,3.200623498
1,416,39.16661909,97.91654772,2584,25.51018162,-0.149604516,13.86666667,29.25635325,3.209463204,3.204055811,3.208910899,3.177600286,3.197564336,3.210457083,3.195426113,3.214099785
1,417,39.16391347,97.90978368,2583,25.78613824,15.14483297,13.9,25.78142744,3.211871121,3.196246954,3.195974692,3.191891153,3.194963246,3.190139287,3.203430489,3.188351628
1,418,39.16120558,97.90301395,2582,25.61388096,-19.81504583,13.93333333,26.76791488,3.204829864,3.20502463,3.186710365,3.212398549,3.204108874,3.205997584,3.193930678,3.204979033
1,419,39.15849542,97.89623855,2581,25.74151566,-15.37832758,13.96666667,28.82318371,3.209011148,3.199211133,3.21601538,3.200352517,3.209126286,3.20234407,3.204684172,3.186629342
1,420,39.155783,97.8894575,2580,25.60810222,9.091032239,14,31.77679865,3.20296843,3.194120199,3.193228814,3.213952825,3.198289838,3.191973585,3.197126947,3.189596398
1,421,39.15306831,97.88267078,2579,25.84728975,31.83482348,14.03333333,27.7514518,3.211471076,3.194434554,3.204234399,3.210848854,3.195998779,3.204256179,3.191759312,3.219566157
1,422,39.15035137,97.87587843,2578,25.8106409,24.79395362,14.06666667,29.06404501,3.207491041,3.198459148,3.19381733,3.199088028,3.19728013,3.215623556,3.190195722,3.201078411
1,423,39.14763217,97.86908044,2577,25.5701243,6.650417528,14.1,27.80745135,3.199853295,3.199060718,3.199131067,3.199071434,3.206984529,3.204871876,3.203351293,3.175728085
1,424,39.14491073,97.86227682,2576,25.71658851,18.41773742,14.13333333,31.49604207,3.202398359,3.186754885,3.205170561,3.211795979,3.192590087,3.197905754,3.195205154,3.209883454
1,425,39.14218703,97.85546758,2575,25.67744511,-10.81420238,14.16666667,24.855001,3.200760223,3.213826635,3.203310034,3.201939601,3.200545654,3.206543937,3.18609851,3.200682752
1,426,39.13946109,97.84865273,2574,25.76423579,11.27724225,14.2,28.17031788,3.199439628,3.205803351,3.198498387,3.191690125,3.200058805,3.191337276,3.184597902,3.20581698
1,427,39.13673291,97.84183228,2573,25.48420918,-2.70547271,14.23333333,25.07402074,3.204632493,3.203736728,3.210423427,3.194679745,3.188551087,3.199439762,3.197219998,3.193261634
1,428,39.1340025,97.83500624,2572,25.68232618,-24.80510908,14.26666667,23.48817117,3.199361207,3.195107159,3.185311958,3.196470586,3.190908999,3.201853185,3.194751722,3.208893052
1,429,39.13126985,97.82817461,2571,25.72701094,16.13906191,14.3,28.5354317,3.212830929,3.205435051,3.187591791,3.212041568,3.212605764,3.200150324,3.210583409,3.195586599
1,430,39.12853496,97.82133741,2570,25.38895126,4.517170988,14.33333333,28.25109603,3.185070033,3.193917724,3.213834407,3.188071361,3.19999617,3.200273151,3.195896206,3.196451827
1,431,39.12579786,97.81449464,2569,25.45800898,-11.31027344,14.36666667,27.48729351,3.200577993,3.195502701,3.188623532,3.201720256,3.208586933,3.20695658,3.193522116,3.189990177
1,432,39.12305853,97.80764631,2568,25.35529214,32.90713521,14.4,27.80885064,3.197726497,3.212542332,3.205164785,3.205631717,3.207118856,3.203366133,3.200964868,3.205298455
1,433,39.12031697,97.80079243,2567,25.56767118,-38.32527057,14.43333333,33.57693898,3.195630671,3.188684296,3.205783975,3.209901905,3.191054144,3.206575372,3.213446126,3.19998203
1,434,39.11757321,97.79393301,2566,25.68610507,-14.7381479,14.46666667,27.53528475,3.193455983,3.200984149,3.195595728,3.195066159,3.203465473,3.187170164,3.188448569,3.200154327
1,435,39.11482722,97.78706806,2565,25.78028285,-35.44948818,14.5,28.91822385,3.199821532,3.202748437,3.215001803,3.200836112,3.204785377,3.192195737,3.206143501,3.195788873
1,436,39.11207903,97.78019758,2564,25.60889137,21.3221853,14.53333333,26.83114332,3.200571367,3.199129211,3.208263794,3.189520188,3.181734091,3.198292538,3.20374825,3.201218155
1,437,39.10932863,97.77332158,2563,25.79543387,16.16859633,14.56666667,28.53141864,3.209857634,3.203498981,3.195489213,3.181396639,3.198101502,3.208223672,3.196863618,3.200226562
1,438,39.10657603,97.76644007,2562,25.43438783,-13.4918225,14.6,27.57117938,3.203370882,3.191877661,3.204985887,3.213096974,3.198617493,3.190967485,3.199467192,3.182204927
1,439,39.10382122,97.75955306,2561,25.39559411,14.05303218,14.63333333,27.26106673,3.202695226,3.203618195,3.21340509,3.198448042,3.203267883,3.193109695,3.197148583,3.187798517
1,440,39.10106422,97.75266056,2560,25.59333428,-8.325021904,14.66666667,31.27401736,3.198441683,3.197557527,3.202393598,3.195011225,3.200666763,3.19733296,3.197348005,3.200642899
1,441,39.09830503,97.74576257,2559,25.64608785,20.50030331,14.7,30.11893293,3.200324184,3.206089392,3.199034856,3.197200917,3.19855354,3.194282687,3.197120711,3.21624927
1,442,39.09554364,97.73885911,2558,25.59607663,-3.665306981,14.73333333,28.24614397,3.19269857,3.197770749,3.196900091,3.198022627,3.197350086,3.202233921,3.186318599,3.208297372
1,443,39.09278007,97.73195017,2557,25.35190695,-7.017621773,14.76666667,23.85241852,3.205060662,3.190057027,3.181847382,3.192183423,3.198058668,3.220642335,3.204346056,3.185539283
1,444,39.09001431,97.72503578,2556,25.5893056,34.77839324,14.8,27.3501834,3.194482756,3.199574301,3.202029468,3.189482009,3.198920078,3.194258887,3.191169931,3.202076765
1,445,39.08724637,97.71811593,2555,25.44346366,-19.92967201,14.83333333,32.86544962,3.206191017,3.20672833,3.204595091,3.196021044,3.205716398,3.202472436,3.201071535,3.195106455
1,446,39.08447626,97.71119064,2554,25.68036071,-30.3642128,14.86666667,27.584809,3.196024991,3.200591095,3.219518996,3.20240994,3.195110492,3.193340884,3.196065867,3.217418348
1,447,39.08170397,97.70425992,2553,25.64399179,6.763449061,14.9,29.98579163,3.196805947,3.207254964,3.196992574,3.202089476,3.206333962,3.195424777,3.194871107,3.213270958
1,448,39.0789295,97.69732376,2552,25.48721443,37.54574498,14.93333333,30.59549632,3.207876743,3.206325379,3.20629821,3.203676604,3.216142207,3.200351266,3.204618099,3.188392697
1,449,39.07615287,97.69038218,2551,25.53833597,-9.772862902,14.96666667,28.39413505,3.193400315,3.190393448,3.210192509,3.179579679,3.19678152,3.176050347,3.193349697,3.196072408
1,450,39.07337408,97.68343519,2550,25.47289438,-35.03705891,15,26.48472106,3.211078969,3.203173024,3.193334868,3.20852771,3.200142658,3.200300535,3.190378628,3.19207989
1,451,39.07059312,97.6764828,2549,25.59247851,-12.85557862,15.03333333,23.6164378,3.193399222,3.20037169,3.200623086,3.212352741,3.203080441,3.178339474,3.202101136,3.188399869
1,452,39.06781,97.669525,2548,25.71461708,0.474532346,15.06666667,29.23149378,3.192272233,3.193502644,3.194693293,3.188998805,3.201627856,3.188713582,3.202853341,3.217895769
1,453,39.06502473,97.66256182,2547,25.48171287,-27.04615947,15.1,26.53343919,3.189365128,3.197723918,3.179812341,3.197592518,3.205141737,3.205765114,3.20061891,3.207114107
1,454,39.0622373,97.65559325,2546,25.66048558,12.64817744,15.13333333,28.31707081,3.220368436,3.213698437,3.195819833,3.188391168,3.196750789,3.192424138,3.20361078,3.190550452
1,455,39.05944773,97.64861932,2545,25.53636909,39.81995112,15.16666667,25.75032339,3.199417421,3.206704112,3.199194433,3.192429489,3.209398512,3.184968152,3.19737764,3.19966672
1,456,39.056656,97.64164001,2544,25.50485526,-3.860841921,15.2,27.52257243,3.200127269,3.201443968,3.204883519,3.19971674,3.197055534,3.196739285,3.195107874,3.206300347
1,457,39.05386214,97.63465534,2543,25.58715636,-11.62171546,15.23333333,28.0606943,3.194827772,3.206774169,3.200151993,3.195829962,3.204947258,3.194180369,3.205105472,3.201701809
1,458,39.05106613,97.62766533,2542,25.47577092,-7.943666653,15.26666667,28.48346845,3.195229402,3.204229079,3.204372718,3.209260157,3.207729176,3.203930192,3.190979272,3.219588696
1,459,39.04826799,97.62066997,2541,25.53356208,-30.78830573,15.3,25.99332006,3.18877107,3.207594105,3.203450271,3.190606861,3.199005592,3.199369977,3.210444662,3.194293513
1,460,39.04546771,97.61366927,2540,25.45625465,30.66188811,15.33333333,30.15443971,3.19790444,3.181311443,3.213878102,3.191436254,3.202615287,3.199188737,3.199215992,3.206478896
1,461,39.0426653,97.60666325,2539,25.83576702,-6.813947558,15.36666667,26.92558939,3.2133701,3.202011949,3.205240624,3.202631132,3.208140251,3.196296669,3.208603124,3.208883999
1,462,39.03986076,97.5996519,2538,25.60423163,-9.018047086,15.4,24.98595497,3.208660296,3.194718817,3.198653299,3.201915736,3.189033264,3.212759362,3.199901788,3.202271423
1,463,39.0370541,97.59263524,2537,25.51603294,12.77522183,15.43333333,27.80375784,3.195383964,3.18938498,3.195167761,3.201753634,3.205387431,3.201294332,3.202773792,3.197303789
1,464,39.03424531,97.58561327,2536,25.62567759,-4.637326326,15.46666667,28.06187556,3.203969989,3.211862663,3.205638316,3.206476335,3.202352131,3.187974759,3.191642668,3.203639006
1,465,39.0314344,97.57858601,2535,25.58652063,11.8586775,15.5,28.28906098,3.199912488,3.203518743,3.213411387,3.205808288,3.21007109,3.200757451,3.193542275,3.199537071
1,466,39.02862138,97.57155345,2534,25.57348365,-35.08429679,15.53333333,30.45183833,3.193561985,3.21246636,3.206323129,3.2041641,3.209887546,3.183839549,3.204705104,3.189514834
1,467,39.02580625,97.56451561,2533,25.6737,25.0978675,15.56666667,27.57439209,3.199941954,3.197506339,3.205293893,3.201825498,3.210760937,3.195184823,3.205672915,3.201297786
1,468,39.022989,97.5574725,2532,25.69090093,35.24031623,15.6,27.78468468,3.186917678,3.192651068,3.198800976,3.20889834,3.203709784,3.190659993,3.19887747,3.216142452
1,469,39.02016964,97.55042411,2531,25.53633986,11.90123089,15.63333333,26.01426811,3.200889787,3.197381395,3.203933917,3.206107145,3.196350653,3.204020598,3.197368884,3.205754621
1,470,39.01734819,97.54337046,2530,25.53090181,36.36527431,15.66666667,29.47699631,3.201357545,3.203855743,3.193926532,3.193429709,3.207563978,3.199364829,3.202280278,3.197548837
1,471,39.01452462,97.53631156,2529,25.5669938,-27.88541485,15.7,28.33175632,3.207189814,3.19513752,3.19891519,3.206287943,3.209383742,3.195809926,3.215677472,3.202505934
1,472,39.01169896,97.52924741,2528,25.32376946,-1.806704842,15.73333333,27.24395009,3.191656574,3.202952416,3.196936006,3.203472548,3.19965715,3.20059419,3.192707253,3.20792049
1,473,39.00887121,97.52217802,2527,25.41817707,8.144538716,15.76666667,24.57158555,3.190750981,3.191129881,3.202938883,3.212822754,3.197179255,3.205607779,3.208586721,3.206517475
1,474,39.00604136,97.5151034,2526,25.76402491,6.538931794,15.8,30.59994195,3.197510334,3.191271626,3.182339619,3.197897276,3.209424699,3.191006672,3.205601679,3.19239878
1,475,39.00320942,97.50802355,2525,25.79739613,-7.883057673,15.83333333,25.79017606,3.200848581,3.205662333,3.194724037,3.201363877,3.196679269,3.205641189,3.201882537,3.200452061
1,476,39.00037539,97.50093848,2524,25.57011568,-12.95324725,15.86666667,26.93569958,3.2124668,3.205298449,3.194477185,3.199313089,3.19939281,3.200642557,3.220196074,3.202966815
1,477,38.99753928,97.4938482,2523,25.66918684,-29.8540782,15.9,28.64502012,3.183712779,3.195657608,3.184541023,3.197361614,3.184101518,3.193027276,3.187834228,3.203073281
1,478,38.99470109,97.48675272,2522,25.63735002,-8.660603955,15.93333333,25.84619573,3.200004315,3.202423698,3.199163589,3.188845618,3.204108171,3.215377796,3.203273701,3.196592603
1,479,38.99186082,97.47965204,2521,25.9694657,-26.98713479,15.96666667,25.3116824,3.188575463,3.192735464,3.203624317,3.208584944,3.202086929,3.206399098,3.205661426,3.204052275
1,480,38.98901847,97.47254617,2520,25.73434899,18.74925412,16,24.17689435,3.194732211,3.201391388,3.193212978,3.200139432,3.202646908,3.21343027,3.189522144,3.203852061
1,481,38.98617405,97.46543511,2519,25.58464989,-23.29352516,16.03333333,29.29779452,3.211849893,3.206070782,3.206663564,3.204701559,3.210386676,3.191300175,3.188912587,3.199949327
1,482,38.98332755,97.45831888,2518,25.48533515,-35.31477558,16.06666667,27.01866476,3.182710703,3.209845166,3.209765722,3.196533196,3.197033835,3.19942122,3.200416165,3.201017391
1,483,38.98047899,97.45119748,2517,25.40722644,4.189291025,16.1,33.26908617,3.204465857,3.198618989,3.207545546,3.203567582,3.195144292,3.210680901,3.189133944,3.199262674
1,484,38.97762837,97.44407092,2516,25.62441564,7.618378618,16.13333333,26.21016088,3.207735339,3.194215415,3.202476445,3.204346717,3.193115809,3.199420178,3.198747969,3.195586097
1,485,38.97477568,97.4369392,2515,25.50923791,29.7530449,16.16666667,26.34138816,3.218413399,3.193895149,3.208039442,3.196857592,3.19130691,3.200822514,3.205192747,3.207364077
1,486,38.97192093,97.42980234,2514,25.42932955,6.158528993,16.2,26.98229265,3.212498121,3.22356197,3.202004114,3.194695263,3.203622995,3.197870296,3.207407729,3.189622686
1,487,38.96906413,97.42266033,2513,25.52241125,-12.3615317,16.23333333,28.43764238,3.218946676,3.206848385,3.186527968,3.194327769,3.206528648,3.209410752,3.189822099,3.205704207
1,488,38.96620527,97.41551319,2512,25.47021424,24.24095052,16.26666667,27.15363399,3.184421281,3.199285313,3.208896375,3.195587874,3.187944622,3.201169718,3.195162249,3.205036467
1,489,38.96334437,97.40836092,2511,25.802457,3.222311455,16.3,29.10219799,3.192917389,3.193818905,3.183831981,3.201359558,3.19871276,3.190492923,3.20155039,3.208216562
1,490,38.96048141,97.40120353,2510,25.70579677,-33.65757723,16.33333333,26.2385409,3.198275456,3.202145336,3.20218649,3.190365361,3.216452687,3.196233201,3.20524893,3.206153722
1,491,38.95761641,97.39404102,2509,25.59904328,5.268044825,16.36666667,25.51313491,3.198883239,3.20485436,3.201966554,3.188658882,3.197341818,3.195099593,3.19630604,3.189567975
1,492,38.95474936,97.38687341,2508,25.7775933,32.64148363,16.4,24.76321347,3.20901147,3.212815941,3.207824024,3.210164234,3.197242921,3.194909945,3.193771304,3.205152519
1,493,38.95188028,97.37970069,2507,25.6092842,-8.29498996,16.43333333,23.9975665,3.201816504,3.199382226,3.210361188,3.203239531,3.193290739,3.194552729,3.205455946,3.208333863
1,494,38.94900915,97.37252289,2506,25.4966459,-16.29393585,16.46666667,27.06747576,3.204413442,3.21517511,3.213080057,3.203528287,3.193291355,3.1895201,3.196900946,3.206025708
1,495,38.946136,97.36533999,2505,25.78277489,-28.52244344,16.5,27.45823544,3.214613177,3.203339576,3.209349782,3.19803754,3.204982153,3.206586855,3.184163246,3.19669249
1,496,38.94326081,97.35815202,2504,25.66466921,-27.88435825,16.53333333,26.86341335,3.207597603,3.202195747,3.19042788,3.180559021,3.197073754,3.199427314,3.192928616,3.201144679
1,497,38.94038359,97.35095897,2503,25.47553046,-5.378281253,16.56666667,30.23813043,3.204051094,3.205365497,3.181152649,3.189485719,3.197563019,3.204577385,3.203913872,3.20377496
1,498,38.93750434,97.34376085,2502,25.57715936,7.654385933,16.6,30.21045438,3.196932656,3.197378933,3.194173366,3.206145553,3.19263609,3.206800291,3.201662826,3.199639644
1,499,38.93462307,97.33655767,2501,25.49492581,-33.55076759,16.63333333,27.39735462,3.194746317,3.189155665,3.194818778,3.197359945,3.181047806,3.198421159,3.207394859,3.204537743
1,500,38.93173978,97.32934944,2500,25.43406403,35.16548712,16.66666667,24.770942,3.196030353,3.20037549,3.195550683,3.201190086,3.212320863,3.20774799,3.204166354,3.196056921
1,501,38.92885446,97.32213616,2499,25.71114131,20.4106894,16.7,26.97993081,3.205999507,3.186504984,3.197981172,3.204669691,3.20592337,3.205359076,3.202358646,3.1984342
1,502,38.92596714,97.31491784,2498,25.82913,6.929913463,16.73333333,26.92032149,3.204303808,3.192377112,3.193242582,3.200493877,3.201385581,3.185395079,3.203641171,3.206181827
1,503,38.92307779,97.30769449,2497,25.43217189,26.27509368,16.76666667,26.81715707,3.199381718,3.21899573,3.194536519,3.197111303,3.196839465,3.199390499,3.197370201,3.188745516
1,504,38.92018644,97.3004661,2496,25.66755631,-33.58505946,16.8,26.74410597,3.195627614,3.199219034,3.209828577,3.217617946,3.210683791,3.193796968,3.194433523,3.198725371
1,505,38.91729308,97.2932327,2495,25.52192289,-1.852889781,16.83333333,26.82376679,3.214276471,3.198676608,3.18937994,3.195990583,3.206056448,3.205519522,3.198398267,3.205467317
1,506,38.91439771,97.28599428,2494,25.54154495,10.40745015,16.86666667,27.30422509,3.181814622,3.200830634,3.206885483,3.193337094,3.193309292,3.185068415,3.212719165,3.194238768
1,507,38.91150034,97.27875085,2493,25.52891273,26.29223249,16.9,26.85602602,3.201928346,3.204831336,3.212096544,3.198768818,3.195684562,3.201384541,3.210272642,3.19863862
1,508,38.90860097,97.27150242,2492,25.49632111,22.6775648,16.93333333,28.37498052,3.192361047,3.187673938,3.190229621,3.206915132,3.197435004,3.195139833,3.194272262,3.200680367
1,509,38.9056996,97.264249,2491,25.6058226,-17.83446002,16.96666667,28.64866369,3.198084359,3.197814943,3.210794591,3.21230413,3.187119827,3.202620742,3.193785103,3.198013991
1,510,38.90279623,97.25699058,2490,25.50028599,35.27041356,17,26.36083884,3.202474227,3.198298241,3.201843679,3.205383762,3.202356614,3.19482531,3.194966403,3.188482358
1,511,38.89989087,97.24972719,2489,25.63245482,-30.05233269,17.03333333,30.28791759,3.193168638,3.215696547,3.193663971,3.19045297,3.202559423,3.199117082,3.198435254,3.211272368
1,512,38.89698352,97.24245881,2488,25.59397143,30.01068949,17.06666667,26.23588786,3.204393013,3.195760057,3.196604193,3.195979308,3.206997917,3.197534819,3.185654772,3.199613443
1,513,38.89407419,97.23518547,2487,25.57132623,37.67521997,17.1,25.0879589,3.187703792,3.217473845,3.192274657,3.198705082,3.202065622,3.197690735,3.197679757,3.203374618
1,514,38.89116286,97.22790716,2486,25.49109236,-25.82771814,17.13333333,28.68540053,3.212209728,3.206140073,3.211828111,3.191627047,3.202538901,3.201241968,3.20280873,3.211009856
1,515,38.88824956,97.22062389,2485,25.53078744,17.76528514,17.16666667,26.52866536,3.198233687,3.196755973,3.204271846,3.185774378,3.198105184,3.198926418,3.192637131,3.208456472
1,516,38.88533427,97.21333567,2484,25.69064695,-36.7771585,17.2,28.57832465,3.191502077,3.198913016,3.202345258,3.210827612,3.199915549,3.207489229,3.205604763,3.20098766
1,517,38.882417,97.20604251,2483,25.66011006,-7.566173989,17.23333333,23.67339652,3.191283893,3.188523353,3.200852043,3.195658425,3.207354089,3.205966852,3.198523112,3.190738297
1,518,38.87949776,97.19874441,2482,25.48269337,1.302663936,17.26666667,30.50642069,3.204085884,3.191856404,3.193932289,3.192164674,3.198891992,3.209361539,3.199959673,3.19645425
1,519,38.87657655,97.19144137,2481,25.61191988,6.451618073,17.3,29.21012813,3.187795081,3.204416997,3.193756763,3.200940141,3.197166251,3.206705418,3.198742109,3.199528589
1,520,38.87365336,97.18413341,2480,25.69016645,34.87497986,17.33333333,25.29914221,3.203885977,3.216855521,3.207107575,3.199291151,3.200025584,3.195801124,3.192400034,3.195577994
1,521,38.87072821,97.17682053,2479,25.39967137,13.78005498,17.36666667,25.33820118,3.193822808,3.205226947,3.191430441,3.210665684,3.206016371,3.200164014,3.200002549,3.19554175
1,522,38.86780109,97.16950273,2478,25.66520322,-1.497763902,17.4,31.01007863,3.202160675,3.20870474,3.194374748,3.187732863,3.205625746,3.202594928,3.19103841,3.194132869
1,523,38.86487201,97.16218003,2477,25.52048515,24.7740029,17.43333333,26.67271617,3.193127166,3.194203742,3.197410538,3.197867622,3.194793651,3.193934689,3.198169725,3.201341532
1,524,38.86194097,97.15485242,2476,25.66847184,36.04262568,17.46666667,26.49846727,3.197469628,3.209269336,3.204064702,3.187273233,3.204189822,3.204844352,3.19652212,3.188038419
1,525,38.85900797,97.14751992,2475,25.5084089,-38.23470811,17.5,23.92110623,3.200064534,3.199938331,3.19102683,3.188390246,3.199299572,3.198135382,3.196661877,3.199332714
1,526,38.85607301,97.14018253,2474,25.38341415,38.60170178,17.53333333,27.36859923,3.191177789,3.196521435,3.2042666,3.197200239,3.18662422,3.196218462,3.191438732,3.20213709
1,527,38.8531361,97.13284025,2473,25.40469491,-33.10942887,17.56666667,27.59010469,3.202550699,3.186729803,3.206072104,3.19110251,3.212473458,3.19960979,3.190028852,3.190864111
1,528,38.85019724,97.12549309,2472,25.60577019,25.15094234,17.6,29.28788757,3.202784762,3.196869601,3.199226769,3.212902242,3.194406047,3.200479703,3.211358756,3.202164108
1,529,38.84725643,97.11814107,2471,25.6311667,-17.5732198,17.63333333,25.48165883,3.187147178,3.204043112,3.190695977,3.21125446,3.193417059,3.223756076,3.211739008,3.193627099
1,530,38.84431367,97.11078418,2470,25.491482,-29.42562738,17.66666667,25.26348377,3.20016011,3.206029154,3.206269284,3.20353869,3.210017272,3.199016248,3.197066259,3.197225088
1,531,38.84136897,97.10342242,2469,25.6766311,-4.811548823,17.7,28.81173274,3.206866986,3.202921448,3.202330269,3.206361874,3.183591581,3.202480551,3.201748551,3.213350465
1,532,38.83842233,97.09605582,2468,25.40061759,11.51652636,17.73333333,29.81211413,3.187771296,3.212457493,3.200603273,3.203911916,3.21340735,3.20448609,3.203202946,3.201938329
1,533,38.83547375,97.08868436,2467,25.59207042,-9.523852398,17.76666667,25.17192577,3.196132175,3.199772087,3.194275898,3.199643465,3.181312554,3.203432317,3.199026102,3.19731037
1,534,38.83252323,97.08130807,2466,25.45467806,-35.63476734,17.8,29.94672536,3.201758065,3.188531489,3.21543416,3.19917786,3.198833245,3.19227683,3.200191571,3.211095679
1,535,38.82957077,97.07392693,2465,25.52177967,7.956891173,17.83333333,28.06757531,3.20828733,3.206835502,3.204371192,3.19713166,3.188398695,3.19839169,3.198113028,3.208390356
1,536,38.82661639,97.06654097,2464,25.60568784,32.19226209,17.86666667,29.96524961,3.202475124,3.212898492,3.209579908,3.196348035,3.185638966,3.211084602,3.210875082,3.189070307
1,537,38.82366007,97.05915018,2463,25.4967504,-9.342770724,17.9,27.87360335,3.21207392,3.203056937,3.201285484,3.212918266,3.210757481,3.205210648,3.203785737,3.204931154
1,538,38.82070183,97.05175458,2462,25.55385333,-22.69337779,17.93333333,23.45989975,3.196799541,3.199559188,3.192781463,3.197335682,3.197066929,3.194917557,3.201093972,3.197408153
1,539,38.81774166,97.04435416,2461,25.72075514,-4.593812325,17.96666667,27.72645871,3.204017878,3.187021435,3.199093162,3.201052413,3.197514966,3.198620858,3.187318032,3.202851817
1,540,38.81477957,97.03694893,2460,25.53077298,-36.13098312,18,29.90825887,3.205180848,3.203948298,3.208309816,3.201612237,3.203829449,3.201248726,3.205500406,3.187382163
1,541,38.81181556,97.0295389,2459,25.70028305,25.63900676,18.03333333,26.39125717,3.192851352,3.212695197,3.180316513,3.198878577,3.2093782,3.199253915,3.196759911,3.201035373
1,542,38.80884963,97.02212408,2458,25.46443518,26.10726488,18.06666667,27.30166306,3.197175039,3.200246796,3.194532952,3.208869395,3.211386119,3.198932877,3.188908085,3.195809255
1,543,38.80588179,97.01470447,2457,25.6635765,7.040037074,18.1,27.68295969,3.198528091,3.204044311,3.191935894,3.193846701,3.204085409,3.207511271,3.195027248,3.189334264
1,544,38.80291203,97.00728007,2456,25.77298823,-11.75176888,18.13333333,22.78087502,3.226272946,3.206266434,3.19786397,3.20695225,3.199004347,3.206937255,3.201275146,3.200730175
1,545,38.79994036,96.9998509,2455,25.30340266,23.98266916,18.16666667,31.00842564,3.199091345,3.188420949,3.215504759,3.192467729,3.189119811,3.198297121,3.192308225,3.199586298
1,546,38.79696678,96.99241695,2454,25.50437257,4.374961983,18.2,26.37752378,3.205502111,3.207962423,3.206517846,3.197554944,3.200396735,3.203263032,3.185937701,3.204564678
1,547,38.79399129,96.98497824,2453,25.66924866,26.07458468,18.23333333,28.91032378,3.188341606,3.216322773,3.196763879,3.198520999,3.193842343,3.19496024,3.218192749,3.207522958
1,548,38.7910139,96.97753476,2452,25.57563455,10.51670341,18.26666667,27.84393795,3.18760638,3.212033703,3.209545938,3.1977503,3.202453576,3.199880447,3.215780639,3.193629678
1,549,38.78803461,96.97008653,2451,25.6445375,22.75243786,18.3,30.2637143,3.201168085,3.196574837,3.188535677,3.217533106,3.190547467,3.201761033,3.186074395,3.196807436
1,550,38.78505342,96.96263355,2450,25.52752178,7.885039457,18.33333333,28.73090102,3.203375751,3.193402128,3.204694415,3.197847671,3.20928066,3.210894087,3.195306042,3.200613863
1,551,38.78207033,96.95517582,2449,25.61039077,-6.868714543,18.36666667,27.57713631,3.201467634,3.204954794,3.200115056,3.201521688,3.198052748,3.200921919,3.210383522,3.205168666
1,552,38.77908534,96.94771336,2448,25.58131873,36.63566879,18.4,26.39167283,3.205610045,3.205784563,3.19876953,3.202550616,3.191318611,3.210150461,3.177736317,3.199302813
1,553,38.77609847,96.94024616,2447,25.74013385,3.28910599,18.43333333,29.43613126,3.209127168,3.189089057,3.203198239,3.194553868,3.197049574,3.207567528,3.201584455,3.183725153
1,554,38.7731097,96.93277424,2446,25.6305305,8.407161483,18.46666667,24.62780565,3.192188596,3.207802686,3.203591542,3.213985085,3.213461181,3.197262039,3.220025902,3.200195837
1,555,38.77011904,96.92529759,2445,25.64051232,-22.36098885,18.5,29.16260276,3.192298652,3.194930881,3.181946199,3.212856152,3.212758096,3.19187594,3.198176926,3.20076486
1,556,38.76712649,96.91781623,2444,25.55057476,10.05206315,18.53333333,26.02171945,3.192317176,3.185959184,3.198317139,3.197431365,3.19689271,3.201781729,3.211436157,3.197575258
1,557,38.76413206,96.91033015,2443,25.54148725,5.728611959,18.56666667,30.25411059,3.201363544,3.205814964,3.204433143,3.195084612,3.200771017,3.204380319,3.190973189,3.210108312
1,558,38.76113575,96.90283937,2442,25.54809302,-25.21292816,18.6,28.29033918,3.211452711,3.194217758,3.20154936,3.205138226,3.195635087,3.203852911,3.201306045,3.188256655
1,559,38.75813756,96.89534389,2441,25.64733426,-35.23303221,18.63333333,29.15942278,3.203673291,3.191198861,3.207513623,3.194630311,3.198709717,3.210978231,3.203971053,3.191364209
1,560,38.75513749,96.88784372,2440,25.54948186,8.348745577,18.66666667,28.14757986,3.191880667,3.195205578,3.203157153,3.202866399,3.193255182,3.190662324,3.202252667,3.198545119
1,561,38.75213554,96.88033886,2439,25.63477298,21.09538155,18.7,24.84572123,3.217257727,3.200292829,3.214514023,3.190636931,3.187414296,3.191039319,3.209513038,3.214048813
1,562,38.74913172,96.87282931,2438,25.8490481,1.872109674,18.73333333,26.45068751,3.193742564,3.196315472,3.190648153,3.185506881,3.205747294,3.201784162,3.200083904,3.188799548
1,563,38.74612603,96.86531509,2437,25.70453496,-21.85818997,18.76666667,29.21030081,3.213119653,3.195973146,3.204269011,3.188363509,3.198475798,3.202330996,3.202616602,3.201237188
1,564,38.74311847,96.85779619,2436,25.56087718,13.32175814,18.8,28.29998047,3.20395618,3.190955836,3.201578981,3.200910061,3.201853381,3.200578762,3.189814298,3.189457602
1,565,38.74010905,96.85027262,2435,25.74414567,-33.59154187,18.83333333,30.12578183,3.182285855,3.206540276,3.20662126,3.206748402,3.20245432,3.182935046,3.191786316,3.201363323
1,566,38.73709776,96.84274439,2434,25.55103096,-4.653303616,18.86666667,28.72589421,3.201084144,3.198218014,3.202951338,3.200093214,3.200966164,3.194887477,3.207856088,3.196553827
1,567,38.7340846,96.83521151,2433,25.35542506,-26.93065933,18.9,26.2599366,3.189354807,3.193832008,3.19721227,3.207952022,3.199661856,3.198510814,3.190010693,3.206283861
1,568,38.73106959,96.82767398,2432,25.47902964,-25.24327592,18.93333333,26.56708455,3.194784383,3.199199777,3.211841465,3.204070107,3.186973968,3.185843918,3.199485516,3.190298075
1,569,38.72805272,96.82013179,2431,25.37550497,-23.81648407,18.96666667,28.1852513,3.205188374,3.200338105,3.201323078,3.194346055,3.213931069,3.22274075,3.197771322,3.202824314
1,570,38.72503399,96.81258497,2430,25.55781838,-9.063435436,19,23.83472068,3.200779339,3.197922505,3.193343436,3.191320256,3.190915222,3.20324192,3.195842604,3.179373657
1,571,38.72201341,96.80503351,2429,25.60221021,-35.90798355,19.03333333,31.01219539,3.203558866,3.19969391,3.210773384,3.202984979,3.188170611,3.182162587,3.194244221,3.194999141
1,572,38.71899097,96.79747743,2428,25.80117248,-8.176524726,19.06666667,28.79514413,3.207545274,3.199929033,3.209069508,3.189401336,3.207722115,3.205767913,3.183854127,3.210580943
1,573,38.71596669,96.78991671,2427,25.63923128,0.936595769,19.1,30.20866227,3.200747668,3.203136356,3.193080831,3.210201976,3.190513181,3.206656736,3.20656486,3.192206661
1,574,38.71294055,96.78235138,2426,25.57370794,-1.336457203,19.13333333,25.15491291,3.215866989,3.201852228,3.205231141,3.187783034,3.21694184,3.190203544,3.208199091,3.192041826
1,575,38.70991257,96.77478143,2425,25.69952867,-9.377271968,19.16666667,30.24021729,3.19504809,3.206310032,3.208220422,3.189829726,3.208723777,3.208359844,3.192496373,3.212789181
1,576,38.70688275,96.76720688,2424,25.33466376,27.13172865,19.2,32.01669804,3.188345139,3.195001819,3.203832021,3.19317147,3.202110553,3.201928609,3.198503406,3.206659204
1,577,38.70385109,96.75962772,2423,25.62827375,-28.37386461,19.23333333,25.62241896,3.198173114,3.201852329,3.209171775,3.20632549,3.206288138,3.190806563,3.204198341,3.19297201
1,578,38.70081758,96.75204396,2422,25.69250382,0.455739503,19.26666667,29.38852323,3.18974868,3.199426349,3.192765639,3.206324942,3.206516284,3.18477899,3.19337358,3.188321707
1,579,38.69778224,96.74445561,2421,25.42256965,-35.03668664,19.3,28.0019979,3.196298966,3.203641405,3.198061695,3.195281926,3.210401412,3.181561143,3.209894975,3.195645694
1,580,38.69474507,96.73686267,2420,25.73725049,-34.30754569,19.33333333,25.22001907,3.199375128,3.195781093,3.212343105,3.190152172,3.200093891,3.204219509,3.187111978,3.192640815
1,581,38.69170606,96.72926514,2419,25.64061957,5.909267974,19.36666667,28.88719115,3.198814572,3.19290668,3.193475266,3.197201099,3.205196651,3.197258258,3.20862741,3.192017938
1,582,38.68866522,96.72166304,2418,25.55016545,5.281473991,19.4,29.50048577,3.189984622,3.215410763,3.194736335,3.189512704,3.186063568,3.208600828,3.197269564,3.197970322
1,583,38.68562255,96.71405636,2417,25.67593382,30.24268103,19.43333333,26.91797221,3.198726386,3.208103543,3.198563761,3.21875243,3.201070085,3.208494278,3.206441919,3.199708421
1,584,38.68257805,96.70644512,2416,25.87248314,4.629894053,19.46666667,30.09864974,3.195304232,3.202655711,3.20408079,3.195419312,3.201330711,3.20988964,3.216559582,3.206834955
1,585,38.67953173,96.69882931,2415,25.62182395,36.78328163,19.5,24.99982587,3.214902077,3.194965006,3.205615058,3.210708156,3.192829333,3.196115279,3.213903238,3.192199209
1,586,38.67648358,96.69120895,2414,25.62978647,-36.10441213,19.53333333,25.30943894,3.18927096,3.212223853,3.209574106,3.203456962,3.199634314,3.196491804,3.202255591,3.212638456
1,587,38.67343361,96.68358403,2413,25.54487669,-32.15938522,19.56666667,28.24587531,3.201908529,3.217335674,3.192816464,3.199842554,3.197015531,3.191318868,3.19877533,3.203338634
1,588,38.67038183,96.67595457,2412,25.49801868,-36.47473107,19.6,28.0456935,3.204193841,3.217363617,3.20371574,3.209201094,3.200528754,3.213424445,3.219187594,3.204248681
1,589,38.66732822,96.66832056,2411,25.6996403,-25.17785197,19.63333333,26.71016772,3.192058728,3.19560956,3.202255474,3.203651984,3.205587401,3.203681581,3.200055879,3.194910412
1,590,38.66427281,96.66068201,2410,25.49726994,3.301608875,19.66666667,29.45726998,3.203209106,3.214839899,3.208159429,3.204277632,3.208236535,3.197031488,3.195933879,3.194017719
1,591,38.66121557,96.65303894,2409,25.60858795,11.64577451,19.7,28.95560977,3.198997707,3.196623953,3.209666198,3.196197413,3.193578226,3.215540617,3.196388998,3.201228228
1,592,38.65815653,96.64539133,2408,25.54268111,-36.35318736,19.73333333,29.54465033,3.203610583,3.190906455,3.20988387,3.205096952,3.212467072,3.194566225,3.200793006,3.200314846
1,593,38.65509568,96.6377392,2407,25.65747758,35.67767119,19.76666667,27.77835442,3.202111108,3.188363082,3.200886691,3.188588289,3.202866673,3.182970807,3.185187305,3.20654839
1,594,38.65203302,96.63008256,2406,25.64003945,27.37323013,19.8,29.08464448,3.195625292,3.192097135,3.210166765,3.20262101,3.206976722,3.198670063,3.22143703,3.195163889
1,595,38.64896856,96.6224214,2405,25.72450479,-16.27100143,19.83333333,27.19782945,3.213955964,3.199509072,3.186763917,3.20386279,3.2025181,3.191589425,3.192622246,3.199802419
1,596,38.64590229,96.61475573,2404,25.53879803,-33.82499758,19.86666667,31.69687364,3.202797983,3.180234694,3.208424972,3.196044016,3.18934602,3.207528532,3.199811056,3.209729326
1,597,38.64283422,96.60708556,2403,25.56761501,-26.40903414,19.9,26.53741761,3.203503618,3.199987884,3.19877816,3.203861702,3.19669175,3.193179419,3.204879273,3.198844097
1,598,38.63976436,96.59941089,2402,25.48254835,-29.8444469,19.93333333,31.78953537,3.200268541,3.208715039,3.199088987,3.200120271,3.195202804,3.203445919,3.202798623,3.207206201
1,599,38.63669269,96.59173173,2401,25.54668481,-30.13729766,19.96666667,28.0627983,3.195366969,3.196337464,3.206337099,3.202017704,3.192750255,3.210452433,3.186412395,3.206274278
1,600,38.63361923,96.58404808,2400,25.64527606,1.484935093,20,25.5240804,3.189878304,3.215086308,3.187643202,3.209218005,3.199346925,3.197067179,3.201483173,3.205055203
1,601,38.63054398,96.57635995,2399,25.69083863,-20.3322046,20.03333333,30.46254283,3.192764796,3.193473698,3.205196839,3.186341256,3.195326167,3.224325496,3.192255896,3.209182422
1,602,38.62746694,96.56866734,2398,25.48934016,-11.34882268,20.06666667,28.2266225,3.195312394,3.204072361,3.205234846,3.209031654,3.198397969,3.215911077,3.195285307,3.201873763
1,603,38.6243881,96.56097025,2397,25.70435271,39.16042667,20.1,29.53202338,3.201962215,3.191024255,3.197713022,3.201292108,3.196543032,3.219527392,3.193291011,3.209435396
1,604,38.62130748,96.5532687,2396,25.76267654,14.74513991,20.13333333,30.20294065,3.206851679,3.199889103,3.193078328,3.193853957,3.195856262,3.18571407,3.191972277,3.188140188
1,605,38.61822507,96.54556268,2395,25.64961219,35.91845336,20.16666667,28.60832,3.210767,3.204947699,3.206287793,3.204710656,3.201335741,3.211685443,3.195113899,3.200853357
1,606,38.61514088,96.5378522,2394,25.8252155,-28.5954756,20.2,26.93396648,3.205976471,3.189430326,3.224772711,3.200228526,3.201135916,3.210055024,3.207319643,3.200304624
1,607,38.61205491,96.53013727,2393,25.5071453,-9.428842013,20.23333333,29.75628408,3.201041036,3.187966812,3.195548274,3.204137682,3.203551143,3.209769326,3.199035992,3.188901708
1,608,38.60896716,96.52241789,2392,25.45064144,4.378544263,20.26666667,28.00135991,3.208453843,3.211488715,3.207185957,3.198690931,3.208355088,3.227431284,3.200921219,3.189506106
1,609,38.60587763,96.51469406,2391,25.38655357,-33.85935505,20.3,29.23454407,3.19530972,3.205003808,3.187161566,3.201355225,3.203042693,3.212280974,3.210481559,3.206916678
1,610,38.60278632,96.5069658,2390,25.77952532,-39.66500451,20.33333333,24.12328497,3.182698568,3.207368425,3.205644107,3.202047555,3.186158223,3.193785809,3.190665418,3.183879932
1,611,38.59969324,96.49923309,2389,25.67852388,13.6347467,20.36666667,28.80456709,3.199976679,3.193617423,3.221002445,3.198649824,3.210350025,3.187447208,3.195759283,3.200775183
1,612,38.59659838,96.49149596,2388,25.59332984,11.34556134,20.4,26.85054551,3.192734768,3.196622395,3.198256393,3.198128736,3.214840949,3.20302581,3.203836085,3.204317238
1,613,38.59350176,96.4837544,2387,25.63359624,-7.1368952,20.43333333,30.97595735,3.204901011,3.199336904,3.197434029,3.201334528,3.209254432,3.209009906,3.198076812,3.20614275
1,614,38.59040337,96.47600842,2386,25.46494131,-0.828473917,20.46666667,29.12155723,3.198443323,3.200270964,3.196211813,3.198546839,3.210730641,3.200739369,3.20108226,3.188422258
1,615,38.58730321,96.46825802,2385,25.89349024,-6.764559953,20.5,28.43174394,3.197526049,3.198069481,3.193366852,3.200173323,3.196566542,3.200639967,3.200972024,3.192353965
1,616,38.58420129,96.46050321,2384,25.61550654,-38.07959641,20.53333333,28.87535799,3.196810386,3.200618994,3.209474395,3.202053753,3.194704519,3.203192038,3.213660391,3.207333652
1,617,38.5810976,96.452744,2383,25.61312738,-13.1702715,20.56666667,26.20280646,3.204380212,3.205804721,3.211519632,3.208605014,3.204534083,3.208549138,3.191346791,3.187981878
1,618,38.57799215,96.44498038,2382,25.68709199,-25.83341957,20.6,30.92186204,3.201256789,3.200549446,3.19564872,3.206606821,3.185097091,3.195721822,3.196120356,3.186909586
1,619,38.57488494,96.43721236,2381,25.65772111,-32.12606487,20.63333333,31.58446675,3.211957848,3.18912639,3.19529328,3.207263838,3.205168363,3.191134602,3.205459914,3.202318276
1,620,38.57177598,96.42943995,2380,25.62686608,36.53763471,20.66666667,28.70724432,3.218664284,3.203231523,3.198870065,3.193147984,3.194046053,3.193393847,3.210968791,3.200143759
1,621,38.56866526,96.42166315,2379,25.50514307,7.948778003,20.7,30.86272642,3.204521977,3.212113981,3.181132287,3.21023099,3.200443175,3.203480387,3.193372774,3.193959005
1,622,38.56555279,96.41388196,2378,25.6565762,18.29250274,20.73333333,26.97553324,3.203910767,3.219076782,3.208026507,3.210124183,3.19846399,3.195198366,3.19375356,3.19609381
1,623,38.56243856,96.4060964,2377,25.82584294,-14.77090054,20.76666667,26.56519558,3.183577741,3.194200645,3.195517175,3.198597135,3.201054001,3.202899607,3.199880597,3.195348455
1,624,38.55932258,96.39830646,2376,25.76145041,-8.54822964,20.8,28.07366455,3.184293131,3.195397531,3.192220395,3.203728534,3.207274299,3.207508569,3.206055622,3.198931794
1,625,38.55620486,96.39051215,2375,25.7911824,-21.04608049,20.83333333,28.78289387,3.195824355,3.194023178,3.187940009,3.20793483,3.198602312,3.190029278,3.193388069,3.193064212
1,626,38.55308539,96.38271347,2374,25.53865412,-32.24274632,20.86666667,27.29082397,3.200344196,3.208539743,3.197216084,3.181979732,3.198486557,3.198750449,3.198200638,3.194980311
1,627,38.54996417,96.37491044,2373,25.48124742,-25.677469,20.9,28.96798274,3.201739513,3.200529129,3.199801357,3.203301131,3.196561337,3.196107315,3.211040986,3.204474843
1,628,38.54684122,96.36710304,2372,25.58490557,23.80112362,20.93333333,28.55150107,3.206615568,3.209808837,3.204207553,3.207427109,3.187365239,3.201633231,3.198538252,3.213421473
1,629,38.54371652,96.35929129,2371,25.60668699,14.20366441,20.96666667,26.2030478,3.207421164,3.194956438,3.202982353,3.201341451,3.203634651,3.19184926,3.202880132,3.198174789
1,630,38.54059008,96.3514752,2370,25.73130298,3.754310079,21,28.93382743,3.202259598,3.194204919,3.195319495,3.209390736,3.19158762,3.192177965,3.19958735,3.193824877
1,631,38.5374619,96.34365476,2369,25.39690424,-1.992810171,21.03333333,29.55435084,3.192919771,3.200840608,3.187959473,3.191936302,3.216432765,3.2036758,3.194027493,3.203345721
1,632,38.53433199,96.33582998,2368,25.78354604,33.79474269,21.06666667,28.30864477,3.204538644,3.207955315,3.198982752,3.207811982,3.183692428,3.191549535,3.201310971,3.202637068
1,633,38.53120035,96.32800087,2367,25.58103905,-34.18120418,21.1,30.07476659,3.192705742,3.20207536,3.195009278,3.197784327,3.20819819,3.2072715,3.192023517,3.191541988
1,634,38.52806697,96.32016743,2366,25.54877427,-17.55193494,21.13333333,25.80867317,3.196710613,3.19978603,3.194736812,3.20832514,3.202779119,3.203248681,3.189867689,3.209338326
1,635,38.52493186,96.31232966,2365,25.47854747,-12.00497171,21.16666667,28.84231076,3.177438649,3.206672444,3.207474494,3.196540791,3.210183282,3.19949522,3.200499454,3.20271623
1,636,38.52179503,96.30448757,2364,25.4014172,22.59406498,21.2,25.89349473,3.225492599,3.210755471,3.20560905,3.192697564,3.201148719,3.193495007,3.206576887,3.201123736
1,637,38.51865647,96.29664117,2363,25.69878047,39.40116961,21.23333333,25.99465356,3.191003827,3.200648997,3.19320466,3.20120973,3.193127381,3.200219901,3.206003759,3.199575584
1,638,38.51551618,96.28879045,2362,25.60879816,-20.74635882,21.26666667,26.8643245,3.196872894,3.20162621,3.205577461,3.191142534,3.202085249,3.210540327,3.204589256,3.200462033
1,639,38.51237417,96.28093542,2361,25.44520469,29.94458673,21.3,26.30429167,3.2051179,3.203619972,3.206028809,3.183808547,3.187572351,3.208038633,3.187957767,3.203212309
1,640,38.50923044,96.27307609,2360,25.44459055,26.44982083,21.33333333,27.01360753,3.197183603,3.192030486,3.202797198,3.201608268,3.216882741,3.19500151,3.211520881,3.202819383
1,641,38.50608499,96.26521246,2359,25.55970584,-22.02740819,21.36666667,27.61452944,3.194711825,3.206393972,3.204525908,3.200286746,3.202130363,3.195224104,3.193393703,3.206075537
1,642,38.50293782,96.25734454,2358,25.80028258,-8.053393584,21.4,29.50687808,3.198208485,3.199359336,3.202238573,3.202122307,3.188565388,3.210290017,3.200969457,3.198378774
1,643,38.49978893,96.24947233,2357,25.56884904,-7.226170457,21.43333333,27.42191373,3.203446768,3.201892338,3.206136502,3.204303869,3.20574277,3.210807951,3.207068996,3.19871611
1,644,38.49663833,96.24159583,2356,25.41962285,38.25765348,21.46666667,25.14587373,3.191016791,3.213342383,3.198098213,3.196215141,3.186106185,3.202707785,3.201191093,3.187879081
1,645,38.49348602,96.23371504,2355,25.57051083,-25.52864789,21.5,30.05212212,3.203626192,3.196014465,3.22152252,3.19544511,3.196518453,3.19300179,3.210223012,3.197017794
1,646,38.49033199,96.22582998,2354,25.56727317,23.93263769,21.53333333,26.49323776,3.194200687,3.20565564,3.188957177,3.205000884,3.214251198,3.204532863,3.205103187,3.206960482
1,647,38.48717626,96.21794065,2353,25.2763736,-13.26458287,21.56666667,27.89430323,3.213677664,3.209679152,3.203517358,3.207231131,3.192912521,3.206210349,3.191955552,3.197063821
1,648,38.48401882,96.21004705,2352,25.59348462,18.46962766,21.6,28.80376571,3.175339503,3.203211437,3.194849024,3.208889162,3.203121541,3.208992767,3.191331228,3.208307088
1,649,38.48085967,96.20214918,2351,25.57228786,-6.399119656,21.63333333,28.35929875,3.216846851,3.206113266,3.206322792,3.201356781,3.19580265,3.206089539,3.187951337,3.196657959
1,650,38.47769882,96.19424705,2350,25.68354476,6.268781049,21.66666667,29.96952319,3.185831546,3.194370749,3.205136361,3.204043147,3.20040731,3.201363208,3.184913083,3.197019502
1,651,38.47453627,96.18634067,2349,25.82187473,26.60894187,21.7,28.86220566,3.194549187,3.194727522,3.204796629,3.193115941,3.195162553,3.183303446,3.197647015,3.1912973
1,652,38.47137201,96.17843003,2348,25.7351878,24.3332452,21.73333333,26.44964276,3.200633623,3.192391136,3.200836338,3.198842514,3.213376334,3.203977744,3.185282897,3.189880889
1,653,38.46820606,96.17051515,2347,25.56773336,29.31385468,21.76666667,31.92141191,3.200441664,3.192561216,3.176253053,3.210796371,3.205761792,3.204167815,3.195141416,3.203421414
1,654,38.46503841,96.16259602,2346,25.46721689,-35.23061397,21.8,28.34980023,3.194365117,3.201638858,3.192635334,3.212130308,3.187438107,3.209858271,3.200311327,3.196084264
1,655,38.46186906,96.15467266,2345,25.90880318,15.36404424,21.83333333,27.73478759,3.201336023,3.205866784,3.210933974,3.202505144,3.192874431,3.200445041,3.214534346,3.210781425
1,656,38.45869802,96.14674506,2344,25.60710621,-28.80100986,21.86666667,29.73506576,3.207270108,3.206365496,3.205595601,3.209270039,3.19634697,3.189159311,3.200552028,3.193459347
1,657,38.45552529,96.13881323,2343,25.60167152,-6.734514559,21.9,28.4490117,3.191559834,3.194237771,3.219882511,3.201088997,3.202895263,3.190221098,3.185249976,3.193447579
1,658,38.45235087,96.13087717,2342,25.59710499,3.887073204,21.93333333,28.71861075,3.211505565,3.202674204,3.204788761,3.205908528,3.195269205,3.211103725,3.194937539,3.211249859
1,659,38.44917476,96.12293689,2341,25.62377017,-7.78084122,21.96666667,32.4859312,3.203538417,3.185687639,3.194015924,3.185720492,3.209306257,3.199802117,3.18217326,3.203005975
1,660,38.44599696,96.11499239,2340,25.58267675,1.568934064,22,27.50478143,3.195702686,3.188129553,3.213423727,3.200858287,3.197652549,3.196804602,3.187893764,3.189563609
1,661,38.44281747,96.10704368,2339,25.53116056,39.7221047,22.03333333,27.42803039,3.210279334,3.196208937,3.200176542,3.183645356,3.189455264,3.2048785,3.203021694,3.214027002
1,662,38.4396363,96.09909075,2338,25.53437693,-29.1826149,22.06666667,28.20984132,3.210743651,3.198154312,3.203783629,3.197467172,3.216438479,3.209192118,3.201357481,3.201603158
1,663,38.43645345,96.09113363,2337,25.59606961,14.03648363,22.1,29.92872868,3.211558802,3.204636623,3.212469024,3.182450817,3.203689826,3.195876521,3.214051024,3.212371189
1,664,38.43326892,96.0831723,2336,25.53478903,-8.319922689,22.13333333,25.28823875,3.200262686,3.212285048,3.214264916,3.200595253,3.21977547,3.199749271,3.198283832,3.206926981
1,665,38.43008271,96.07520677,2335,25.51445851,-29.35921609,22.16666667,24.4619994,3.197169674,3.200682718,3.211275475,3.200153751,3.186439858,3.202938555,3.194429651,3.206922169
1,666,38.42689482,96.06723705,2334,25.61277163,-27.30105893,22.2,26.94319251,3.205569518,3.211771203,3.207260258,3.208721954,3.194647226,3.206431892,3.21574761,3.194490801
1,667,38.42370525,96.05926314,2333,25.56940273,35.9418485,22.23333333,25.05893867,3.214397906,3.195605199,3.19318423,3.202369604,3.205727283,3.207294001,3.192305901,3.203476321
1,668,38.42051402,96.05128504,2332,25.78047916,30.36811974,22.26666667,27.23530357,3.194515563,3.188088622,3.192570109,3.193992797,3.204172761,3.209217709,3.188214347,3.202815689
1,669,38.4173211,96.04330276,2331,25.28188362,32.56335683,22.3,28.90449945,3.190586415,3.205032683,3.195018155,3.191589368,3.206397316,3.195304619,3.197472288,3.182240087
1,670,38.41412652,96.03531631,2330,25.73098082,39.32262207,22.33333333,26.39665205,3.207572411,3.206567268,3.200043663,3.187779352,3.209674953,3.194669893,3.196373172,3.218496352
1,671,38.41093027,96.02732568,2329,25.74953022,-23.3347688,22.36666667,25.43171216,3.194370908,3.20593768,3.204496738,3.203121378,3.202256004,3.203011108,3.202175525,3.199584653
1,672,38.40773235,96.01933088,2328,25.35119317,-11.56485301,22.4,28.12480689,3.212090265,3.189498716,3.208171665,3.206578738,3.205587193,3.208935835,3.199259205,3.185048207
1,673,38.40453277,96.01133192,2327,25.55887749,13.53752239,22.43333333,29.55257827,3.199421659,3.192070446,3.194145126,3.190060643,3.196181241,3.19522701,3.180979441,3.205601775
1,674,38.40133152,96.0033288,2326,25.5554271,-1.295796811,22.46666667,24.94904781,3.217762575,3.204849898,3.198376608,3.199562029,3.196632113,3.200720333,3.199703935,3.193271613
1,675,38.39812861,95.99532152,2325,25.4310986,-6.52883733,22.5,29.47641832,3.213463107,3.188102766,3.205746652,3.199190419,3.215206655,3.202726917,3.197120756,3.198018342
1,676,38.39492403,95.98731009,2324,25.506662,-11.37510005,22.53333333,29.47115117,3.200319254,3.190857674,3.193865044,3.185720448,3.192616185,3.200751252,3.2024014,3.184165362
1,677,38.3917178,95.9792945,2323,25.4667309,7.502450555,22.56666667,29.71735318,3.198902306,3.20450728,3.198696702,3.194929691,3.196702711,3.195673893,3.194906156,3.201390588
1,678,38.38850991,95.97127478,2322,25.81027245,6.047474291,22.6,30.19326439,3.218461506,3.194050401,3.197454859,3.199586416,3.194501165,3.208785886,3.181032917,3.195751527
1,679,38.38530036,95.96325091,2321,25.71228141,-27.08337327,22.63333333,31.96362506,3.20654651,3.197647246,3.193433288,3.203526054,3.207250746,3.201685084,3.193590237,3.203649627
1,680,38.38208916,95.9552229,2320,25.75258661,-2.260812999,22.66666667,27.35903431,3.196783606,3.205961495,3.211866071,3.179155386,3.20088854,3.186114129,3.219534309,3.196255004
1,681,38.37887631,95.94719077,2319,25.68660065,4.277742097,22.7,28.19722884,3.205970986,3.199717465,3.193575323,3.192623576,3.212685433,3.207647504,3.215548673,3.200443627
1,682,38.3756618,95.9391545,2318,25.46451379,5.622955099,22.73333333,27.25041082,3.202303357,3.197862467,3.197703342,3.191664905,3.200672082,3.193686027,3.203535271,3.201360082
1,683,38.37244564,95.93111411,2317,25.53705757,-23.19142457,22.76666667,28.00355832,3.202301456,3.21340104,3.199698256,3.206053816,3.216412076,3.210452937,3.209225358,3.197546494
1,684,38.36922784,95.92306959,2316,25.65872495,19.38171138,22.8,30.75917204,3.201837144,3.18945379,3.203991315,3.202195681,3.200187081,3.208217558,3.190337801,3.213078903
1,685,38.36600838,95.91502096,2315,25.45334466,-37.98407241,22.83333333,25.57897393,3.207214118,3.199434928,3.198810163,3.20384489,3.21216681,3.200812862,3.201152247,3.200144948
1,686,38.36278729,95.90696822,2314,25.68555981,-11.61345156,22.86666667,26.45011059,3.214256193,3.197048935,3.199763939,3.211707485,3.201176087,3.209096471,3.19270976,3.19835766
1,687,38.35956454,95.89891136,2313,25.57116095,22.41701188,22.9,30.47892569,3.211875472,3.194589282,3.198789608,3.202053482,3.192086764,3.196689519,3.200901093,3.200373454
1,688,38.35634016,95.8908504,2312,25.5550215,5.111433684,22.93333333,29.83606571,3.210242816,3.212331658,3.193151321,3.200890148,3.205393986,3.21213078,3.205747922,3.202327307
1,689,38.35311414,95.88278534,2311,25.6853152,-19.1070054,22.96666667,27.34636304,3.20533234,3.205390151,3.192578286,3.20154239,3.211673288,3.198341146,3.201035573,3.198059868
1,690,38.34988647,95.87471618,2310,25.6533116,15.59624955,23,29.5379236,3.181489124,3.200164721,3.202414335,3.195900053,3.190762904,3.192955148,3.206113501,3.215780198
1,691,38.34665717,95.86664293,2309,25.55668406,5.391275532,23.03333333,28.61418852,3.211059467,3.189245232,3.206837018,3.194694701,3.195341863,3.196304195,3.205648536,3.207674027
1,692,38.34342623,95.85856558,2308,25.73911958,23.69948876,23.06666667,30.7004943,3.199215751,3.199351434,3.20371411,3.204543956,3.209409806,3.189725024,3.200160219,3.191455805
1,693,38.34019366,95.85048415,2307,25.4702724,18.8020149,23.1,28.13411727,3.199592462,3.198190598,3.199626004,3.193602057,3.188101682,3.1832445,3.198950559,3.196551991
1,694,38.33695946,95.84239864,2306,25.67391227,8.808633763,23.13333333,29.8461378,3.194592499,3.210580388,3.193124495,3.211334673,3.21299075,3.184392796,3.200739052,3.196802428
1,695,38.33372362,95.83430905,2305,25.67117215,-0.945785975,23.16666667,32.75562144,3.176705568,3.18844287,3.206199489,3.216153594,3.207221425,3.20258906,3.199829341,3.213461303
1,696,38.33048615,95.82621538,2304,25.56285443,-29.34542995,23.2,29.07657848,3.217185914,3.195305259,3.184000108,3.1832145,3.210575048,3.199623532,3.201465935,3.185674792
1,697,38.32724706,95.81811764,2303,25.63913596,-19.09335857,23.23333333,28.0887907,3.193974489,3.197636153,3.201662707,3.196811264,3.19170139,3.193723464,3.209666586,3.201958277
1,698,38.32400634,95.81001584,2302,25.44986637,-6.472042167,23.26666667,29.30040457,3.204897254,3.19280901,3.176369412,3.195815166,3.193067436,3.202792098,3.22628579,3.205561328
1,699,38.32076399,95.80190997,2301,25.71088324,7.943942961,23.3,27.34249446,3.221887681,3.204550158,3.19496091,3.202783329,3.214245109,3.214636501,3.195397301,3.20202547
1,700,38.31752002,95.79380004,2300,25.57781174,1.096628417,23.33333333,32.29834187,3.188565865,3.206597349,3.212426838,3.200318396,3.194660928,3.202881048,3.203339672,3.200649151
1,701,38.31427442,95.78568606,2299,25.53727324,-16.94523792,23.36666667,28.32412787,3.201429721,3.198609481,3.207967639,3.20588982,3.192135175,3.191915275,3.197965005,3.205894697
1,702,38.31102721,95.77756802,2298,25.72588111,-39.48285138,23.4,27.50872002,3.201184459,3.194854797,3.202092149,3.197353516,3.207043892,3.202664467,3.197477775,3.20185215
1,703,38.30777837,95.76944593,2297,25.51547876,-0.300862248,23.43333333,26.49575979,3.210520384,3.195442959,3.203221256,3.199436317,3.203415869,3.19476348,3.200882683,3.208862586
1,704,38.30452792,95.7613198,2296,25.43098464,-17.14992092,23.46666667,29.97499634,3.192503944,3.189364759,3.189668355,3.1906347,3.204762586,3.188753123,3.197616837,3.204946314
1,705,38.30127585,95.75318963,2295,25.4132045,18.76866406,23.5,29.56093734,3.203333272,3.196915528,3.20152739,3.200857163,3.198206072,3.198313322,3.217883419,3.206474487
1,706,38.29802217,95.74505543,2294,25.67272119,-38.08429878,23.53333333,27.10476213,3.219845207,3.196024295,3.199320267,3.189342994,3.193523466,3.215215305,3.195823726,3.21535425
1,707,38.29476687,95.73691718,2293,25.44634848,6.786224904,23.56666667,29.03761242,3.190053102,3.191572248,3.19727015,3.199490001,3.207384698,3.203606163,3.196669478,3.198933474
1,708,38.29150997,95.72877491,2292,25.8105753,35.317939,23.6,25.28459926,3.197447497,3.19268277,3.192896297,3.208223071,3.185374681,3.21293887,3.197256046,3.193819931
1,709,38.28825145,95.72062861,2291,25.35016847,-26.04725863,23.63333333,28.33294704,3.205918074,3.211881733,3.20894106,3.204014816,3.208694908,3.186268019,3.195825356,3.19271064
1,710,38.28499132,95.71247829,2290,25.80357476,-2.26804074,23.66666667,28.81496143,3.20979711,3.196932176,3.206763252,3.204286856,3.193101545,3.195304334,3.210350542,3.193796139
1,711,38.28172958,95.70432396,2289,25.6253221,-32.68624065,23.7,31.07319366,3.200998941,3.19373967,3.197488383,3.199630704,3.193737068,3.192316424,3.202290187,3.193242101
1,712,38.27846624,95.6961656,2288,25.58839443,10.05455298,23.73333333,26.61252616,3.19351474,3.192487575,3.199376736,3.207549613,3.212052229,3.194192655,3.217202486,3.191962361
1,713,38.27520129,95.68800324,2287,25.53460971,4.042534448,23.76666667,25.69896527,3.208668388,3.194226428,3.193032614,3.194041951,3.199580418,3.204639777,3.205358944,3.19244812
1,714,38.27193475,95.67983686,2286,25.64789633,-7.410758063,23.8,26.38822967,3.192082726,3.19266689,3.199109165,3.198318755,3.192398596,3.20215683,3.21810055,3.195962276
1,715,38.26866659,95.67166649,2285,25.59548384,1.710161718,23.83333333,25.5941767,3.196531905,3.204477293,3.19552947,3.205351716,3.194251658,3.214656957,3.2027582,3.195039816
1,716,38.26539684,95.66349211,2284,25.73239623,31.72597268,23.86666667,30.40598324,3.195290466,3.195889602,3.210981997,3.189849992,3.194656467,3.195506716,3.199874496,3.197831122
1,717,38.26212549,95.65531373,2283,25.61370732,-24.29645582,23.9,30.78755073,3.188070177,3.196801419,3.199203595,3.194975217,3.205494204,3.207355267,3.199372906,3.201844333
1,718,38.25885255,95.64713137,2282,25.61803621,-38.19483906,23.93333333,28.57638984,3.182711552,3.196631178,3.208038574,3.196612507,3.194101907,3.218221511,3.214552618,3.203740599
1,719,38.255578,95.63894501,2281,25.55636653,28.93319078,23.96666667,30.1983309,3.209111285,3.182192517,3.193699588,3.196240337,3.198112159,3.196080448,3.17959979,3.203088197
1,720,38.25230187,95.63075467,2280,25.59316653,6.169366591,24,28.24112509,3.204349233,3.21281519,3.193693526,3.193038695,3.178560124,3.197651465,3.207208894,3.195105857
1,721,38.24902414,95.62256034,2279,25.63693621,31.25267644,24.03333333,27.82879903,3.217147559,3.197947241,3.201175938,3.189095175,3.202297763,3.184165442,3.205549584,3.205795425
1,722,38.24574481,95.61436204,2278,25.39477979,7.755617873,24.06666667,27.40053229,3.210874331,3.19184025,3.201284497,3.204510532,3.203538253,3.193077606,3.180864145,3.202775682
1,723,38.2424639,95.60615976,2277,25.43821775,24.8128872,24.1,27.44129622,3.198780003,3.195466635,3.206111563,3.199640644,3.18944644,3.184548382,3.190968294,3.219144098
1,724,38.2391814,95.59795351,2276,25.68919169,-5.626130932,24.13333333,25.2139572,3.205782214,3.201508899,3.198546713,3.198020856,3.209337568,3.196075234,3.204615363,3.197212576
1,725,38.23589731,95.58974329,2275,25.62050385,19.9887945,24.16666667,28.47565857,3.215521253,3.205938308,3.209964455,3.195324722,3.208465089,3.197499381,3.200880279,3.213080381
1,726,38.23261164,95.5815291,2274,25.577922,33.04331735,24.2,27.92739896,3.1916578,3.201625982,3.203504042,3.204160035,3.196393724,3.216690113,3.189640545,3.211671083
1,727,38.22932438,95.57331096,2273,25.60221207,5.769837098,24.23333333,29.3416493,3.209720525,3.21520711,3.187294183,3.193049348,3.211935544,3.184983687,3.187148329,3.196093538
1,728,38.22603554,95.56508886,2272,25.6417098,-25.53718796,24.26666667,28.16834229,3.20153595,3.212737801,3.198517873,3.195134087,3.20249112,3.203756772,3.203529919,3.19857611
1,729,38.22274512,95.5568628,2271,25.53522884,-18.4961908,24.3,27.70713334,3.184359311,3.192659072,3.211362169,3.201496552,3.197419823,3.208945348,3.190959067,3.198197215
1,730,38.21945312,95.54863279,2270,25.50660343,-24.10843385,24.33333333,26.43185255,3.201102067,3.19646898,3.200806103,3.198498449,3.188805256,3.201451823,3.189373186,3.201324921
1,731,38.21615954,95.54039884,2269,25.62350143,-20.25143779,24.36666667,28.12987583,3.210993087,3.197751814,3.190628135,3.198984097,3.193344231,3.204756072,3.19881609,3.213678106
1,732,38.21286438,95.53216094,2268,25.48259527,-15.48676405,24.4,29.32882702,3.209303917,3.198775356,3.205724873,3.196854109,3.200271655,3.197108526,3.206131648,3.211463906
1,733,38.20956764,95.52391911,2267,25.64899033,4.41070294,24.43333333,25.94198982,3.206389186,3.207375493,3.207384267,3.204410047,3.190885711,3.213607772,3.214435287,3.198128963
1,734,38.20626933,95.51567333,2266,25.39568997,7.039330357,24.46666667,28.15745276,3.197034417,3.204899293,3.204406503,3.198384431,3.189999795,3.20244561,3.204411492,3.205806569
1,735,38.20296945,95.50742363,2265,25.72349868,-5.880020221,24.5,28.41947731,3.202794342,3.197831079,3.207952016,3.200526788,3.196280616,3.198554773,3.186032248,3.198542065
1,736,38.199668,95.49916999,2264,25.6567117,9.233662386,24.53333333,26.70748339,3.205507492,3.202718264,3.212165313,3.197896201,3.203898505,3.206341921,3.218742856,3.201158124
1,737,38.19636497,95.49091243,2263,25.63072357,-33.47400595,24.56666667,26.94185865,3.191646503,3.20678343,3.214925819,3.19741961,3.206728652,3.209829824,3.208136524,3.201004468
1,738,38.19306038,95.48265095,2262,25.71792292,-32.97694104,24.6,28.41509953,3.19441221,3.199349764,3.203668804,3.20726578,3.20267156,3.196960736,3.204443037,3.206880681
1,739,38.18975422,95.47438555,2261,25.79985693,-26.25364317,24.63333333,25.95984217,3.20303688,3.193310503,3.198548752,3.207582566,3.188935858,3.183254576,3.212064663,3.204091322
1,740,38.18644649,95.46611623,2260,25.72172441,1.446199843,24.66666667,28.62986269,3.20485384,3.191385464,3.205900225,3.20220199,3.187325379,3.211394267,3.201269467,3.196831328
1,741,38.1831372,95.457843,2259,25.37909509,-22.8804257,24.7,26.38836213,3.196976082,3.183878225,3.204746693,3.202094858,3.198447359,3.210227882,3.188929128,3.19522582
1,742,38.17982634,95.44956586,2258,25.44645076,-17.33724772,24.73333333,29.91313665,3.193199934,3.19776964,3.20053976,3.203440108,3.197224212,3.192981154,3.213488056,3.219293122
1,743,38.17651393,95.44128482,2257,25.52502177,-7.974973106,24.76666667,32.20808994,3.201146293,3.193945757,3.211803633,3.188425943,3.197321813,3.194431064,3.190723716,3.197759806
1,744,38.17319995,95.43299987,2256,25.60313093,24.94928992,24.8,26.45063776,3.193086623,3.200101236,3.200217417,3.195029346,3.197035893,3.198153208,3.206478768,3.198812565
1,745,38.16988441,95.42471103,2255,25.66211908,-38.89102913,24.83333333,28.96157415,3.206597614,3.204686504,3.204572246,3.211102768,3.191044873,3.196214535,3.21410639,3.197941468
1,746,38.16656732,95.41641829,2254,25.51291074,11.95030562,24.86666667,26.69186457,3.17747901,3.198376253,3.201079516,3.179063095,3.210671485,3.1942903,3.202628505,3.198192148
1,747,38.16324866,95.40812166,2253,25.62241201,13.51012248,24.9,29.87371751,3.189693189,3.191435935,3.192519337,3.208685375,3.198819694,3.195825076,3.192523129,3.209569202
1,748,38.15992846,95.39982114,2252,25.50935405,23.89246243,24.93333333,25.72253486,3.21171361,3.209477951,3.203939499,3.20231864,3.190272497,3.198033447,3.194529118,3.185395903
1,749,38.15660669,95.39151674,2251,25.52661786,34.62023512,24.96666667,28.86505617,3.208456347,3.19443336,3.209567535,3.207053971,3.204453744,3.204903073,3.195077489,3.214862801
1,750,38.15328338,95.38320845,2250,25.43120067,-38.38897208,25,26.42861986,3.200345003,3.202415453,3.194807389,3.192550678,3.203818368,3.201740108,3.193685181,3.188492586
1,751,38.14995851,95.37489629,2249,25.48921201,-27.69730356,25.03333333,27.62742774,3.189840615,3.20956907,3.195093969,3.197288732,3.211602722,3.191022796,3.194184041,3.193849865
1,752,38.1466321,95.36658025,2248,25.43779785,30.89370352,25.06666667,26.1441545,3.212944548,3.215947068,3.206012506,3.206267078,3.19535716,3.215578628,3.20214157,3.206824882
1,753,38.14330414,95.35826034,2247,25.48289521,-3.318515025,25.1,29.48023085,3.1991558,3.197855739,3.213304338,3.204317789,3.211611004,3.202042625,3.193213068,3.195333257
1,754,38.13997462,95.34993656,2246,25.72643702,5.167251115,25.13333333,26.49343536,3.200823722,3.194987998,3.191140309,3.209611336,3.195641039,3.201105542,3.202369069,3.195294775
1,755,38.13664357,95.34160892,2245,25.48607213,13.0421763,25.16666667,28.99353567,3.211606396,3.191062866,3.202093002,3.201968942,3.199565963,3.189624699,3.20696654,3.205948085
1,756,38.13331097,95.33327742,2244,25.91588585,14.32532836,25.2,27.38062355,3.194595452,3.205659898,3.202999261,3.189755103,3.193168569,3.209106252,3.202475329,3.195485576
1,757,38.12997682,95.32494205,2243,25.65919815,34.53923227,25.23333333,27.79394973,3.193132193,3.19587685,3.196444164,3.193232296,3.186065887,3.209120106,3.207765069,3.189813956
1,758,38.12664114,95.31660284,2242,25.62218033,39.75595339,25.26666667,28.26596063,3.20109049,3.192782094,3.197907462,3.197241867,3.196577326,3.216023577,3.196477395,3.193533889
1,759,38.12330391,95.30825977,2241,25.49699707,17.61259687,25.3,26.62871559,3.193899349,3.208350216,3.186783181,3.193899017,3.211574583,3.20195189,3.201535376,3.217057172
1,760,38.11996514,95.29991285,2240,25.68403719,-17.02230326,25.33333333,28.3786608,3.201970784,3.194334511,3.197743384,3.190916542,3.210047496,3.204596494,3.208995313,3.209703871
1,761,38.11662484,95.29156209,2239,25.53092346,30.38019218,25.36666667,30.75460222,3.196686314,3.192441977,3.199586295,3.193017911,3.201319655,3.209056775,3.198654883,3.201199961
1,762,38.113283,95.28320749,2238,25.61464118,-36.06232684,25.4,26.59942939,3.199249235,3.206421821,3.194657741,3.18242843,3.203766951,3.207902675,3.203570994,3.194878156
1,763,38.10993962,95.27484905,2237,25.90721014,-21.51353177,25.43333333,30.10925826,3.190919903,3.20395598,3.201131832,3.198993659,3.214579707,3.192425599,3.214200296,3.200254271
1,764,38.10659471,95.26648677,2236,25.58847281,31.7908574,25.46666667,30.69657574,3.185315436,3.198566379,3.207675969,3.19707956,3.188201772,3.198683884,3.193142621,3.203934515
1,765,38.10324827,95.25812067,2235,25.7379128,-19.50467884,25.5,26.53092102,3.206187199,3.191549837,3.194353568,3.20605314,3.193129246,3.191342735,3.190570471,3.202816309
1,766,38.09990029,95.24975073,2234,25.51561883,-22.34791523,25.53333333,25.38090171,3.202473262,3.194527632,3.200040683,3.212217059,3.192207519,3.184386059,3.203640605,3.199116791
1,767,38.09655079,95.24137697,2233,25.59580138,-28.94997655,25.56666667,28.54352962,3.194319799,3.205216642,3.206713801,3.182333776,3.194779217,3.21854013,3.204667239,3.205408829
1,768,38.09319975,95.23299939,2232,25.81249608,28.72894061,25.6,27.01466646,3.209383154,3.200136551,3.206373473,3.205744496,3.204312332,3.197423904,3.201376471,3.195293107
1,769,38.08984719,95.22461798,2231,25.52476395,0.004660735,25.63333333,31.36348579,3.200102514,3.190652073,3.193675008,3.197741504,3.192450357,3.195959862,3.198688592,3.203218099
1,770,38.08649311,95.21623277,2230,25.81749383,13.99145624,25.66666667,28.06265357,3.207594058,3.196289725,3.210680837,3.207508889,3.204032751,3.201229193,3.202552967,3.209496409
1,771,38.08313749,95.20784374,2229,25.68493023,-20.87468927,25.7,26.55604107,3.209788637,3.210679574,3.200330615,3.204439737,3.210748372,3.195010272,3.197452665,3.200128293
1,772,38.07978036,95.1994509,2228,25.53250399,20.64323368,25.73333333,25.93511288,3.20719679,3.207321377,3.198153087,3.187931124,3.201969472,3.192653471,3.18808051,3.189889028
1,773,38.0764217,95.19105425,2227,25.67588893,20.8004436,25.76666667,29.96182893,3.202611048,3.210888299,3.200311156,3.201691045,3.20946316,3.187644361,3.204161411,3.199907282
1,774,38.07306152,95.1826538,2226,25.71670653,-14.99215801,25.8,26.97186885,3.20452846,3.196132129,3.193456502,3.201124071,3.213193531,3.206887281,3.195938458,3.189272224
1,775,38.06969982,95.17424956,2225,25.6746172,-7.145389359,25.83333333,28.07889184,3.186543462,3.210528796,3.192359342,3.197395893,3.210569689,3.187088788,3.211938116,3.197970876
1,776,38.06633661,95.16584151,2224,25.41157303,-23.22477781,25.86666667,29.72044494,3.190811333,3.198021193,3.194219226,3.203526558,3.194814941,3.184706862,3.1982355,3.18914764
1,777,38.06297187,95.15742968,2223,25.51274354,38.12488187,25.9,27.12833497,3.201634559,3.190502957,3.196095898,3.201460702,3.19830033,3.202003442,3.205442297,3.19073653
1,778,38.05960562,95.14901405,2222,25.57029776,11.64820616,25.93333333,27.91732811,3.19948482,3.17336397,3.201978666,3.197593487,3.192132402,3.202525755,3.209381581,3.196191858
1,779,38.05623785,95.14059464,2221,25.59106799,34.76351046,25.96666667,27.97017686,3.192441484,3.201320202,3.189315147,3.194716949,3.209779217,3.200497434,3.184964264,3.185624067
1,780,38.05286858,95.13217144,2220,25.67448065,-15.72915651,26,29.22998412,3.201296686,3.206899125,3.187059028,3.203597701,3.210642748,3.215102872,3.202649782,3.204054421
1,781,38.04949778,95.12374446,2219,25.62132412,22.55127304,26.03333333,29.0633398,3.182934525,3.21679802,3.195396078,3.192532231,3.197958351,3.212093387,3.217664368,3.201003269
1,782,38.04612548,95.11531371,2218,25.43975868,21.26869151,26.06666667,27.60379528,3.207984673,3.200345632,3.191697636,3.211813949,3.19502298,3.212284246,3.210388331,3.20491229
1,783,38.04275167,95.10687918,2217,25.64562374,15.33245215,26.1,28.11456831,3.214631798,3.217858768,3.198598053,3.193529647,3.185085841,3.217957458,3.196482544,3.209080295
1,784,38.03937635,95.09844088,2216,25.67327029,37.25111802,26.13333333,27.33079778,3.194069957,3.212306125,3.194399059,3.190466247,3.198331949,3.195745794,3.204770398,3.199588841
1,785,38.03599952,95.08999881,2215,25.66717485,-8.515573111,26.16666667,25.34029767,3.205021619,3.197671828,3.194679141,3.195331516,3.21635951,3.201801367,3.184129902,3.195838328
1,786,38.03262119,95.08155298,2214,25.72969369,-29.54261411,26.2,28.46368154,3.200774928,3.214763197,3.20822959,3.192626257,3.219346846,3.199750717,3.209970638,3.190759932
1,787,38.02924135,95.07310338,2213,25.70007066,13.73670874,26.23333333,31.40594517,3.180814695,3.188732548,3.173997332,3.216896715,3.201716263,3.192602848,3.203620992,3.201514672
1,788,38.02586001,95.06465003,2212,25.65510161,18.34478404,26.26666667,26.40930555,3.204967467,3.209676251,3.197680631,3.192961286,3.206622202,3.206418662,3.200805886,3.217420434
1,789,38.02247717,95.05619292,2211,25.59158011,6.004845877,26.3,26.60854652,3.196497423,3.192801136,3.203344731,3.194600497,3.203964132,3.193335934,3.196798062,3.215126723
1,790,38.01909282,95.04773206,2210,25.40068469,-23.45456855,26.33333333,26.43269001,3.196755301,3.193609188,3.20936543,3.191591664,3.194456454,3.204612489,3.207507291,3.209763811
1,791,38.01570698,95.03926745,2209,25.65155419,0.356475334,26.36666667,29.3042652,3.194022225,3.204768069,3.196271134,3.195154755,3.209625702,3.195603565,3.202225637,3.201244636
1,792,38.01231964,95.03079909,2208,25.62492252,-15.02482107,26.4,28.80727382,3.191433965,3.207728743,3.204482247,3.184109675,3.202219369,3.193816213,3.208776602,3.188436801
1,793,38.0089308,95.02232699,2207,25.63258946,-5.802677747,26.43333333,27.71463215,3.197148184,3.202896196,3.200434722,3.206103666,3.187852624,3.213215315,3.204201157,3.210877746
1,794,38.00554046,95.01385115,2206,25.44679017,11.61748607,26.46666667,26.34756569,3.206993921,3.199907119,3.189726414,3.195491575,3.212716507,3.211083502,3.1950432,3.177453566
1,795,38.00214863,95.00537157,2205,25.47027322,19.61717942,26.5,28.16627822,3.198298482,3.197698377,3.198001819,3.204228314,3.207009701,3.207922396,3.203565673,3.185593834
1,796,37.99875531,94.99688826,2204,25.72637834,-21.42202473,26.53333333,25.18368017,3.197270402,3.218432718,3.202993734,3.202942557,3.202875888,3.203323037,3.180935103,3.198083805
1,797,37.99536049,94.98840122,2203,25.59525338,-7.573971148,26.56666667,28.25816782,3.199696857,3.210251963,3.200381383,3.186827909,3.203440713,3.193569403,3.190265715,3.193326728
1,798,37.99196418,94.97991045,2202,25.68178008,-18.46707432,26.6,29.56874389,3.204340034,3.21007009,3.20386344,3.205056186,3.203784362,3.200810617,3.205575445,3.180649796
1,799,37.98856638,94.97141596,2201,25.60339821,-24.10947089,26.63333333,25.74784155,3.200888707,3.1916406,3.209303221,3.198822758,3.200247585,3.187959425,3.208134647,3.205018625
1,800,37.9851671,94.96291774,2200,25.60357074,22.6709776,26.66666667,25.2414671,3.204455583,3.193495817,3.193810881,3.201788796,3.194444013,3.203479144,3.182712699,3.196099644
1,801,37.98176632,94.95441581,2199,25.71259406,32.74021555,26.7,30.84298821,3.214374028,3.203515887,3.201334349,3.215881812,3.181312371,3.193477511,3.196790615,3.20686681
1,802,37.97836406,94.94591015,2198,25.53807463,-10.38142515,26.73333333,26.89883265,3.207005251,3.193071946,3.207983635,3.196773482,3.209693117,3.191738858,3.199013507,3.196078661
1,803,37.97496032,94.93740079,2197,25.61153449,20.10231395,26.76666667,30.04470612,3.208448243,3.19581775,3.199660412,3.204054491,3.204362068,3.207095621,3.201688998,3.196654009
1,804,37.97155509,94.92888772,2196,25.54452697,31.75962315,26.8,27.7228042,3.19720241,3.200205379,3.20199674,3.198822627,3.200153627,3.187861969,3.205338842,3.201448898
1,805,37.96814837,94.92037094,2195,25.54786045,27.68993684,26.83333333,27.70848133,3.208014963,3.200001284,3.186092819,3.19713243,3.198400561,3.205943226,3.183437812,3.200329436
1,806,37.96474018,94.91185045,2194,25.56289935,-25.37492892,26.86666667,28.78914286,3.204109402,3.194708097,3.200597024,3.194983708,3.194163417,3.196732641,3.194314464,3.205468946
1,807,37.96133051,94.90332627,2193,25.62665605,36.50335052,26.9,26.40880206,3.194120385,3.19277672,3.214143429,3.20768592,3.185107893,3.193881854,3.201939704,3.202590041
1,808,37.95791935,94.89479839,2192,25.54255017,-9.865884766,26.93333333,28.23849486,3.188076057,3.209268524,3.206601795,3.203855213,3.210853828,3.20361832,3.203588647,3.212461434
1,809,37.95450672,94.88626681,2191,25.75069074,-12.86074711,26.96666667,27.31331905,3.208809757,3.19326794,3.205065561,3.194685857,3.204033236,3.203812908,3.188932262,3.199025235
1,810,37.95109262,94.87773154,2190,25.49264712,-35.00549382,27,25.6231118,3.202122056,3.196509678,3.20251768,3.206447182,3.199755255,3.201796796,3.211067393,3.203785573
1,811,37.94767703,94.86919258,2189,25.5775754,-1.106107672,27.03333333,28.60746773,3.201606594,3.192335365,3.205368208,3.2026412,3.210269915,3.200375028,3.185469868,3.186399033
1,812,37.94425997,94.86064994,2188,25.54723227,-31.27891075,27.06666667,27.52604595,3.205885446,3.195438451,3.203494142,3.200913861,3.198665283,3.19922911,3.193076884,3.199873778
1,813,37.94084144,94.85210361,2187,25.77363735,-20.11681433,27.1,27.71735531,3.195324053,3.197021948,3.197410808,3.198186454,3.207377388,3.198961673,3.208189619,3.21230284
1,814,37.93742144,94.8435536,2186,25.62358657,-14.64459026,27.13333333,25.8217103,3.206839557,3.204275748,3.202614658,3.20692287,3.200714886,3.207876559,3.204912846,3.197121276
1,815,37.93399997,94.83499992,2185,25.72382134,24.70610588,27.16666667,30.86452066,3.207166807,3.20073184,3.199150944,3.196190407,3.201328151,3.207971701,3.20711152,3.20282715
1,816,37.93057702,94.82644256,2184,25.42173276,30.03909203,27.2,29.57808554,3.204797149,3.210173574,3.19880027,3.19107664,3.210409039,3.195761774,3.194477295,3.185630418
1,817,37.92715261,94.81788153,2183,25.63204603,-15.8026946,27.23333333,29.73548059,3.204570264,3.187028379,3.19399793,3.204705894,3.20577537,3.194786367,3.198926773,3.193019244
1,818,37.92372673,94.80931683,2182,25.7067557,28.6958497,27.26666667,27.45019954,3.195612826,3.202129722,3.195986827,3.19804628,3.188282347,3.209063649,3.204080533,3.206343243
1,819,37.92029939,94.80074847,2181,25.60987408,28.57847499,27.3,24.8874708,3.210323403,3.193398297,3.197132844,3.184841325,3.225123383,3.198803317,3.208309823,3.190094711
1,820,37.91687058,94.79217645,2180,25.72785765,21.17207603,27.33333333,31.51525129,3.207971107,3.214860727,3.199517754,3.191912948,3.198889629,3.182185908,3.199696906,3.206567737
1,821,37.9134403,94.78360076,2179,25.53792539,-28.26439088,27.36666667,27.89002449,3.199713939,3.197726884,3.204220545,3.204832199,3.186720755,3.200710584,3.219487881,3.18931987
1,822,37.91000857,94.77502142,2178,25.76912169,15.22582775,27.4,26.65216037,3.199316649,3.215533969,3.208833401,3.195892827,3.201649083,3.199983107,3.194015426,3.199405983
1,823,37.90657537,94.76643842,2177,25.87586777,35.60192517,27.43333333,28.75024283,3.197760271,3.200901992,3.194012935,3.189787054,3.199669754,3.213720946,3.200657623,3.19734725
1,824,37.90314071,94.75785178,2176,25.55645937,14.6032383,27.46666667,30.10081742,3.206032686,3.198733443,3.214944263,3.1999687,3.205603977,3.193963165,3.204024714,3.202200748
1,825,37.89970459,94.74926148,2175,25.5465397,-13.47065207,27.5,27.958509,3.199547951,3.195985938,3.194895759,3.202258821,3.205031513,3.198982698,3.202298143,3.199696683
1,826,37.89626702,94.74066754,2174,25.77440614,0.046345394,27.53333333,30.3014353,3.200788208,3.19839644,3.200143781,3.221584324,3.202493074,3.205162376,3.203504189,3.197897465
1,827,37.89282798,94.73206996,2173,25.78954866,11.65800347,27.56666667,29.94939989,3.210351914,3.19767069,3.208440436,3.197326344,3.19232022,3.20292317,3.191162653,3.204285122
1,828,37.8893875,94.72346874,2172,25.5372568,0.845632698,27.6,26.06251386,3.190446731,3.197447936,3.188546162,3.222593336,3.186768324,3.20007851,3.209146434,3.208291087
1,829,37.88594555,94.71486388,2171,25.54957758,-30.40376466,27.63333333,26.78717781,3.206810737,3.197462173,3.210808712,3.207307129,3.201698397,3.201924646,3.197568619,3.192722784
1,830,37.88250216,94.70625539,2170,25.56618585,-15.03487643,27.66666667,29.72356689,3.209897208,3.210497664,3.192927127,3.198769719,3.198852614,3.199738753,3.200514359,3.207574892
1,831,37.87905731,94.69764327,2169,25.43866594,24.19168244,27.7,23.11729739,3.194022262,3.193229224,3.209892958,3.196298842,3.189895717,3.19611896,3.197359578,3.212439702
1,832,37.87561101,94.68902752,2168,25.48976177,28.91344369,27.73333333,27.73097975,3.20739861,3.209180165,3.206559789,3.207569949,3.194495343,3.198411183,3.192080677,3.198316096
1,833,37.87216326,94.68040814,2167,25.47950311,-29.01599738,27.76666667,25.42450384,3.20547284,3.201076666,3.210491847,3.190868674,3.204001907,3.190013578,3.200753412,3.205922667
1,834,37.86871406,94.67178514,2166,25.50786429,36.19094019,27.8,27.14220316,3.198283979,3.204409013,3.192322141,3.18669048,3.204456237,3.213952082,3.19203164,3.209777553
1,835,37.86526341,94.66315853,2165,25.59583781,-13.69419057,27.83333333,27.46212384,3.200347387,3.189314468,3.190947958,3.200126278,3.196764302,3.189496696,3.186447686,3.193226245
1,836,37.86181132,94.65452829,2164,25.62810577,12.9850991,27.86666667,27.35516012,3.201550472,3.199948794,3.195990096,3.201615098,3.208320214,3.203153012,3.199029531,3.207424576
1,837,37.85835778,94.64589444,2163,25.78606006,20.14601168,27.9,27.00592975,3.192321198,3.198200644,3.198391297,3.190104374,3.196641007,3.183400323,3.215297424,3.19250069
1,838,37.85490279,94.63725698,2162,25.48019752,24.95569877,27.93333333,26.02514143,3.212688913,3.200304676,3.204518913,3.196089602,3.201663438,3.205203917,3.205316419,3.206198187
1,839,37.85144637,94.62861592,2161,25.71811869,35.65997618,27.96666667,32.12544028,3.197053338,3.196157123,3.187246589,3.204185752,3.20865903,3.212927853,3.202441381,3.193868162
1,840,37.8479885,94.61997124,2160,25.57432134,-14.96643616,28,31.36143161,3.186423231,3.208333334,3.185629787,3.197275167,3.198205545,3.199444359,3.200286421,3.20110518
1,841,37.84452919,94.61132297,2159,25.59406435,28.68051636,28.03333333,25.90828152,3.180677094,3.200117247,3.182163395,3.205857745,3.195558999,3.182743706,3.193486363,3.195439397
1,842,37.84106844,94.60267109,2158,25.68097834,-29.46504773,28.06666667,30.84781015,3.209525597,3.201573102,3.20275556,3.209449773,3.199230846,3.206033504,3.205470889,3.189708244
1,843,37.83760625,94.59401562,2157,25.46527336,16.40327251,28.1,27.28096212,3.211783869,3.188637586,3.207338933,3.187863416,3.204809894,3.214895319,3.198296171,3.197949155
1,844,37.83414262,94.58535655,2156,25.64588917,19.35821836,28.13333333,28.23253745,3.20488352,3.197364828,3.21454623,3.201537538,3.197438644,3.195677716,3.192536412,3.19497796
1,845,37.83067756,94.57669389,2155,25.61997426,14.2178593,28.16666667,27.88610687,3.197194613,3.196098887,3.194734598,3.21679073,3.191759239,3.201173061,3.204740168,3.205040864
1,846,37.82721106,94.56802765,2154,25.65909415,-19.81482111,28.2,26.81245245,3.199531143,3.198074379,3.20361238,3.202132173,3.197928329,3.187504971,3.19625661,3.190827599
1,847,37.82374312,94.55935781,2153,25.63470024,29.84345176,28.23333333,29.77093422,3.194662724,3.200265786,3.202869889,3.214243622,3.195700749,3.206197005,3.20244768,3.210367981
1,848,37.82027376,94.5506844,2152,25.89463602,-26.49132293,28.26666667,28.22659576,3.20460983,3.191932149,3.186215632,3.202490094,3.195772392,3.19215749,3.189859378,3.201287804
1,849,37.81680296,94.5420074,2151,25.5234712,-35.70921668,28.3,27.14220744,3.212061662,3.196730621,3.204722162,3.199181869,3.189684943,3.205878491,3.191242464,3.200173013
1,850,37.81333073,94.53332682,2150,25.53628037,17.39719925,28.33333333,25.651739,3.197267837,3.207144619,3.191534792,3.203126959,3.193281621,3.195911158,3.170918398,3.216736789
1,851,37.80985707,94.52464267,2149,25.52522314,-1.961942781,28.36666667,26.39152898,3.204404455,3.19386122,3.191002754,3.19603481,3.205735036,3.184863321,3.198867325,3.214165135
1,852,37.80638198,94.51595495,2148,25.53334275,27.9278416,28.4,25.04551579,3.190928429,3.20064308,3.217626479,3.205057213,3.201007391,3.204053092,3.196793077,3.21039705
1,853,37.80290546,94.50726366,2147,25.52351354,-9.328228715,28.43333333,28.02200239,3.19680536,3.184326547,3.196869575,3.192266124,3.197750448,3.197927328,3.209579386,3.205562342
1,854,37.79942752,94.4985688,2146,25.74268198,-26.53771292,28.46666667,25.84600193,3.202106124,3.199976437,3.191529136,3.182550598,3.20090528,3.20635713,3.199133329,3.195721165
1,855,37.79594815,94.48987037,2145,25.77046051,26.9153754,28.5,27.52199108,3.203716017,3.199333342,3.213485954,3.209861827,3.207676064,3.206061873,3.189678661,3.20530395
1,856,37.79246736,94.48116839,2144,25.53151044,3.912770531,28.53333333,30.46618334,3.203010608,3.204851398,3.203940876,3.203622101,3.221606932,3.199390515,3.207490699,3.196232082
1,857,37.78898514,94.47246285,2143,25.50011733,-24.86433661,28.56666667,30.15873923,3.206325133,3.207514559,3.202915409,3.213353976,3.192925792,3.196102232,3.201699041,3.207046455
1,858,37.7855015,94.46375375,2142,25.65656987,17.63071989,28.6,27.94190159,3.201435436,3.210286072,3.194706481,3.190875372,3.202465027,3.199382558,3.20434291,3.199780782
1,859,37.78201644,94.45504109,2141,25.53373323,0.889091079,28.63333333,27.84324749,3.197279842,3.199400499,3.200230791,3.19756015,3.198374944,3.196771253,3.206853321,3.201552168
1,860,37.77852996,94.44632489,2140,25.67595182,8.345038579,28.66666667,31.38377419,3.21805402,3.201285636,3.19559314,3.221365403,3.203309011,3.207920998,3.204736824,3.204984088
1,861,37.77504205,94.43760514,2139,25.62435076,-3.128132943,28.7,28.93736102,3.204285232,3.191183323,3.202940232,3.18940111,3.198605097,3.19419506,3.202859761,3.20267301
1,862,37.77155274,94.42888184,2138,25.41811071,26.29671871,28.73333333,27.40994837,3.203849167,3.202298373,3.195145397,3.197911972,3.207363169,3.208542853,3.190825735,3.187752579
1,863,37.768062,94.420155,2137,25.78570062,26.36501725,28.76666667,25.43316739,3.194184885,3.208361661,3.209719072,3.192602305,3.202458475,3.214675451,3.203322492,3.211372026
1,864,37.76456985,94.41142462,2136,25.81550532,16.75110575,28.8,28.70897179,3.207989813,3.19271841,3.198480149,3.200278036,3.200833067,3.207330632,3.203269478,3.176510392
1,865,37.76107628,94.4026907,2135,25.52646536,-31.56788981,28.83333333,29.49278279,3.189497278,3.182500953,3.201402922,3.201923901,3.2022658,3.192328574,3.205393152,3.2057301
1,866,37.7575813,94.39395325,2134,25.55347581,27.10830895,28.86666667,26.86302726,3.189958807,3.188271694,3.199998947,3.214334258,3.213597942,3.204507235,3.194160027,3.207094741
1,867,37.75408491,94.38521227,2133,25.63430385,13.68103844,28.9,28.52416496,3.196380606,3.193859944,3.182848265,3.200819058,3.194961061,3.200771443,3.181605138,3.201358613
1,868,37.7505871,94.37646775,2132,25.64013481,15.76193328,28.93333333,27.34556807,3.180551031,3.208703522,3.20417513,3.197770682,3.204501759,3.192175406,3.200579004,3.206358192
1,869,37.74708789,94.36771971,2131,25.67902531,-10.96137277,28.96666667,27.66874168,3.175245686,3.196422205,3.199818847,3.198429651,3.211656815,3.191008791,3.195030726,3.184673048
1,870,37.74358726,94.35896815,2130,25.84122454,30.34236449,29,23.5219203,3.212082293,3.198029679,3.196492729,3.199580139,3.205089887,3.202778907,3.221183074,3.203631487
1,871,37.74008523,94.35021306,2129,25.57876633,18.02972802,29.03333333,27.60079347,3.196278037,3.195509146,3.196857928,3.187985305,3.200318914,3.206267745,3.195093091,3.19354096
1,872,37.73658178,94.34145446,2128,25.50420433,-30.99276268,29.06666667,29.74486474,3.212127561,3.188588135,3.183457453,3.190776784,3.187676538,3.203089809,3.197114364,3.198242504
1,873,37.73307694,94.33269234,2127,25.43448169,-7.377757248,29.1,26.8634754,3.209223473,3.194469321,3.206200715,3.212090582,3.1963547,3.205896183,3.198065457,3.207392785
1,874,37.72957068,94.3239267,2126,25.5122884,30.91042896,29.13333333,28.09454746,3.187428086,3.186835902,3.196869858,3.192888602,3.195866327,3.198243787,3.205760108,3.196738715
1,875,37.72606302,94.31515756,2125,25.59602476,-36.22426386,29.16666667,26.63928873,3.19340911,3.197187893,3.193846838,3.192527956,3.187095865,3.200555825,3.195450354,3.20773023
1,876,37.72255396,94.30638491,2124,25.81534694,36.91332957,29.2,28.64879502,3.188420831,3.195663332,3.214503258,3.192483124,3.198107734,3.190273248,3.18921258,3.212378488
1,877,37.7190435,94.29760875,2123,25.53788664,14.33300547,29.23333333,27.61025824,3.201368316,3.201069431,3.18642947,3.202869931,3.209259376,3.209195816,3.205346666,3.190964115
1,878,37.71553163,94.28882908,2122,25.62685455,10.51007821,29.26666667,26.30936523,3.202504987,3.20534068,3.185644451,3.191029763,3.207105259,3.207008366,3.187611336,3.206360172
1,879,37.71201837,94.28004592,2121,25.59802925,-18.35525948,29.3,30.39859264,3.200762427,3.206248072,3.194923829,3.205161468,3.20675063,3.197189321,3.20014202,3.194811827
1,880,37.7085037,94.27125926,2120,25.74260719,-20.0966569,29.33333333,29.67207762,3.213213112,3.199037824,3.192623805,3.194273393,3.201014165,3.206026649,3.189313385,3.21478128
1,881,37.70498764,94.2624691,2119,25.90323189,35.36465756,29.36666667,26.91116782,3.202469402,3.203731648,3.199222484,3.200154072,3.198813735,3.208142368,3.199936571,3.206136402
1,882,37.70147018,94.25367545,2118,25.53629575,-16.13820366,29.4,28.89601896,3.19652922,3.201565124,3.193568637,3.209732226,3.193330022,3.197400164,3.197480317,3.197168389
1,883,37.69795133,94.24487832,2117,25.54126727,22.04042374,29.43333333,28.96734161,3.205779966,3.197466738,3.211151396,3.193452199,3.20135502,3.193793712,3.203367782,3.199872402
1,884,37.69443108,94.23607769,2116,25.72529931,-8.550256143,29.46666667,29.15614222,3.198759504,3.2095078,3.194765265,3.204692121,3.193848321,3.200901482,3.190435397,3.194699863
1,885,37.69090943,94.22727358,2115,25.68182698,-28.85967434,29.5,24.95033939,3.199342856,3.214517193,3.200806431,3.213237347,3.201762586,3.196903326,3.212314852,3.203496141
1,886,37.68738639,94.21846598,2114,25.82160488,-39.14277618,29.53333333,29.81189177,3.194858227,3.203764572,3.197659242,3.184087726,3.207487785,3.208759472,3.214703536,3.20337715
1,887,37.68386196,94.20965491,2113,25.67007138,3.540586961,29.56666667,26.97454187,3.198010213,3.206679915,3.206798563,3.213106249,3.199642979,3.198675368,3.194275645,3.204299697
1,888,37.68033614,94.20084035,2112,25.55688495,38.06230548,29.6,27.35590972,3.187613907,3.206208699,3.204702681,3.204680562,3.201105802,3.212263826,3.206975948,3.195143382
1,889,37.67680893,94.19202233,2111,25.67087858,-10.4691045,29.63333333,32.74818715,3.195286568,3.192962609,3.204410267,3.191998889,3.208667137,3.210583786,3.19296787,3.198515612
1,890,37.67328033,94.18320083,2110,25.73304443,-11.42461328,29.66666667,28.54337209,3.200132968,3.207071865,3.212874747,3.186516061,3.197454554,3.197871866,3.188794641,3.19611912
1,891,37.66975034,94.17437586,2109,25.69845786,-12.47267057,29.7,27.30461954,3.203422152,3.197770569,3.187643031,3.222992662,3.202129423,3.200893553,3.191216589,3.202085649
1,892,37.66621897,94.16554742,2108,25.66087288,1.643506984,29.73333333,24.03047013,3.19868629,3.184891813,3.191437956,3.206359408,3.215552141,3.202937323,3.208824666,3.198753958
1,893,37.66268621,94.15671552,2107,25.72800096,-4.746809326,29.76666667,30.50157544,3.199307631,3.208727832,3.213302218,3.210408774,3.191469095,3.199464329,3.202220197,3.197922576
1,894,37.65915206,94.14788016,2106,25.74031547,30.39317014,29.8,25.57862259,3.20310286,3.206564614,3.208022478,3.213486961,3.197364471,3.189087735,3.202865877,3.215070488
1,895,37.65561653,94.13904133,2105,25.76585908,0.441663338,29.83333333,26.19380997,3.196184193,3.205494776,3.205565966,3.201531536,3.200055398,3.192612566,3.181746703,3.191105194
1,896,37.65207962,94.13019905,2104,25.67784519,0.620627055,29.86666667,27.40356586,3.196877567,3.208779381,3.199174976,3.195847794,3.192872116,3.205254447,3.210866857,3.208507486
1,897,37.64854133,94.12135332,2103,25.57994583,-28.93027242,29.9,30.54954123,3.204849198,3.188195098,3.197186606,3.215578434,3.208975604,3.187699974,3.199555276,3.202904787
1,898,37.64500165,94.11250413,2102,25.61760564,38.61916327,29.93333333,29.39183198,3.193902732,3.181526368,3.200790592,3.193697934,3.193729266,3.197162557,3.198930593,3.199927338
1,899,37.6414606,94.10365149,2101,25.74478108,-20.00216873,29.96666667,27.71589248,3.192928081,3.198238324,3.185940613,3.202488313,3.177149797,3.197684079,3.207353489,3.191525275
1,900,37.63791816,94.09479541,2100,25.50196772,-34.1308746,30,28.55492571,3.205731442,3.209245862,3.1735368,3.198789097,3.176993813,3.199054332,3.19994263,3.180139648
1,901,37.63437435,94.08593588,2099,25.6442408,13.05169992,30.03333333,26.91930575,3.215398707,3.202288126,3.193207813,3.211723035,3.185635094,3.190166632,3.181604356,3.214408362
1,902,37.63082916,94.07707291,2098,25.55279934,7.629309613,30.06666667,28.25137664,3.202658771,3.205275214,3.20240801,3.204590142,3.200624622,3.202167371,3.200860827,3.195131266
1,903,37.6272826,94.0682065,2097,25.60344938,-6.788347681,30.1,28.13200614,3.199627002,3.202188757,3.200884393,3.188177823,3.189240107,3.208662731,3.197544048,3.204677803
1,904,37.62373466,94.05933665,2096,25.75341422,-6.22462129,30.13333333,29.74378581,3.191263041,3.188214833,3.193251227,3.198219479,3.194678878,3.210351468,3.201436186,3.214791509
1,905,37.62018535,94.05046337,2095,25.62293189,22.80511368,30.16666667,29.74092062,3.203235265,3.180699593,3.208448333,3.187923587,3.201844269,3.193802528,3.217141688,3.211516783
1,906,37.61663466,94.04158665,2094,25.60557239,-24.34298879,30.2,28.88915929,3.194065435,3.198981139,3.201956785,3.206907313,3.200233215,3.191800841,3.194259531,3.199964146
1,907,37.6130826,94.03270651,2093,25.43681726,25.62026552,30.23333333,27.3477744,3.209875656,3.203422703,3.193812681,3.205186982,3.196904121,3.207123264,3.220216083,3.197129389
1,908,37.60952917,94.02382294,2092,25.68955043,11.89976911,30.26666667,29.33528013,3.206412841,3.194036853,3.19910189,3.200236498,3.198450531,3.21970411,3.197547255,3.204694812
1,909,37.60597438,94.01493594,2091,25.6774581,-6.482418098,30.3,27.83445676,3.184559305,3.203455973,3.209136437,3.195779221,3.179918223,3.199690786,3.200137471,3.2057926
1,910,37.60241821,94.00604552,2090,25.85959057,-3.357710673,30.33333333,26.05255414,3.216087224,3.196959571,3.193149695,3.190664658,3.201584629,3.203834834,3.195634757,3.206229462
1,911,37.59886067,93.99715168,2089,25.56306661,-19.46822343,30.36666667,27.27408197,3.203723073,3.200345854,3.192780682,3.196145085,3.180561958,3.201886297,3.20021073,3.201507832
1,912,37.59530177,93.98825442,2088,25.62629804,20.16914662,30.4,28.15214857,3.204034552,3.203086572,3.199116935,3.200389344,3.188765469,3.195330235,3.200403768,3.194113171
1,913,37.5917415,93.97935375,2087,25.62992604,1.029979384,30.43333333,29.63838841,3.206881206,3.194730943,3.201730443,3.200932525,3.205970221,3.207206329,3.205552261,3.18315195
1,914,37.58817987,93.97044966,2086,25.78929439,-14.33163658,30.46666667,27.66964929,3.209553185,3.212218466,3.196143006,3.201893175,3.192873347,3.184412972,3.194090278,3.195678888
1,915,37.58461687,93.96154217,2085,25.58856454,7.684009261,30.5,25.82344232,3.197161194,3.192328687,3.194132599,3.199911949,3.193838184,3.204348195,3.205453285,3.219043102
1,916,37.58105251,93.95263126,2084,25.63348258,39.65875616,30.53333333,28.10213503,3.209005439,3.201944824,3.195037886,3.202349979,3.202612768,3.195893495,3.206269851,3.188815216
1,917,37.57748678,93.94371696,2083,25.67294758,-5.179017627,30.56666667,28.20422087,3.198044801,3.204446868,3.197699327,3.198345965,3.198897713,3.19331519,3.209391207,3.191855699
1,918,37.5739197,93.93479924,2082,25.62239309,33.65531206,30.6,28.33450773,3.202545275,3.203309183,3.192411025,3.200584834,3.192722943,3.21112834,3.190889737,3.194768823
1,919,37.57035125,93.92587813,2081,25.54642797,-12.39865281,30.63333333,29.65576873,3.1902062,3.18913841,3.212729722,3.204342197,3.201122347,3.194747384,3.207260894,3.19340622
1,920,37.56678145,93.91695362,2080,25.6232908,-35.62138345,30.66666667,29.83406183,3.206349114,3.19301991,3.194843938,3.206066259,3.206910619,3.204779783,3.191602607,3.196426185
1,921,37.56321029,93.90802571,2079,25.72883581,-23.66063149,30.7,26.93042043,3.20125519,3.193205752,3.210967702,3.180784424,3.193770084,3.195923468,3.177248451,3.188830167
1,922,37.55963776,93.89909441,2078,25.47681816,-6.504388534,30.73333333,26.89094178,3.205002316,3.200242269,3.212585088,3.212361812,3.203464371,3.202505906,3.200527449,3.178759344
1,923,37.55606389,93.89015972,2077,25.61595636,-22.42920571,30.76666667,26.12764232,3.188843524,3.200805404,3.204928206,3.202317358,3.19286028,3.20749925,3.211859552,3.207503917
1,924,37.55248866,93.88122164,2076,25.5159855,-39.98183694,30.8,29.25786821,3.207916795,3.195526194,3.208607473,3.201166069,3.204092444,3.202923455,3.199028103,3.19311998
1,925,37.54891207,93.87228017,2075,25.7434056,33.20012302,30.83333333,30.6078762,3.199342907,3.207894093,3.196468194,3.207146778,3.205896565,3.197608501,3.211110401,3.197155627
1,926,37.54533413,93.86333532,2074,25.41721757,27.5103529,30.86666667,27.43285253,3.212076375,3.203473016,3.199873073,3.192897589,3.199293918,3.198369924,3.189933629,3.198259077
1,927,37.54175484,93.85438709,2073,25.53292938,19.38337852,30.9,27.56542498,3.193569575,3.204687934,3.210450244,3.190184675,3.213698462,3.198971592,3.192199829,3.206062038
1,928,37.53817419,93.84543548,2072,25.64526543,-26.57483235,30.93333333,30.6402086,3.196428364,3.199346107,3.196765774,3.193466097,3.205791976,3.197709589,3.188506786,3.204408481
1,929,37.5345922,93.83648049,2071,25.78786288,-30.3709139,30.96666667,28.91000414,3.190355341,3.190773919,3.20954085,3.190429281,3.181468441,3.204982892,3.197569093,3.198258759
1,930,37.53100885,93.82752213,2070,25.59210997,-34.59162004,31,28.78522427,3.197483997,3.20185336,3.193978246,3.211808919,3.188190156,3.203558999,3.205136968,3.193922786
1,931,37.52742416,93.8185604,2069,25.53337606,17.9223351,31.03333333,25.85635029,3.191810124,3.208137394,3.192073114,3.195146688,3.207098472,3.20027793,3.185622851,3.213976473
1,932,37.52383812,93.80959529,2068,25.82573885,34.30463686,31.06666667,29.22171052,3.195759914,3.196777942,3.202046274,3.205000614,3.215688834,3.186719455,3.206607618,3.205944078
1,933,37.52025073,93.80062682,2067,25.42623833,-5.557134327,31.1,26.32755459,3.198902681,3.20629819,3.207474192,3.188944298,3.213998132,3.187529902,3.19091747,3.197905699
1,934,37.51666199,93.79165499,2066,25.33614329,-30.46874624,31.13333333,25.95876367,3.215399524,3.197533947,3.199744529,3.211456629,3.197597455,3.190572506,3.196662121,3.210966335
1,935,37.51307192,93.78267979,2065,25.65280173,0.991425659,31.16666667,27.37581116,3.20056692,3.215445266,3.205903479,3.194841529,3.20040861,3.193174255,3.194652536,3.235832674
1,936,37.50948049,93.77370123,2064,25.53975349,-12.0934474,31.2,26.9455731,3.208148996,3.206888784,3.195014557,3.212556673,3.208795325,3.21505297,3.214664913,3.188167286
1,937,37.50588772,93.76471931,2063,25.47745206,-10.01400605,31.23333333,27.60112055,3.191121284,3.191969697,3.192448475,3.202587619,3.195465572,3.216580788,3.215237439,3.199948307
1,938,37.50229362,93.75573404,2062,25.68500277,9.706449932,31.26666667,25.40623306,3.21564261,3.211905077,3.196394348,3.183926277,3.198256253,3.194843023,3.201652045,3.200713826
1,939,37.49869816,93.74674541,2061,25.62925609,17.49744906,31.3,29.72586935,3.200504141,3.204189478,3.190299824,3.203290882,3.196483071,3.201599858,3.207659279,3.190204802
1,940,37.49510137,93.73775343,2060,25.53231056,-31.15171209,31.33333333,30.02983533,3.197749651,3.199051726,3.195885848,3.207198636,3.194236893,3.195556797,3.194320647,3.208736443
1,941,37.49150324,93.72875811,2059,25.44636347,-37.15278154,31.36666667,24.49478355,3.196060447,3.203680363,3.215805641,3.199401453,3.208896485,3.213370833,3.208217532,3.199865589
1,942,37.48790377,93.71975944,2058,25.70469488,39.54642421,31.4,29.76122405,3.205136862,3.189700971,3.193759655,3.195162599,3.217924897,3.193499324,3.193380186,3.191648632
1,943,37.48430297,93.71075742,2057,25.67802414,-21.38173209,31.43333333,26.54104847,3.204478494,3.201140971,3.208694072,3.205370077,3.188956881,3.193541778,3.21092263,3.198373614
1,944,37.48070082,93.70175206,2056,25.5880989,-35.69355801,31.46666667,29.54255597,3.209500735,3.198802552,3.192258749,3.197573914,3.192255602,3.195475578,3.201607406,3.204092841
1,945,37.47709735,93.69274336,2055,25.82159644,-24.80997367,31.5,27.87679631,3.187278469,3.199861056,3.195307074,3.194812682,3.201061477,3.195596385,3.211057104,3.209504495
1,946,37.47349253,93.68373133,2054,25.47158983,-36.88337229,31.53333333,28.05179602,3.209454626,3.196040718,3.192300009,3.200656239,3.198797213,3.195129415,3.190594124,3.199667856
1,947,37.46988638,93.67471596,2053,25.41693698,-8.655128431,31.56666667,27.66682423,3.196767444,3.205506776,3.205320848,3.208806398,3.189925636,3.203208466,3.194180274,3.190236686
1,948,37.4662789,93.66569726,2052,25.51697103,24.19214276,31.6,30.18183257,3.196571182,3.20854964,3.197021453,3.212523637,3.204391028,3.196847276,3.209280387,3.203563174
1,949,37.46267009,93.65667522,2051,25.59452968,-12.70044402,31.63333333,25.76874158,3.192539525,3.214870421,3.202075831,3.20015037,3.193155739,3.209436306,3.204138203,3.205033905
1,950,37.45905995,93.64764986,2050,25.62920073,-4.46532745,31.66666667,29.09411261,3.195939749,3.206672805,3.207294509,3.194649774,3.188664079,3.204650984,3.187413224,3.201216126
1,951,37.45544847,93.63862118,2049,25.57105167,14.04694189,31.7,29.9823943,3.196422039,3.209749322,3.196857249,3.208858184,3.195886324,3.207999928,3.216482732,3.191455623
1,952,37.45183567,93.62958917,2048,25.64224665,0.711525606,31.73333333,29.28941214,3.202336286,3.221990259,3.200532711,3.200494306,3.206307992,3.200328647,3.186342192,3.209058299
1,953,37.44822153,93.62055384,2047,25.44981527,28.91565488,31.76666667,32.18445805,3.183976413,3.196665667,3.209659406,3.197147661,3.194450428,3.207034111,3.193191082,3.190222194
1,954,37.44460607,93.61151519,2046,25.77325175,29.282854,31.8,27.04789583,3.202196112,3.198536614,3.190050615,3.20509562,3.203715901,3.19712196,3.197669344,3.203763142
1,955,37.44098929,93.60247322,2045,25.59014186,-39.20714436,31.83333333,29.72314868,3.209522891,3.197737654,3.205237508,3.204521602,3.207034458,3.200314474,3.192701396,3.196300007
1,956,37.43737118,93.59342794,2044,25.7340755,22.24370452,31.86666667,27.80903686,3.202742828,3.214547715,3.196127843,3.2064383,3.197375548,3.20088375,3.212123174,3.206114341
1,957,37.43375174,93.58437935,2043,25.64112704,-3.141311981,31.9,30.22013094,3.190069606,3.1954202,3.210049771,3.201135024,3.190809279,3.19344838,3.205627948,3.207955282
1,958,37.43013098,93.57532744,2042,25.65481039,39.1072433,31.93333333,27.98615981,3.200142842,3.21980251,3.206593219,3.198052151,3.193474352,3.192200926,3.202683371,3.196089784
1,959,37.42650889,93.56627223,2041,25.66837207,-1.34143393,31.96666667,27.30182359,3.21338995,3.211730494,3.205064532,3.190568031,3.194622249,3.21004542,3.19549547,3.208977134
1,960,37.42288549,93.55721372,2040,25.65372503,38.95167563,32,30.35092997,3.203796831,3.200413743,3.194377337,3.199246049,3.201517184,3.208260311,3.192914115,3.197897465
1,961,37.41926076,93.5481519,2039,25.67712673,20.3655489,32.03333333,27.11518851,3.200358585,3.205301427,3.192732285,3.189467442,3.205391721,3.187856407,3.210279838,3.198752591
1,962,37.41563471,93.53908678,2038,25.7594983,-20.11160923,32.06666667,25.45709363,3.187619751,3.196156638,3.203032989,3.195738391,3.200160238,3.205920627,3.198382477,3.192503539
1,963,37.41200734,93.53001836,2037,25.62358254,3.071598343,32.1,27.06967561,3.197608128,3.211318721,3.213480515,3.183840591,3.208728223,3.202001182,3.207391861,3.195596094
1,964,37.40837866,93.52094664,2036,25.68508045,39.37085116,32.13333333,29.1142593,3.185853892,3.20467591,3.192472182,3.188893661,3.189452789,3.20480731,3.20111562,3.206259728
1,965,37.40474865,93.51187163,2035,25.58923172,28.60244862,32.16666667,30.50566975,3.205352602,3.196632531,3.199436211,3.1959085,3.198317378,3.192261962,3.203123874,3.208600966
1,966,37.40111733,93.50279333,2034,25.77281407,-32.2106485,32.2,28.20003288,3.193467096,3.210250157,3.200908172,3.201928632,3.186404564,3.185541902,3.201152931,3.206317857
1,967,37.3974847,93.49371174,2033,25.51883292,16.50975974,32.23333333,30.37275472,3.194628956,3.213360751,3.205879488,3.19273327,3.200246789,3.219815433,3.190059488,3.20422616
1,968,37.39385074,93.48462686,2032,25.81611285,-12.35363313,32.26666667,25.55528514,3.197418044,3.20565517,3.210138189,3.196910103,3.208951298,3.217769627,3.200530198,3.206279109
1,969,37.39021548,93.47553869,2031,25.59518105,-39.44141905,32.3,27.20212576,3.195276474,3.200154074,3.198586599,3.206375487,3.209637407,3.199122761,3.212268983,3.21224038
1,970,37.3865789,93.46644725,2030,25.42830699,-7.721522478,32.33333333,27.48056479,3.20677483,3.195871788,3.195105369,3.193500949,3.207593329,3.190305854,3.205414701,3.191351125
1,971,37.38294101,93.45735252,2029,25.61537253,-21.21964626,32.36666667,27.79379303,3.206588369,3.200137757,3.210669108,3.209131637,3.211480523,3.21168655,3.201149047,3.190729655
1,972,37.3793018,93.44825451,2028,25.5182738,25.50954164,32.4,28.1513699,3.191579816,3.183305212,3.191330673,3.200550589,3.195522767,3.198558915,3.203941723,3.197567478
1,973,37.37566129,93.43915322,2027,25.70087723,-13.01355129,32.43333333,29.24363972,3.19102537,3.199574131,3.192812076,3.197833708,3.210742216,3.197835958,3.21416766,3.211453088
1,974,37.37201947,93.43004867,2026,25.52168512,26.20189552,32.46666667,27.19934769,3.195365558,3.19111101,3.199579567,3.209226622,3.196078473,3.207264722,3.20966752,3.193807795
1,975,37.36837633,93.42094083,2025,25.54645799,-39.95216489,32.5,28.25025164,3.194591591,3.205701296,3.20121478,3.194511508,3.197182556,3.199435844,3.187481165,3.206125145
1,976,37.36473189,93.41182973,2024,25.37325511,-15.374468,32.53333333,27.9187788,3.196170462,3.17773027,3.199809032,3.19406743,3.213510578,3.19531644,3.191218853,3.204063461
1,977,37.36108615,93.40271536,2023,25.54572324,-20.70678286,32.56666667,26.33339817,3.194716421,3.19376435,3.204076011,3.191676262,3.188341811,3.213807984,3.20463599,3.197886326
1,978,37.35743909,93.39359773,2022,25.30913448,-21.31461111,32.6,27.79539996,3.199972182,3.204046915,3.2077867,3.193952198,3.202929172,3.195946367,3.19848815,3.201285543
1,979,37.35379073,93.38447683,2021,25.40993166,-34.54507042,32.63333333,27.74141285,3.199946571,3.205884535,3.203896692,3.187934646,3.189137414,3.197042267,3.214629002,3.193187265
1,980,37.35014107,93.37535267,2020,25.69124976,-25.03005837,32.66666667,27.70285498,3.198334218,3.195709232,3.195567645,3.201425918,3.211206218,3.203647747,3.193571752,3.222025836
1,981,37.3464901,93.36622525,2019,25.69429602,4.443965591,32.7,28.05716702,3.200628586,3.195382232,3.211296771,3.196247435,3.213303309,3.193034858,3.211440243,3.201608381
1,982,37.34283783,93.35709458,2018,25.65105491,-16.69111417,32.73333333,28.13621237,3.210328418,3.215214126,3.190939142,3.210206175,3.188728769,3.191622525,3.193572724,3.204029093
1,983,37.33918426,93.34796065,2017,25.48396286,-6.608417414,32.76666667,27.22186868,3.200264127,3.198662911,3.201169882,3.204730317,3.205345985,3.208753335,3.214560279,3.199829101
1,984,37.33552938,93.33882346,2016,25.59427464,-9.850649572,32.8,30.29088652,3.195831288,3.204908289,3.190845961,3.194570367,3.207995048,3.199006973,3.19033446,3.188081575
1,985,37.33187321,93.32968303,2015,25.5995677,30.072394,32.83333333,25.89493487,3.200389733,3.209135172,3.209028366,3.200887044,3.216071275,3.199161437,3.198891459,3.179460513
1,986,37.32821574,93.32053934,2014,25.46099624,32.42391992,32.86666667,26.7022538,3.196421096,3.20681612,3.212511691,3.193358123,3.203698019,3.208375032,3.200089665,3.181733756
1,987,37.32455697,93.31139242,2013,25.7804078,-0.563442268,32.9,33.00393452,3.20197832,3.206091445,3.192420617,3.197966764,3.190756032,3.17943882,3.208216035,3.199970012
1,988,37.3208969,93.30224224,2012,25.70528347,-13.58752397,32.93333333,26.13161556,3.2127814,3.206858578,3.197166322,3.199334555,3.204529419,3.207735067,3.202581365,3.208844745
1,989,37.31723553,93.29308883,2011,25.5734843,-31.45594368,32.96666667,25.56324159,3.19762665,3.192022852,3.199481526,3.201641479,3.190387717,3.189306223,3.20357909,3.196749145
1,990,37.31357287,93.28393217,2010,25.6032263,36.27223035,33,29.32205814,3.198673273,3.197122459,3.212164807,3.210094089,3.19010117,3.195737654,3.206800034,3.20481549
1,991,37.30990891,93.27477228,2009,25.62500594,-35.18184441,33.03333333,24.26118426,3.199668336,3.190899198,3.19453968,3.195865859,3.202215955,3.213629817,3.194504958,3.191791718
1,992,37.30624366,93.26560915,2008,25.35499182,-16.18797779,33.06666667,27.57650696,3.199131308,3.208253912,3.188424936,3.211629073,3.198623749,3.19412544,3.187198486,3.205652166
1,993,37.30257712,93.25644279,2007,25.57033871,-16.15470391,33.1,31.86248487,3.19863063,3.201365644,3.192793506,3.197447232,3.19610735,3.199195255,3.194643581,3.187726552
1,994,37.29890928,93.2472732,2006,25.51816189,-14.36789711,33.13333333,25.21911534,3.221827998,3.189092766,3.201451672,3.185823777,3.184023621,3.200782612,3.201394941,3.210091992
1,995,37.29524015,93.23810037,2005,25.4798056,-26.85705254,33.16666667,24.43246393,3.203196375,3.198801514,3.192403198,3.211992097,3.20743081,3.190029364,3.20030371,3.201152418
1,996,37.29156973,93.22892432,2004,25.56626796,22.65291447,33.2,25.30147384,3.197234771,3.206174804,3.206653865,3.198476114,3.197753046,3.211991668,3.207462711,3.200578883
1,997,37.28789802,93.21974505,2003,25.81572238,-30.20017104,33.23333333,29.61704722,3.186966328,3.202752001,3.205584668,3.177963827,3.202014956,3.196666464,3.198233166,3.192740952
1,998,37.28422502,93.21056255,2002,25.67690114,10.79253273,33.26666667,30.0245981,3.198814486,3.211135933,3.196428812,3.207724588,3.19354935,3.20607005,3.200013247,3.202816199
1,999,37.28055073,93.20137683,2001,25.53145852,-30.09231786,33.3,27.07734017,3.200057226,3.205133002,3.179459319,3.188641397,3.203336644,3.183651693,3.195755357,3.199565273
1,1000,37.27687516,93.19218789,2000,25.66870993,-34.35714899,33.33333333,29.22978233,3.193374879,3.194467509,3.202172658,3.20807436,3.192332405,3.195399534,3.194149912,3.180628962
1,1001,37.2731983,93.18299574,1999,25.76792265,32.75436029,33.36666667,30.50245959,3.201133694,3.207477742,3.208133146,3.193033869,3.189986416,3.200172844,3.206634189,3.201238804
1,1002,37.26952015,93.17380037,1998,25.71095604,-24.78969869,33.4,31.21722355,3.202314437,3.209134647,3.194086908,3.198240239,3.213076844,3.198425511,3.189861304,3.194645151
1,1003,37.26584072,93.16460179,1997,25.60715564,25.70001236,33.43333333,27.55659649,3.192494561,3.202857301,3.192832424,3.202168274,3.194111478,3.183012972,3.202452958,3.201187709
1,1004,37.26216,93.1554,1996,25.52236759,3.570469689,33.46666667,23.85735091,3.204142063,3.194616102,3.193763644,3.203211735,3.212152157,3.200089344,3.203396681,3.197427299
1,1005,37.258478,93.146195,1995,25.6837868,-33.77147843,33.5,26.52241794,3.187650956,3.207739435,3.207267314,3.205686192,3.198544436,3.204776449,3.207150094,3.212961269
1,1006,37.25479472,93.13698679,1994,25.64721825,36.43585532,33.53333333,27.23175245,3.207908209,3.20051057,3.189533974,3.201245266,3.202052619,3.205672238,3.210831135,3.199238796
1,1007,37.25111015,93.12777538,1993,25.70742319,-20.24310664,33.56666667,27.53391017,3.216807898,3.185925704,3.203354735,3.193611837,3.184742224,3.198385805,3.188342618,3.198708577
1,1008,37.24742431,93.11856077,1992,25.67622062,28.77162763,33.6,27.66185308,3.200278154,3.208948331,3.187939319,3.207267561,3.200784644,3.208230793,3.196545991,3.189342043
1,1009,37.24373718,93.10934295,1991,25.72594633,-26.49519954,33.63333333,30.01401028,3.190260005,3.18966554,3.203822513,3.211815376,3.195480388,3.205033082,3.187812464,3.20144257
1,1010,37.24004878,93.10012194,1990,25.53577177,28.31543057,33.66666667,30.29397117,3.205348501,3.188415002,3.198368932,3.205727337,3.176529835,3.210683624,3.202829435,3.205733821
1,1011,37.23635909,93.09089774,1989,25.75808729,-38.94169497,33.7,27.69098742,3.196698246,3.18621822,3.204272504,3.199339277,3.200256924,3.208700856,3.206096511,3.215369899
1,1012,37.23266813,93.08167033,1988,25.62371195,0.942436526,33.73333333,29.97727278,3.201230834,3.1944703,3.198492665,3.203325307,3.208126852,3.188263728,3.200068301,3.212876333
1,1013,37.2289759,93.07243974,1987,25.8490313,21.55540635,33.76666667,28.64379046,3.198078329,3.207448095,3.20394494,3.207646885,3.193521916,3.193556787,3.200162175,3.187742226
1,1014,37.22528238,93.06320596,1986,25.51729746,34.7836414,33.8,28.11611075,3.197842075,3.202023013,3.214277085,3.203221746,3.205001828,3.209315807,3.192282739,3.198679339
1,1015,37.2215876,93.05396899,1985,25.80831566,32.7361709,33.83333333,29.63177948,3.219403301,3.199367022,3.208931446,3.207709903,3.18817509,3.202483834,3.20117398,3.20263967
1,1016,37.21789153,93.04472883,1984,25.62374929,25.56998956,33.86666667,28.13005369,3.1939671,3.191064644,3.19619192,3.19921764,3.209479876,3.214538487,3.211172783,3.206881482
1,1017,37.2141942,93.03548549,1983,25.52182984,31.05530797,33.9,31.70406012,3.191965278,3.196728831,3.201679408,3.194940488,3.204617645,3.205763889,3.204290321,3.208201077
1,1018,37.21049559,93.02623897,1982,25.5419337,-24.06242513,33.93333333,25.4108599,3.19276327,3.20746263,3.194434836,3.192472512,3.204256929,3.209726988,3.203904108,3.200166432
1,1019,37.20679571,93.01698927,1981,25.56155832,-17.26525634,33.96666667,27.07269238,3.202481231,3.201091415,3.190992393,3.190059039,3.199369393,3.200638855,3.200090659,3.205408813
1,1020,37.20309456,93.00773639,1980,25.65089991,-16.88251801,34,27.77226599,3.198276186,3.204503833,3.198843306,3.214586872,3.20064571,3.218725781,3.202816093,3.198290583
1,1021,37.19939214,92.99848034,1979,25.66274026,-9.83568552,34.03333333,28.79101484,3.192804416,3.188456891,3.192068462,3.19296315,3.20315856,3.195790677,3.201495416,3.210255827
1,1022,37.19568844,92.98922111,1978,25.531156,-8.534346369,34.06666667,30.28232888,3.199297533,3.216633254,3.190593512,3.198795332,3.195685497,3.207492053,3.182081667,3.188455078
1,1023,37.19198349,92.97995871,1977,25.59707745,3.564425972,34.1,27.95608258,3.199141225,3.212411022,3.201806735,3.18918762,3.190422667,3.213383918,3.195030922,3.192456293
1,1024,37.18827726,92.97069314,1976,25.85707244,-27.20961893,34.13333333,25.43998663,3.21181898,3.208088776,3.210192477,3.192399665,3.187799155,3.201065332,3.202681009,3.202916814
1,1025,37.18456976,92.96142441,1975,25.80730518,15.2997331,34.16666667,29.51652501,3.211825471,3.186129863,3.20687756,3.191227,3.206845883,3.196200346,3.193488226,3.195120778
1,1026,37.180861,92.95215251,1974,25.65235884,-26.59467686,34.2,29.35892578,3.188435118,3.200323432,3.193818613,3.206290386,3.205120449,3.213505256,3.20293062,3.204165422
1,1027,37.17715098,92.94287744,1973,25.60456042,-15.17532143,34.23333333,24.50465441,3.211200798,3.194978698,3.188093934,3.201600752,3.188618932,3.219631509,3.211643986,3.217311811
1,1028,37.17343969,92.93359922,1972,25.61440376,0.267610448,34.26666667,27.99315256,3.200499576,3.204404589,3.196324197,3.207063398,3.190275654,3.179655254,3.193674315,3.188356212
1,1029,37.16972713,92.92431783,1971,25.67362216,23.71524492,34.3,25.1377447,3.211823414,3.21452542,3.188776567,3.210333725,3.20761108,3.187441787,3.19687786,3.19535869
1,1030,37.16601331,92.91503329,1970,25.47726489,19.15753866,34.33333333,26.80362802,3.205983963,3.190169765,3.199209019,3.194512524,3.203786729,3.198265664,3.195718034,3.198293627
1,1031,37.16229824,92.90574559,1969,25.56911482,11.64274851,34.36666667,26.37494393,3.216288343,3.196664803,3.191671958,3.204667469,3.198851803,3.188678129,3.217851971,3.197180168
1,1032,37.15858189,92.89645474,1968,25.39976991,-27.53813915,34.4,29.45667646,3.196977044,3.201278683,3.213840934,3.186562037,3.202207887,3.216698177,3.201029829,3.190117328
1,1033,37.15486429,92.88716073,1967,25.64790677,3.763627649,34.43333333,28.21029431,3.195052825,3.20165506,3.210646431,3.197285313,3.206613214,3.188517049,3.188450253,3.196137594
1,1034,37.15114543,92.87786358,1966,25.67766351,-33.00427986,34.46666667,25.6859362,3.21150423,3.200550997,3.20231849,3.202224637,3.208873664,3.195118234,3.205506281,3.193352939
1,1035,37.14742531,92.86856328,1965,25.54201762,-9.810945856,34.5,29.58411873,3.215866181,3.193596871,3.192940886,3.204397359,3.200638307,3.202614819,3.20181851,3.191276862
1,1036,37.14370393,92.85925983,1964,25.78887841,-6.918677577,34.53333333,25.41914952,3.212906871,3.207148338,3.2108716,3.195773353,3.203332188,3.201578948,3.209024021,3.209281985
1,1037,37.1399813,92.84995324,1963,25.45290812,-36.81508484,34.56666667,28.59420482,3.201544406,3.187856391,3.214237295,3.204447899,3.195132504,3.203252337,3.187911252,3.208442825
1,1038,37.1362574,92.84064351,1962,25.42427501,-18.08095204,34.6,26.5347808,3.188230306,3.198233324,3.201955636,3.208310718,3.200852357,3.205079703,3.199774665,3.199742512
1,1039,37.13253226,92.83133064,1961,25.62693422,36.45195738,34.63333333,27.34178125,3.200683818,3.198487537,3.186507438,3.193853412,3.201958199,3.198007032,3.198753527,3.197413171
1,1040,37.12880585,92.82201463,1960,25.7256518,36.29060863,34.66666667,28.90768735,3.193091213,3.196055204,3.197545346,3.200041145,3.203147027,3.198555598,3.191762758,3.188815344
1,1041,37.12507819,92.81269548,1959,25.80207132,-11.81383566,34.7,28.93860892,3.220779498,3.19096148,3.195851,3.204136002,3.202886885,3.204166926,3.196458263,3.201908465
1,1042,37.12134928,92.80337321,1958,25.54493389,-36.55199128,34.73333333,30.40654433,3.200490749,3.197502949,3.201963278,3.208442924,3.199822398,3.199875623,3.208545288,3.207690883
1,1043,37.11761912,92.7940478,1957,25.7294417,-25.67240485,34.76666667,27.85194334,3.212671492,3.185950158,3.207240953,3.20481264,3.192914781,3.202012703,3.208408974,3.193366729
1,1044,37.1138877,92.78471926,1956,25.59537898,-8.622576525,34.8,28.55161155,3.203540499,3.206970829,3.191431843,3.198861714,3.202407747,3.193630948,3.192966774,3.198919643
1,1045,37.11015503,92.77538759,1955,25.57928472,35.82237584,34.83333333,27.21207282,3.206413118,3.205149872,3.193108698,3.205217343,3.193312482,3.187118642,3.197062851,3.208983755
1,1046,37.10642112,92.76605279,1954,25.70603919,-28.70407492,34.86666667,28.32758179,3.205247684,3.199987426,3.196666356,3.196881903,3.200870279,3.1914525,3.197215141,3.198275444
1,1047,37.10268595,92.75671488,1953,25.67827875,21.08126749,34.9,28.79107489,3.189191404,3.193292414,3.203284054,3.200076095,3.197529906,3.19270858,3.212614799,3.193296166
1,1048,37.09894953,92.74737384,1952,25.41083294,-31.30539685,34.93333333,27.82304227,3.202012742,3.196097047,3.200290234,3.203660878,3.189037947,3.19994707,3.209525829,3.214092015
1,1049,37.09521187,92.73802967,1951,25.77718484,38.50060619,34.96666667,24.75324913,3.198959888,3.20033345,3.217690664,3.209079394,3.195061723,3.195048132,3.207652396,3.191911703
1,1050,37.09147296,92.7286824,1950,25.76561096,-9.470680071,35,28.59664761,3.208701814,3.2026744,3.204141766,3.19794613,3.194961402,3.211695943,3.198026102,3.196712519
1,1051,37.0877328,92.719332,1949,25.52493248,22.01876311,35.03333333,28.65621066,3.199358903,3.201544177,3.191753399,3.195481028,3.195055743,3.206762242,3.192912299,3.185953857
1,1052,37.0839914,92.70997849,1948,25.64749642,-12.59271338,35.06666667,26.77568774,3.184263243,3.188236959,3.210892306,3.200129653,3.204009993,3.204291902,3.200449471,3.19940175
1,1053,37.08024875,92.70062187,1947,25.65928362,10.21351017,35.1,25.68810334,3.208356211,3.201167967,3.21119278,3.20496664,3.19505763,3.196022928,3.194180282,3.209740384
1,1054,37.07650486,92.69126214,1946,25.63128085,-24.63871322,35.13333333,30.65658247,3.196759592,3.193612218,3.202558224,3.199222663,3.202356548,3.215118511,3.207304566,3.200216084
1,1055,37.07275972,92.6818993,1945,25.53396338,-28.31831846,35.16666667,28.88460192,3.188732613,3.1960003,3.205688369,3.190631672,3.217127762,3.200115333,3.200390787,3.194666838
1,1056,37.06901334,92.67253335,1944,25.5194052,35.04513117,35.2,27.58765414,3.203973902,3.190735986,3.217319141,3.21053881,3.207874372,3.188876568,3.201643306,3.209672691
1,1057,37.06526572,92.6631643,1943,25.59693351,33.41178223,35.23333333,25.95334081,3.204744843,3.191983127,3.19479925,3.196384511,3.195172497,3.212230231,3.184631895,3.205247353
1,1058,37.06151686,92.65379214,1942,25.74072748,30.99751522,35.26666667,26.52073331,3.189661573,3.192309988,3.183922133,3.195607565,3.212085853,3.202118594,3.190413108,3.208137181
1,1059,37.05776676,92.64441689,1941,25.66523202,10.03467601,35.3,30.34466271,3.209850434,3.200832372,3.216277993,3.206572513,3.20546122,3.19357297,3.205019188,3.20173433
1,1060,37.05401541,92.63503853,1940,25.55552628,24.6614569,35.33333333,28.24779149,3.204158632,3.194523315,3.201024791,3.193465108,3.182822943,3.207986437,3.187980888,3.200857492
1,1061,37.05026283,92.62565708,1939,25.69260385,-34.47704505,35.36666667,27.00894328,3.202664017,3.202612504,3.197735367,3.202169692,3.203767737,3.205879719,3.213867531,3.201873553
1,1062,37.04650901,92.61627253,1938,25.25817489,-13.21687665,35.4,28.91744062,3.200512391,3.192746168,3.203487571,3.205339065,3.198461575,3.2043569,3.19765987,3.205367941
1,1063,37.04275396,92.60688489,1937,25.73785188,-14.90375002,35.43333333,26.53408326,3.207300819,3.207189023,3.200942755,3.191680255,3.195104696,3.204761259,3.219590498,3.197274234
1,1064,37.03899766,92.59749416,1936,25.39123435,10.85162576,35.46666667,30.70151745,3.203646701,3.19555158,3.192208264,3.194589473,3.183340224,3.210827481,3.182158958,3.197889374
1,1065,37.03524014,92.58810034,1935,25.55650709,-11.52337812,35.5,30.43504096,3.190574977,3.192924958,3.211012181,3.201608536,3.192276831,3.195283863,3.19387615,3.199651635
1,1066,37.03148137,92.57870343,1934,25.46563961,-28.11945747,35.53333333,27.16016667,3.201383133,3.215164598,3.184669594,3.199721501,3.197475458,3.207572388,3.202838545,3.204722898
1,1067,37.02772137,92.56930344,1933,25.44463822,7.717366033,35.56666667,26.86839356,3.202760689,3.192544071,3.209690124,3.206388039,3.207324238,3.210112401,3.203341401,3.211847939
1,1068,37.02396014,92.55990036,1932,25.73929921,25.15071365,35.6,23.28736024,3.203021117,3.198247531,3.199947169,3.19980925,3.195844869,3.213055111,3.202370363,3.200757908
1,1069,37.02019768,92.5504942,1931,25.54387586,-9.430120443,35.63333333,25.33315461,3.203106194,3.223838836,3.190946206,3.193239692,3.188955432,3.198139206,3.201964148,3.19627742
1,1070,37.01643398,92.54108495,1930,25.64158047,-29.41850279,35.66666667,25.58895441,3.195682186,3.201139239,3.195983137,3.202481407,3.208913875,3.205416244,3.207048107,3.208687347
1,1071,37.01266905,92.53167263,1929,25.59436953,-24.26494421,35.7,28.24334261,3.202262625,3.198730872,3.193821975,3.196870575,3.195810516,3.205853379,3.20277426,3.205574063
1,1072,37.0089029,92.52225724,1928,25.6572449,-21.00133559,35.73333333,27.41277933,3.190717305,3.211453996,3.196584157,3.191199867,3.196486258,3.219870128,3.196898265,3.197399228
1,1073,37.00513551,92.51283877,1927,25.60921863,-16.00819256,35.76666667,25.57839612,3.198463163,3.198811037,3.193748191,3.201145705,3.208604759,3.202514315,3.191110678,3.197245233
1,1074,37.00136689,92.50341723,1926,25.44604093,11.42360564,35.8,27.49390472,3.195587781,3.200423516,3.210643613,3.198808938,3.199294761,3.214221159,3.207009648,3.20459265
1,1075,36.99759704,92.49399261,1925,25.71955202,8.075638763,35.83333333,28.90960687,3.215665053,3.20391849,3.184107783,3.206661326,3.187263932,3.203616043,3.186290051,3.196265157
1,1076,36.99382597,92.48456493,1924,25.54074921,15.68638893,35.86666667,28.95011083,3.197089724,3.193839047,3.197209184,3.208260494,3.194288377,3.204361127,3.192274803,3.198484003
1,1077,36.99005367,92.47513418,1923,25.41321017,-10.99984124,35.9,24.58059349,3.202590714,3.192027773,3.189506237,3.203935025,3.208984643,3.19936748,3.196341497,3.201245403
1,1078,36.98628015,92.46570036,1922,25.54862618,25.91981215,35.93333333,27.76912574,3.200443839,3.20194322,3.179774039,3.191447166,3.193238159,3.201206941,3.201487023,3.205089444
1,1079,36.98250539,92.45626348,1921,25.78009117,-23.67298711,35.96666667,25.5099866,3.202060654,3.189594119,3.211576037,3.210175346,3.189934422,3.202661642,3.195236605,3.201110912
1,1080,36.97872942,92.44682354,1920,25.70202661,-2.476740199,36,29.62311165,3.208426482,3.217040834,3.206010222,3.202359478,3.197281431,3.201457079,3.210878175,3.19964233
1,1081,36.97495222,92.43738054,1919,25.55816174,24.07509772,36.03333333,29.41146355,3.192911099,3.187042481,3.204104383,3.201978305,3.194832735,3.208208113,3.196625785,3.198922847
1,1082,36.97117379,92.42793449,1918,25.55808908,-25.58730818,36.06666667,26.38355099,3.199866687,3.197192378,3.201886921,3.209212121,3.190860145,3.203908161,3.201377269,3.201230111
1,1083,36.96739415,92.41848537,1917,25.56140379,-31.2109509,36.1,26.62111864,3.206974757,3.200394379,3.203841834,3.205726917,3.195965078,3.202393468,3.197993699,3.198938546
1,1084,36.96361328,92.4090332,1916,25.84920976,30.69471742,36.13333333,27.16971931,3.197423509,3.203768643,3.200653158,3.203156352,3.199859861,3.187167032,3.200250947,3.200508304
1,1085,36.95983119,92.39957798,1915,25.64583225,-12.56562698,36.16666667,23.94497189,3.201940767,3.195250166,3.190436242,3.204996853,3.197811148,3.201369952,3.197748319,3.199951505
1,1086,36.95604788,92.39011971,1914,25.651605,14.70960999,36.2,28.60474271,3.196405717,3.192255331,3.203789853,3.195175039,3.201311612,3.203283682,3.195305498,3.190368915
1,1087,36.95226336,92.38065839,1913,25.72363401,-37.97211166,36.23333333,27.50887982,3.219408685,3.195777825,3.204987337,3.215515708,3.206319262,3.197596458,3.199463069,3.193339142
1,1088,36.94847761,92.37119402,1912,25.6286547,15.20375107,36.26666667,29.74631515,3.207053571,3.204530166,3.195884593,3.191662602,3.18943013,3.207892112,3.200962985,3.201719876
1,1089,36.94469064,92.36172661,1911,25.56891494,-14.71189508,36.3,26.02286341,3.193416411,3.188291975,3.207700909,3.200336312,3.207257877,3.196912535,3.198105457,3.205706385
1,1090,36.94090246,92.35225616,1910,25.57643802,-35.54073171,36.33333333,26.88557869,3.205858785,3.206380525,3.19763839,3.204916378,3.208872796,3.199161824,3.195892093,3.210741981
1,1091,36.93711306,92.34278266,1909,25.59140785,8.785020924,36.36666667,25.28825454,3.194764434,3.205035812,3.199532622,3.185267475,3.209028753,3.177937171,3.184126975,3.204218641
1,1092,36.93332245,92.33330612,1908,25.59553333,-20.73569471,36.4,26.19227699,3.20421657,3.194899361,3.201182577,3.17974856,3.205655804,3.201997804,3.199634857,3.200166732
1,1093,36.92953062,92.32382655,1907,25.68731555,-9.055420636,36.43333333,25.87243241,3.203946033,3.199768788,3.185007556,3.217570658,3.209606407,3.189720443,3.197238902,3.198111726
1,1094,36.92573758,92.31434394,1906,25.60623351,-33.55353502,36.46666667,29.79275262,3.208630797,3.182725849,3.196007934,3.185914908,3.197719236,3.196219993,3.200637553,3.195161005
1,1095,36.92194332,92.30485829,1905,25.68791681,-28.22693991,36.5,26.74312867,3.193991813,3.204957254,3.203637382,3.204411187,3.198584799,3.195426091,3.19904918,3.204009297
1,1096,36.91814785,92.29536962,1904,25.59031401,-16.16182116,36.53333333,28.22351623,3.182585762,3.203152895,3.202473105,3.200497207,3.198805493,3.179471045,3.196481174,3.21431551
1,1097,36.91435116,92.28587791,1903,25.60943622,-32.81923996,36.56666667,27.31462587,3.20010321,3.197541681,3.20013525,3.202838183,3.205270562,3.198168959,3.203399357,3.213413206
1,1098,36.91055327,92.27638317,1902,25.36021592,32.86610117,36.6,25.71496252,3.208050006,3.218722402,3.194745837,3.213409516,3.193674611,3.202828529,3.205859812,3.195913782
1,1099,36.90675416,92.26688541,1901,25.70995932,-39.51623655,36.63333333,27.69705924,3.200703714,3.207283689,3.194317833,3.213355068,3.188923227,3.215517532,3.208010609,3.199282195
1,1100,36.90295385,92.25738462,1900,25.64157862,-1.291182491,36.66666667,29.078386,3.196778654,3.195943774,3.198913635,3.199612033,3.21004181,3.215749233,3.201595039,3.193234972
1,1101,36.89915232,92.24788081,1899,25.71976121,-30.14020335,36.7,25.82603309,3.195634192,3.198535274,3.191759023,3.190568469,3.216777018,3.202420908,3.193334935,3.206532829
1,1102,36.89534959,92.23837398,1898,25.25244935,-15.38567284,36.73333333,29.45640302,3.190573231,3.191231904,3.193575661,3.213236106,3.197976959,3.180466344,3.209680527,3.197548949
1,1103,36.89154565,92.22886412,1897,25.85060496,34.08476479,36.76666667,26.47050234,3.185204736,3.197466532,3.204168031,3.203232393,3.21438732,3.193177857,3.200373761,3.194403446
1,1104,36.8877405,92.21935125,1896,25.58324924,-27.06443574,36.8,27.13062893,3.187662457,3.207084219,3.203706157,3.202269428,3.203414322,3.194516217,3.191954439,3.200301179
1,1105,36.88393414,92.20983536,1895,25.73298194,37.26658558,36.83333333,28.95522962,3.209289691,3.212864617,3.206363462,3.200233395,3.202158271,3.200092751,3.191792453,3.200197179
1,1106,36.88012658,92.20031646,1894,25.47521129,-23.53644984,36.86666667,26.80581492,3.189321385,3.199007382,3.213088841,3.206582874,3.192615047,3.199420567,3.19332499,3.19949989
1,1107,36.87631782,92.19079454,1893,25.67353287,19.32528868,36.9,28.06763475,3.208328863,3.205224064,3.219873153,3.209539819,3.201632003,3.2054172,3.198380455,3.190979966
1,1108,36.87250785,92.18126962,1892,25.47359013,3.734181192,36.93333333,27.43355651,3.210446213,3.208071932,3.198071566,3.202191486,3.209927513,3.206770811,3.18829519,3.20194896
1,1109,36.86869667,92.17174168,1891,25.52514772,30.75829821,36.96666667,28.23286241,3.198658948,3.208904006,3.208248342,3.210548863,3.191056845,3.193727108,3.208912659,3.195266833
1,1110,36.8648843,92.16221074,1890,25.82968376,4.31946044,37,23.71466961,3.187828536,3.204260772,3.195622252,3.214318326,3.202369476,3.201282074,3.197046049,3.212726683
1,1111,36.86107072,92.15267679,1889,25.57711811,2.764737533,37.03333333,24.70657273,3.202868436,3.196732004,3.19364733,3.199412216,3.192178825,3.20823102,3.185533264,3.198883888
1,1112,36.85725593,92.14313984,1888,25.62609194,-24.36335997,37.06666667,29.10874061,3.204881068,3.202736955,3.194261736,3.20528207,3.192911685,3.199820923,3.205214733,3.203703302
1,1113,36.85343995,92.13359988,1887,25.70440813,-26.70165104,37.1,29.86692653,3.194599688,3.209579956,3.200693557,3.205943963,3.212232808,3.208940164,3.208961035,3.201541439
1,1114,36.84962277,92.12405693,1886,25.65948183,33.31913209,37.13333333,26.36112393,3.206351481,3.201708773,3.190325404,3.20242195,3.202050888,3.204669835,3.198976024,3.193908356
1,1115,36.84580439,92.11451097,1885,25.61805027,-13.77294409,37.16666667,27.56074897,3.205252049,3.189493822,3.211670553,3.198148656,3.201964225,3.204468465,3.204725504,3.188728126
1,1116,36.84198481,92.10496202,1884,25.64379532,-10.2334196,37.2,28.53049466,3.206592693,3.202425231,3.194917909,3.194002664,3.197327575,3.189610067,3.213778139,3.211889211
1,1117,36.83816403,92.09541007,1883,25.88840987,20.78589267,37.23333333,29.24779168,3.203613602,3.198212813,3.198423136,3.206064526,3.214062615,3.195436826,3.191059312,3.212381126
1,1118,36.83434205,92.08585513,1882,25.59308574,-12.89412141,37.26666667,24.35018091,3.185702891,3.191931754,3.198025137,3.187516532,3.208897193,3.206855242,3.195401654,3.210236913
1,1119,36.83051888,92.0762972,1881,25.62413189,36.16499573,37.3,26.40512756,3.211594339,3.199094635,3.196394655,3.218076816,3.205769295,3.202050597,3.210908368,3.202415445
1,1120,36.82669451,92.06673628,1880,25.72607853,19.03422152,37.33333333,27.40135712,3.195955035,3.200641278,3.208309234,3.184062515,3.197695754,3.211064459,3.195905053,3.212368868
1,1121,36.82286895,92.05717237,1879,25.73266311,7.794339406,37.36666667,29.26565236,3.211317951,3.199475767,3.195451686,3.197701129,3.221316916,3.214995396,3.201003128,3.195134772
1,1122,36.81904219,92.04760547,1878,25.74244364,30.47161284,37.4,32.49717487,3.200936328,3.201950615,3.19005313,3.20064033,3.210579235,3.185605147,3.206612672,3.210998384
1,1123,36.81521424,92.03803559,1877,25.67664763,-36.03152733,37.43333333,27.58958969,3.195515541,3.213553406,3.194477304,3.203528661,3.197545819,3.197544029,3.195061607,3.205588604
1,1124,36.81138509,92.02846273,1876,25.46283941,-19.43498462,37.46666667,25.46744057,3.206790444,3.199484622,3.189120254,3.203225361,3.203376115,3.19826628,3.21493785,3.187488566
1,1125,36.80755475,92.01888688,1875,25.79601178,-2.797093262,37.5,28.72408254,3.18226173,3.194153321,3.205683396,3.191553243,3.192152233,3.207608171,3.203700383,3.203016487
1,1126,36.80372322,92.00930806,1874,25.46243855,-21.84171684,37.53333333,30.37779242,3.206251431,3.196598456,3.196968127,3.206478234,3.189240906,3.182858241,3.196533727,3.207446986
1,1127,36.7998905,91.99972625,1873,25.63631626,19.51241498,37.56666667,28.19442542,3.202044478,3.206858332,3.183869646,3.202523974,3.205230916,3.189193621,3.206896461,3.199107849
1,1128,36.79605659,91.99014148,1872,25.5094869,33.53664248,37.6,26.36803262,3.224570694,3.182582111,3.210952915,3.196846735,3.187062786,3.195784359,3.202219834,3.208299733
1,1129,36.79222149,91.98055372,1871,25.5923034,-6.098390406,37.63333333,29.72438909,3.213775714,3.211375145,3.192276944,3.209041318,3.20313028,3.194763176,3.198304715,3.194321259
1,1130,36.7883852,91.97096299,1870,25.63945149,-12.62939199,37.66666667,29.19438211,3.200296739,3.194162737,3.191776047,3.203832953,3.205029844,3.198499224,3.21094121,3.197916555
1,1131,36.78454772,91.9613693,1869,25.63856287,36.92405857,37.7,26.15305448,3.197577804,3.205283912,3.198940595,3.200678382,3.179836492,3.200133659,3.185382433,3.190232395
1,1132,36.78070905,91.95177263,1868,25.65063049,-4.411805374,37.73333333,28.68656611,3.18931742,3.191659335,3.195609169,3.196108059,3.205314202,3.201779103,3.184791405,3.200666357
1,1133,36.7768692,91.942173,1867,25.79364535,-0.876127964,37.76666667,29.79507802,3.202546042,3.197371468,3.199512912,3.201522481,3.206116797,3.18740096,3.198045464,3.212066689
1,1134,36.77302816,91.9325704,1866,25.65442412,-11.86801021,37.8,30.12740208,3.21133329,3.206807495,3.204294597,3.213237078,3.215342784,3.19896736,3.19224454,3.197837661
1,1135,36.76918593,91.92296483,1865,25.5707012,32.76387784,37.83333333,27.88039184,3.224773564,3.187445149,3.196235687,3.188698471,3.200998111,3.190378472,3.199129992,3.184399239
1,1136,36.76534252,91.9133563,1864,25.71569046,5.516438663,37.86666667,27.355457,3.204940965,3.209778762,3.196928451,3.19891896,3.198692742,3.201447285,3.199694643,3.206144936
1,1137,36.76149793,91.90374482,1863,25.74273646,20.97396697,37.9,30.20909288,3.209864313,3.19348743,3.197525372,3.207212956,3.188626648,3.18423423,3.201810528,3.203970771
1,1138,36.75765215,91.89413037,1862,25.45268706,24.94453747,37.93333333,25.82171109,3.194221598,3.195370792,3.193918461,3.193064598,3.205547967,3.190556012,3.197875817,3.192757311
1,1139,36.75380519,91.88451296,1861,25.67168801,-12.65207665,37.96666667,28.78944272,3.188357688,3.206961425,3.195841398,3.201507521,3.187935393,3.194064484,3.206048703,3.220698172
1,1140,36.74995704,91.8748926,1860,25.68414073,-5.304453494,38,25.53395207,3.184190271,3.198391138,3.203298245,3.195071199,3.206796176,3.193066139,3.201230781,3.195823425
1,1141,36.74610772,91.86526929,1859,25.56429238,27.87774195,38.03333333,29.91767729,3.209755449,3.194589084,3.19718501,3.207565512,3.191775691,3.20055,3.185419725,3.191296532
1,1142,36.74225721,91.85564302,1858,25.76508482,-10.93957187,38.06666667,27.53551807,3.20305705,3.19207442,3.195643417,3.203944691,3.195366511,3.206582737,3.201725302,3.203485465
1,1143,36.73840552,91.8460138,1857,25.58199333,23.51481068,38.1,30.28344982,3.209927725,3.202558585,3.212310778,3.207290098,3.195812381,3.210345185,3.202110928,3.196842562
1,1144,36.73455266,91.83638164,1856,25.61506917,35.27938581,38.13333333,28.88454296,3.202227086,3.208898615,3.203640361,3.214579143,3.208692244,3.20418528,3.191791455,3.19856214
1,1145,36.73069861,91.82674652,1855,25.57923138,9.856829845,38.16666667,25.79820359,3.200573313,3.205573052,3.205098664,3.201356323,3.200962799,3.205763655,3.19313131,3.213564127
1,1146,36.72684339,91.81710846,1854,25.60186949,19.330183,38.2,30.56432992,3.183622665,3.211643276,3.199638516,3.208020639,3.202910723,3.202768275,3.204434036,3.206472434
1,1147,36.72298698,91.80746746,1853,25.46844699,24.40778496,38.23333333,30.79224148,3.197369353,3.208278393,3.191324235,3.199957355,3.206687759,3.207960141,3.203686311,3.19685286
1,1148,36.71912941,91.79782351,1852,25.42719389,27.60317191,38.26666667,29.58811569,3.207173662,3.19464507,3.214011273,3.199322633,3.187682994,3.190442532,3.200349149,3.201118602
1,1149,36.71527065,91.78817663,1851,25.79134061,-8.395732971,38.3,26.62914184,3.215757253,3.191692005,3.200315698,3.191524629,3.196058761,3.213471776,3.19090931,3.204696339
1,1150,36.71141072,91.7785268,1850,25.49836464,-35.89892327,38.33333333,27.44917488,3.203143259,3.199806629,3.204155493,3.190719837,3.21325058,3.215398764,3.200376838,3.219384849
1,1151,36.70754962,91.76887404,1849,25.48103292,-7.849898301,38.36666667,28.26176899,3.196807777,3.203203456,3.211455113,3.196327964,3.188947608,3.187106263,3.216486613,3.195767803
1,1152,36.70368734,91.75921834,1848,25.34159319,13.90049838,38.4,26.73332128,3.198514106,3.191097887,3.207586714,3.193747521,3.196069896,3.202396163,3.191487633,3.198571342
1,1153,36.69982388,91.74955971,1847,25.52332459,-3.971969138,38.43333333,31.04622383,3.211217677,3.203426035,3.201044338,3.201718918,3.196886919,3.215969219,3.193502743,3.201687409
1,1154,36.69595926,91.73989814,1846,25.44122922,19.91705207,38.46666667,28.25978765,3.200920205,3.2080701,3.208825392,3.19974385,3.202325332,3.202628278,3.181822867,3.187288083
1,1155,36.69209346,91.73023365,1845,25.79704182,-11.44140564,38.5,23.13397352,3.19515949,3.195507211,3.190405741,3.205996661,3.200016947,3.198282444,3.189950758,3.199643641
1,1156,36.68822649,91.72056622,1844,25.72117805,10.77953129,38.53333333,28.61084046,3.178986522,3.19869635,3.200505469,3.20193532,3.187487186,3.201798534,3.19166855,3.193500241
1,1157,36.68435835,91.71089587,1843,25.51742196,-25.08641561,38.56666667,27.37331669,3.205743451,3.21611291,3.20041087,3.193463236,3.201509364,3.207512233,3.204967981,3.221944903
1,1158,36.68048904,91.70122259,1842,25.8702923,19.94955493,38.6,27.8651322,3.194277299,3.202017852,3.212391344,3.211889274,3.184399377,3.199973139,3.211876166,3.223125144
1,1159,36.67661856,91.69154639,1841,25.71781186,3.655677505,38.63333333,27.33648514,3.205630367,3.197057094,3.191926375,3.217749947,3.205829933,3.193215465,3.198374749,3.202481492
1,1160,36.67274691,91.68186726,1840,25.56102023,-23.67484892,38.66666667,29.45268355,3.204350453,3.192803051,3.195086477,3.186776524,3.208318098,3.197267052,3.203730573,3.211378068
1,1161,36.66887409,91.67218522,1839,25.30007131,-16.64710612,38.7,30.015438,3.201758961,3.199096236,3.201551372,3.200505549,3.20996932,3.202486707,3.195644792,3.208382792
1,1162,36.6650001,91.66250025,1838,25.87491311,19.88869669,38.73333333,28.50949569,3.209843875,3.189293355,3.212262271,3.202917694,3.20226616,3.208052997,3.195464189,3.207633316
1,1163,36.66112495,91.65281237,1837,25.4332513,-1.391901147,38.76666667,27.38923986,3.196985796,3.188200395,3.19201795,3.204536175,3.192436253,3.212880609,3.209514268,3.210667513
1,1164,36.65724863,91.64312157,1836,25.40255215,-22.71748477,38.8,27.92559303,3.200998229,3.202062893,3.190450305,3.207966268,3.203038668,3.204538445,3.213506494,3.195152296
1,1165,36.65337114,91.63342786,1835,25.72270845,37.38169523,38.83333333,28.03527931,3.198990868,3.202613367,3.192516517,3.198499209,3.203943598,3.19739663,3.210471915,3.187912604
1,1166,36.64949249,91.62373123,1834,25.89277029,17.21000159,38.86666667,26.55562593,3.20898217,3.205289484,3.195449371,3.192604731,3.183357739,3.1936386,3.208377413,3.199551314
1,1167,36.64561268,91.6140317,1833,25.76611274,36.5707866,38.9,29.04207157,3.209303847,3.195041031,3.205656849,3.194260011,3.1922754,3.199142982,3.194680268,3.187657423
1,1168,36.6417317,91.60432925,1832,25.66766909,-5.831596371,38.93333333,28.82807618,3.198541482,3.200851483,3.210146869,3.207494445,3.209759546,3.20576286,3.202660902,3.190168441
1,1169,36.63784956,91.5946239,1831,25.67137052,-1.991972745,38.96666667,30.77279423,3.201198978,3.20477435,3.211659504,3.205490308,3.209923067,3.191744017,3.197388659,3.203434806
1,1170,36.63396625,91.58491564,1830,25.70240987,31.83641729,39,30.2596296,3.209287622,3.198838171,3.199340432,3.205497122,3.190993033,3.212859236,3.192966911,3.184651285
1,1171,36.63008179,91.57520447,1829,25.69107143,2.00394722,39.03333333,26.76578515,3.200080536,3.21358767,3.204691625,3.206008724,3.200331086,3.19878098,3.187640725,3.18192491
1,1172,36.62619616,91.5654904,1828,25.63374297,16.58231295,39.06666667,29.47653707,3.201570179,3.210500394,3.20275307,3.204988796,3.21266974,3.202630135,3.199018759,3.193451802
1,1173,36.62230937,91.55577344,1827,25.61250413,-19.8261698,39.1,26.28828391,3.216177701,3.204212382,3.192451186,3.190630659,3.21002451,3.191700466,3.214830673,3.177948298
1,1174,36.61842143,91.54605357,1826,25.59248882,-4.261882504,39.13333333,29.25267778,3.211380762,3.203895158,3.200948755,3.198596333,3.215125839,3.205656471,3.192774371,3.18624872
1,1175,36.61453232,91.5363308,1825,25.50952425,-30.12401074,39.16666667,27.07009444,3.201418378,3.199991431,3.187841056,3.199556852,3.195408523,3.200074321,3.205807389,3.21194088
1,1176,36.61064205,91.52660514,1824,25.56631899,-23.52159713,39.2,26.1581442,3.207271112,3.194228474,3.202951321,3.200504857,3.189342968,3.203185862,3.214853379,3.200259413
1,1177,36.60675063,91.51687658,1823,25.39684518,-39.92452678,39.23333333,28.50408162,3.187246539,3.200242149,3.190290302,3.206908844,3.20419892,3.19863272,3.197350686,3.198302126
1,1178,36.60285805,91.50714513,1822,25.58819924,-36.85879587,39.26666667,23.18577917,3.200066196,3.19382212,3.188897975,3.209109592,3.196916792,3.201336345,3.202282256,3.202576164
1,1179,36.59896431,91.49741078,1821,25.48136907,38.18270585,39.3,24.84824397,3.190609456,3.186593279,3.19529046,3.203165692,3.194176401,3.197160629,3.217018379,3.185236609
1,1180,36.59506942,91.48767355,1820,25.46756928,-20.61170439,39.33333333,27.68051461,3.193959728,3.215172833,3.199643211,3.194352119,3.209350151,3.200441843,3.197213533,3.201538951
1,1181,36.59117337,91.47793342,1819,25.6215873,13.06485676,39.36666667,28.14839518,3.19473513,3.191860071,3.199091225,3.191912024,3.200085546,3.202835253,3.206824484,3.2090234
1,1182,36.58727617,91.46819042,1818,25.76704027,27.1279759,39.4,27.33522621,3.196754108,3.203995317,3.203940188,3.20262255,3.196164325,3.191775458,3.204016015,3.1863451
1,1183,36.58337781,91.45844452,1817,25.71019799,4.052836739,39.43333333,25.15701466,3.197857285,3.179570952,3.189308781,3.192982928,3.208773794,3.205504864,3.195568523,3.205834958
1,1184,36.5794783,91.44869574,1816,25.41153993,-27.74843999,39.46666667,26.52779468,3.207100984,3.198714681,3.188924975,3.198336702,3.199216861,3.190140365,3.202936374,3.202238495
1,1185,36.57557763,91.43894408,1815,25.48124462,18.24931499,39.5,28.70417679,3.203560342,3.202231385,3.205838744,3.198565376,3.201614281,3.196818078,3.195324006,3.210705997
1,1186,36.57167582,91.42918954,1814,25.71289254,8.020112808,39.53333333,29.04720719,3.18364985,3.20701408,3.195035673,3.193999695,3.20209262,3.188083123,3.193471815,3.193206883
1,1187,36.56777285,91.41943212,1813,25.48210151,18.50004715,39.56666667,27.97079839,3.198228814,3.193566898,3.212808949,3.214376132,3.183824052,3.204354582,3.206869308,3.204343882
1,1188,36.56386873,91.40967182,1812,25.57304402,21.57972983,39.6,30.08230081,3.194735092,3.198047236,3.194013803,3.196637888,3.19032028,3.199081689,3.187977586,3.198398924
1,1189,36.55996346,91.39990865,1811,25.66600625,38.03282941,39.63333333,28.71531464,3.190011346,3.201654531,3.194564644,3.202324643,3.208652646,3.212715575,3.179775963,3.193326447
1,1190,36.55605704,91.3901426,1810,25.48379867,5.885062402,39.66666667,26.65457982,3.197575311,3.203682623,3.186797164,3.192143261,3.201042858,3.200679106,3.203020947,3.203549406
1,1191,36.55214947,91.38037368,1809,25.61264506,-12.66871098,39.7,27.4950963,3.202708755,3.201549243,3.200445918,3.205318105,3.182085419,3.212354668,3.182364144,3.191366705
1,1192,36.54824075,91.37060188,1808,25.43991694,11.87716455,39.73333333,25.47484092,3.198185914,3.205380903,3.176037865,3.199775005,3.20633916,3.207956145,3.194421363,3.197593318
1,1193,36.54433089,91.36082722,1807,25.52783588,-34.52474326,39.76666667,27.80534982,3.195070815,3.196858603,3.191745388,3.192885983,3.203475015,3.201052923,3.203932692,3.201712115
1,1194,36.54041988,91.35104969,1806,25.63837383,31.79178547,39.8,30.00178111,3.205634709,3.207025712,3.186066267,3.193165523,3.198148992,3.19981858,3.194639275,3.207296189
1,1195,36.53650772,91.34126929,1805,25.40884075,-30.44951909,39.83333333,29.23352215,3.215839587,3.201489296,3.200674728,3.20679565,3.185073282,3.200227752,3.207832287,3.194854768
1,1196,36.53259441,91.33148603,1804,25.65285697,-13.77257297,39.86666667,30.52361679,3.190187515,3.198513555,3.199514517,3.192730782,3.21676929,3.196170429,3.190770725,3.199251029
1,1197,36.52867996,91.32169991,1803,25.59764346,25.25963045,39.9,27.45480656,3.207262885,3.200139314,3.203884751,3.193027915,3.211901508,3.204493688,3.208381613,3.202921285
1,1198,36.52476437,91.31191092,1802,25.66629879,7.784990266,39.93333333,30.42297963,3.206599072,3.19301558,3.196068717,3.210771845,3.212477936,3.190823475,3.201997889,3.19655245
1,1199,36.52084763,91.30211907,1801,25.6268697,-8.509158378,39.96666667,27.65205239,3.194423748,3.202278718,3.209127703,3.2036133,3.1974439,3.204118889,3.197120191,3.203296914
1,1200,36.51692975,91.29232436,1800,25.76369685,-2.12514725,40,30.64885315,3.211171726,3.183382723,3.206378018,3.187687561,3.209826622,3.194903795,3.190258629,3.205562154
1,1201,36.51301072,91.2825268,1799,25.61502694,28.36379146,40.03333333,27.96065785,3.202913361,3.192006505,3.189976002,3.198500148,3.190367304,3.191508216,3.200924966,3.192273027
1,1202,36.50909055,91.27272638,1798,25.54847134,-12.79964912,40.06666667,29.27301647,3.203412314,3.211921149,3.198811557,3.201041208,3.216144774,3.190499191,3.209529882,3.208566861
1,1203,36.50516924,91.26292311,1797,25.6146757,29.57197478,40.1,30.65520226,3.206834539,3.210333983,3.2022446,3.195336564,3.208756586,3.209062738,3.208842511,3.200356017
1,1204,36.50124679,91.25311698,1796,25.66519576,-32.94924552,40.13333333,27.65183027,3.194270444,3.201530898,3.20753784,3.208194814,3.196562591,3.202522983,3.189529774,3.207879601
1,1205,36.4973232,91.24330801,1795,25.60586321,22.14387498,40.16666667,28.39310018,3.19373353,3.206282043,3.190805563,3.208251327,3.202574682,3.193749138,3.205530851,3.195277106
1,1206,36.49339847,91.23349618,1794,25.604871,27.80381064,40.2,30.31995417,3.20599644,3.197807108,3.186231623,3.19214067,3.196556682,3.210945512,3.207209149,3.212990891
1,1207,36.4894726,91.22368151,1793,25.515761,-25.45458777,40.23333333,27.7605943,3.213229082,3.195721994,3.198492105,3.196709761,3.194627915,3.185268042,3.199882018,3.189715475
1,1208,36.48554559,91.21386399,1792,25.52045189,-5.57227741,40.26666667,25.62239389,3.199726625,3.216926166,3.195925239,3.201558192,3.207253187,3.20224233,3.202339874,3.197100781
1,1209,36.48161745,91.20404362,1791,25.43168737,-26.76001803,40.3,31.8574127,3.198144976,3.192319916,3.20676836,3.186068067,3.207768707,3.188770413,3.207700858,3.19716946
1,1210,36.47768816,91.19422041,1790,25.80994921,16.52833032,40.33333333,27.15442396,3.19014505,3.204634389,3.20743014,3.196495371,3.205764884,3.181719324,3.18943523,3.210339271
1,1211,36.47375774,91.18439436,1789,25.45073641,2.827821445,40.36666667,28.28576089,3.198210646,3.185102293,3.194409071,3.192612796,3.198672306,3.197033992,3.201431454,3.199444272
1,1212,36.46982619,91.17456547,1788,25.51685138,10.82586774,40.4,30.08081201,3.210877914,3.203396389,3.203661373,3.209321257,3.19688985,3.18990498,3.209655763,3.201086734
1,1213,36.4658935,91.16473374,1787,25.51379113,-24.28104264,40.43333333,26.90471097,3.20111481,3.194933361,3.195065157,3.206773779,3.207877246,3.206270587,3.206343693,3.204552236
1,1214,36.46195967,91.15489917,1786,25.70739093,-23.06033104,40.46666667,26.18583776,3.201052182,3.198596963,3.209682591,3.197010233,3.202959834,3.193567896,3.194725608,3.198110763
1,1215,36.45802471,91.14506177,1785,25.56460604,-36.68021396,40.5,28.45672713,3.193568493,3.206382815,3.189215726,3.200793837,3.201060065,3.185513603,3.196471809,3.202045596
1,1216,36.45408861,91.13522153,1784,25.74972905,-14.23459718,40.53333333,24.77246248,3.203429824,3.198365542,3.205415106,3.19912547,3.200109223,3.202013231,3.207415997,3.194594256
1,1217,36.45015138,91.12537846,1783,25.51918113,4.779572907,40.56666667,27.48176906,3.196105425,3.194648828,3.197342418,3.211409874,3.204581803,3.190951282,3.195196424,3.202982138
1,1218,36.44621302,91.11553256,1782,25.6334793,28.63479312,40.6,28.4410696,3.192747938,3.19419728,3.210759677,3.195092995,3.207637335,3.210042586,3.194132303,3.1928803
1,1219,36.44227353,91.10568383,1781,25.49975835,13.3541958,40.63333333,27.51408659,3.197790943,3.191290978,3.200968271,3.198354785,3.20288464,3.211175548,3.20653988,3.203913918
1,1220,36.43833291,91.09583227,1780,25.8574179,-5.168294128,40.66666667,25.2217883,3.184271613,3.203547008,3.213781021,3.17591582,3.20551506,3.198725131,3.19320164,3.206409029
1,1221,36.43439115,91.08597789,1779,25.45748819,36.24960915,40.7,30.86952032,3.213677647,3.206201846,3.197030464,3.192452241,3.201157021,3.206985354,3.196903576,3.197676936
1,1222,36.43044827,91.07612067,1778,25.63717849,17.53961605,40.73333333,28.18636868,3.222576002,3.208629216,3.209201029,3.188317713,3.194342491,3.200597453,3.1919909,3.212803178
1,1223,36.42650426,91.06626064,1777,25.67605323,34.41321623,40.76666667,30.57607381,3.211282498,3.195731637,3.214271349,3.199965983,3.220715118,3.201157489,3.204609542,3.211199228
1,1224,36.42255911,91.05639778,1776,25.64965589,2.207037862,40.8,27.53193475,3.210221067,3.204085857,3.198870877,3.204113062,3.193470527,3.20121707,3.19112554,3.185752947
1,1225,36.41861284,91.04653211,1775,25.57776548,-19.28765802,40.83333333,26.41597843,3.200403414,3.210098223,3.207406437,3.199344702,3.213975918,3.195447509,3.184657339,3.18254319
1,1226,36.41466544,91.03666361,1774,25.58442152,-35.77386509,40.86666667,28.48452566,3.190550472,3.206532998,3.194921579,3.203687669,3.213170267,3.191199224,3.203827998,3.204311705
1,1227,36.41071692,91.0267923,1773,25.60525738,18.08678812,40.9,27.61158317,3.193114096,3.210833687,3.197698344,3.196929976,3.216892906,3.204182134,3.207402324,3.210839143
1,1228,36.40676727,91.01691817,1772,25.58235976,-30.29576016,40.93333333,25.88002938,3.194796208,3.209998569,3.195984847,3.195643013,3.197824,3.195023481,3.206577251,3.202137685
1,1229,36.40281649,91.00704122,1771,25.71566549,-15.77798974,40.96666667,30.64561167,3.196070205,3.20539604,3.197798541,3.197375437,3.200389471,3.203707683,3.203118781,3.197094007
1,1230,36.39886459,90.99716146,1770,25.86526276,2.597672631,41,26.8799136,3.20677689,3.198220847,3.194760124,3.188255827,3.207865428,3.200099121,3.201686979,3.208366423
1,1231,36.39491156,90.98727889,1769,25.53310099,5.153327022,41.03333333,24.68752051,3.19618075,3.189004806,3.200558246,3.202463692,3.197897207,3.211789901,3.180110667,3.208960453
1,1232,36.39095741,90.97739351,1768,25.43562364,8.046655759,41.06666667,30.3906989,3.206329229,3.203654166,3.173312788,3.21027111,3.191788527,3.195938464,3.198635259,3.203259344
1,1233,36.38700213,90.96750532,1767,25.58940615,-26.69957357,41.1,27.09226357,3.205115424,3.207142724,3.206526828,3.202023418,3.203327381,3.19127397,3.193991786,3.207163682
1,1234,36.38304573,90.95761433,1766,25.90956512,-9.621007614,41.13333333,26.90591699,3.206697676,3.205790395,3.195884666,3.207283937,3.190710044,3.208618878,3.197913034,3.213473363
1,1235,36.37908821,90.94772053,1765,25.50355905,9.375538169,41.16666667,24.82230234,3.187828463,3.214107232,3.197108285,3.196964166,3.201558711,3.194423369,3.199421368,3.19409899
1,1236,36.37512957,90.93782392,1764,25.79669402,37.58550917,41.2,31.13369468,3.194391492,3.203895088,3.192787476,3.193854446,3.18901767,3.195968555,3.210492816,3.193232531
1,1237,36.3711698,90.92792451,1763,25.8013241,18.21049102,41.23333333,25.67893494,3.194146934,3.201551376,3.197033629,3.217825235,3.198699776,3.202681747,3.20755015,3.207396623
1,1238,36.36720892,90.9180223,1762,25.53356941,33.80830057,41.26666667,28.10520907,3.201866301,3.19871098,3.216192228,3.199201918,3.196466479,3.194833208,3.186185574,3.206572926
1,1239,36.36324692,90.90811729,1761,25.66827797,20.97696467,41.3,29.64271658,3.181215453,3.199954217,3.198361115,3.217919722,3.18534679,3.192791174,3.198911228,3.198419765
1,1240,36.35928379,90.89820948,1760,25.79540759,7.337357511,41.33333333,28.75909048,3.195603643,3.199352097,3.189923498,3.202857543,3.181428117,3.199793845,3.195197146,3.208130304
1,1241,36.35531955,90.88829888,1759,25.55450467,-24.63813047,41.36666667,27.89262224,3.214042489,3.197351583,3.211125807,3.19747107,3.192270988,3.213967229,3.204166212,3.200035508
1,1242,36.35135419,90.87838547,1758,25.57557036,13.33485215,41.4,24.93700146,3.20549742,3.20219372,3.199446245,3.189388521,3.197835706,3.204986043,3.199017829,3.207218606
1,1243,36.34738771,90.86846928,1757,25.53019829,9.870365277,41.43333333,26.5424953,3.20306924,3.192974909,3.189446624,3.198742572,3.195806172,3.202690574,3.194254899,3.195076861
1,1244,36.34342012,90.85855029,1756,25.47822919,8.197533637,41.46666667,28.33804061,3.208424558,3.201185624,3.194378183,3.200141134,3.21103129,3.202350294,3.204743606,3.193982124
1,1245,36.33945141,90.84862851,1755,25.52208669,-0.817130561,41.5,26.58308667,3.208211355,3.218544818,3.193668259,3.190544848,3.201404338,3.20700404,3.199268883,3.191574349
1,1246,36.33548158,90.83870394,1754,25.45312717,2.292528319,41.53333333,28.36604703,3.199131327,3.204784738,3.196743745,3.20485804,3.209317686,3.201921845,3.199776418,3.206634751
1,1247,36.33151064,90.82877659,1753,25.60409002,-13.24459783,41.56666667,29.22713814,3.193151193,3.192362321,3.197867422,3.196064964,3.193573264,3.214643748,3.217375946,3.19717036
1,1248,36.32753858,90.81884644,1752,25.50760321,1.545015411,41.6,29.73250519,3.200733752,3.198497257,3.208859994,3.210445164,3.18578189,3.203808086,3.189545429,3.214066177
1,1249,36.32356541,90.80891352,1751,25.62805431,-24.19552755,41.63333333,25.79287716,3.203521984,3.193413204,3.198069429,3.197688182,3.204200904,3.208335301,3.190814342,3.214710036
1,1250,36.31959112,90.7989778,1750,25.41329252,24.41395179,41.66666667,31.9539629,3.212845521,3.192997411,3.200582414,3.213686468,3.209863349,3.197306056,3.206514719,3.223977586
1,1251,36.31561572,90.78903931,1749,25.63970563,-25.13784362,41.7,29.38146282,3.20084128,3.194938814,3.201379359,3.201972417,3.195803706,3.203533001,3.189964792,3.194675729
1,1252,36.31163921,90.77909803,1748,25.70002348,-33.20269681,41.73333333,27.99691452,3.206065958,3.185961033,3.207225341,3.183904149,3.186149403,3.19600817,3.202294911,3.210602109
1,1253,36.30766159,90.76915398,1747,25.36075172,-5.100317891,41.76666667,29.96116585,3.200460982,3.198027571,3.20463665,3.193032809,3.201115321,3.19040443,3.200660724,3.198961309
1,1254,36.30368286,90.75920714,1746,25.64488679,12.66459516,41.8,32.25773399,3.193565857,3.201320325,3.201268397,3.209403632,3.187154933,3.199391609,3.193917901,3.206958096
1,1255,36.29970301,90.74925753,1745,25.74732028,-4.982654005,41.83333333,25.41030382,3.206031297,3.204063039,3.194369334,3.207083765,3.187758953,3.186117514,3.189793032,3.199732202
1,1256,36.29572206,90.73930515,1744,25.45484308,-17.85966944,41.86666667,27.59452724,3.205401315,3.17619174,3.210581943,3.201048898,3.187457821,3.200807576,3.208740203,3.204795528
1,1257,36.29174,90.72934999,1743,25.80070869,4.653694711,41.9,23.71882301,3.208792585,3.189070027,3.196687958,3.192602462,3.213740642,3.205114903,3.222776077,3.196259124
1,1258,36.28775682,90.71939206,1742,25.65028228,-12.23981317,41.93333333,28.34677276,3.194202606,3.198857387,3.211026858,3.197071042,3.200995501,3.200773526,3.200315974,3.194780812
1,1259,36.28377254,90.70943136,1741,25.51539858,34.62941521,41.96666667,28.65770964,3.198901671,3.198559179,3.199939483,3.207548135,3.214085024,3.193276522,3.196864051,3.193399905
1,1260,36.27978715,90.69946788,1740,25.59330771,33.81161117,42,27.92950819,3.201496812,3.195693204,3.201918375,3.208829015,3.179793347,3.203934239,3.196318504,3.203683378
1,1261,36.27580066,90.68950164,1739,25.66699923,0.189745598,42.03333333,26.82183957,3.192828244,3.209570088,3.207306245,3.204546817,3.206345806,3.194035036,3.19504301,3.20601949
1,1262,36.27181306,90.67953264,1738,25.60912065,-13.76928048,42.06666667,24.31087387,3.193858167,3.21156508,3.197411271,3.204015155,3.216793996,3.194350213,3.200550094,3.208433465
1,1263,36.26782435,90.66956087,1737,25.66465072,18.97059312,42.1,28.67236063,3.207610219,3.197377478,3.195866156,3.198134913,3.211582862,3.197767153,3.200624926,3.196585708
1,1264,36.26383453,90.65958633,1736,25.48951917,-37.06296452,42.13333333,30.61978207,3.205644389,3.2012442,3.19197253,3.192249407,3.184011155,3.193349429,3.206351566,3.210590084
1,1265,36.25984361,90.64960903,1735,25.6203233,-2.018479517,42.16666667,26.93616678,3.205484467,3.204437058,3.198987792,3.206199316,3.202290226,3.214435592,3.199212437,3.210744065
1,1266,36.25585159,90.63962898,1734,25.43035426,-13.09412846,42.2,28.79210787,3.206992913,3.205883546,3.183908069,3.207433516,3.198979936,3.196448588,3.188136696,3.199955303
1,1267,36.25185846,90.62964616,1733,25.58665287,33.64287081,42.23333333,25.17734024,3.200268413,3.189575985,3.188213759,3.203892956,3.206973641,3.201522263,3.209206677,3.19930892
1,1268,36.24786423,90.61966058,1732,25.49153108,-39.03975782,42.26666667,28.82298351,3.19956519,3.192663776,3.187518064,3.214837297,3.209050392,3.188859899,3.201246015,3.19919963
1,1269,36.2438689,90.60967225,1731,25.51173641,4.225190057,42.3,27.29191186,3.19780806,3.196727857,3.203050153,3.206545404,3.203219129,3.199035853,3.198742186,3.207494515
1,1270,36.23987246,90.59968116,1730,25.74833118,19.25308649,42.33333333,26.62764769,3.20370756,3.200581516,3.19971279,3.202762164,3.19625321,3.206572311,3.191393132,3.196708348
1,1271,36.23587493,90.58968732,1729,25.73095721,-1.198560998,42.36666667,26.63134545,3.204888849,3.190936937,3.187415932,3.200504621,3.186428335,3.189609572,3.206052753,3.198361718
1,1272,36.23187629,90.57969073,1728,25.67309657,-33.16775759,42.4,27.29149915,3.210283896,3.190361485,3.199248381,3.203196676,3.190635881,3.208254095,3.204085431,3.187125703
1,1273,36.22787655,90.56969138,1727,25.46892247,37.7969112,42.43333333,28.68837997,3.199698066,3.203087654,3.195279547,3.188161081,3.20222767,3.217689944,3.196904127,3.212553929
1,1274,36.22387571,90.55968929,1726,25.56203099,1.44083451,42.46666667,25.63810624,3.193981689,3.201724365,3.20617218,3.199932691,3.197618115,3.20580902,3.215131641,3.202404695
1,1275,36.21987378,90.54968444,1725,25.74557172,9.134899546,42.5,27.2851924,3.195871519,3.198481988,3.220157661,3.201079257,3.19524469,3.190839457,3.185392791,3.202908674
1,1276,36.21587074,90.53967685,1724,25.61700603,-21.07121738,42.53333333,27.9253508,3.205237136,3.196826431,3.199880237,3.190636306,3.201063428,3.203851963,3.195718686,3.213523621
1,1277,36.21186661,90.52966652,1723,25.87831954,-1.320153191,42.56666667,26.0217294,3.193303149,3.202267813,3.206786538,3.199381684,3.198492185,3.188569071,3.210858732,3.198640854
1,1278,36.20786138,90.51965344,1722,25.64719814,-5.668040643,42.6,31.23399736,3.204298923,3.205381764,3.194973612,3.198419771,3.210675859,3.191062419,3.217023345,3.194041018
1,1279,36.20385505,90.50963762,1721,25.62304589,-34.00833264,42.63333333,26.46370814,3.19056386,3.201058472,3.217666786,3.184712273,3.198871874,3.20381012,3.2002692,3.203055373
1,1280,36.19984762,90.49961906,1720,25.56290602,-31.50717172,42.66666667,26.79501356,3.194255735,3.195202225,3.198812619,3.190960895,3.199642509,3.196890038,3.196239639,3.202564051
1,1281,36.1958391,90.48959775,1719,25.61602491,26.99780157,42.7,26.23904569,3.185434724,3.198167279,3.21853883,3.191311123,3.210284004,3.200437249,3.195176338,3.189434867
1,1282,36.19182948,90.47957371,1718,25.58170362,-20.81440382,42.73333333,31.23726416,3.201117456,3.211627177,3.196886311,3.199352309,3.208082967,3.202726966,3.187421794,3.200791098
1,1283,36.18781877,90.46954693,1717,25.68497304,-24.40333828,42.76666667,28.99522941,3.212097879,3.199704471,3.178068085,3.20310572,3.198412348,3.185367245,3.186566335,3.207800857
1,1284,36.18380697,90.45951742,1716,25.71480428,0.3929161,42.8,26.31413439,3.194140938,3.192740029,3.199714892,3.194846376,3.200800389,3.19837824,3.190400035,3.195910418
1,1285,36.17979407,90.44948517,1715,25.50568126,21.49977051,42.83333333,29.99121681,3.203542027,3.200335344,3.19934446,3.215499074,3.2058483,3.20681953,3.198672253,3.201761162
1,1286,36.17578008,90.43945019,1714,25.44025205,-35.04427851,42.86666667,28.36125765,3.1965512,3.206220398,3.199116801,3.201779022,3.20128489,3.199854665,3.223505505,3.194667046
1,1287,36.17176499,90.42941248,1713,25.37965536,6.144633571,42.9,28.46305616,3.194594308,3.205552774,3.195238648,3.197668749,3.191308712,3.203932463,3.204034058,3.197478464
1,1288,36.16774881,90.41937204,1712,25.66095896,-30.46316457,42.93333333,27.37994102,3.205718534,3.185135,3.194345173,3.198640167,3.19062174,3.186010296,3.197536832,3.205552161
1,1289,36.16373155,90.40932886,1711,25.46759601,-37.08311593,42.96666667,26.65105122,3.210256867,3.195621697,3.205865727,3.205092336,3.209748865,3.197198472,3.185611996,3.200561487
1,1290,36.15971319,90.39928297,1710,25.34165313,-35.78048383,43,28.60797898,3.19188965,3.194211959,3.197590247,3.197288579,3.201132474,3.205625251,3.197058115,3.20316558
1,1291,36.15569374,90.38923434,1709,25.64662943,26.73312866,43.03333333,27.01884299,3.200118528,3.207483955,3.198491265,3.199368587,3.197004796,3.198702012,3.193732095,3.192939222
1,1292,36.1516732,90.37918299,1708,25.89915994,-30.56220131,43.06666667,31.27016013,3.206206123,3.191334387,3.197447055,3.208122742,3.197178394,3.206629924,3.195271634,3.191590691
1,1293,36.14765157,90.36912892,1707,25.59927149,-36.38789085,43.1,25.71527601,3.187241393,3.210501793,3.190905031,3.205977493,3.192000424,3.210539071,3.217654262,3.18650776
1,1294,36.14362885,90.35907212,1706,25.70061889,-4.968009029,43.13333333,30.76508219,3.191321949,3.206185055,3.204104343,3.206215375,3.195409956,3.215900273,3.200944396,3.190264299
1,1295,36.13960504,90.34901261,1705,25.60981952,27.51947776,43.16666667,27.79962607,3.197974812,3.190371465,3.212727531,3.19471735,3.203939868,3.196234615,3.195076902,3.184717967
1,1296,36.13558015,90.33895037,1704,25.58813324,-19.00732988,43.2,28.53835432,3.204785397,3.21039345,3.192672259,3.187638167,3.206426528,3.186830069,3.209756263,3.192764839
1,1297,36.13155417,90.32888542,1703,25.71028918,-6.262990598,43.23333333,29.49968398,3.191173658,3.201987699,3.191694886,3.194343111,3.202831855,3.180567101,3.213139354,3.200349121
1,1298,36.1275271,90.31881775,1702,25.56516705,-36.80619739,43.26666667,26.86555127,3.189656272,3.191862037,3.207933171,3.204808423,3.211094245,3.194538057,3.202372671,3.203412543
1,1299,36.12349895,90.30874737,1701,25.63208708,-4.073718869,43.3,29.55564709,3.20556214,3.209018249,3.194261889,3.199086638,3.195118802,3.199579105,3.205587462,3.186767716
1,1300,36.11946971,90.29867427,1700,25.63860374,6.209046451,43.33333333,23.12642106,3.208874973,3.190886543,3.197541037,3.209951535,3.202624078,3.20271624,3.190554992,3.191647313
1,1301,36.11543939,90.28859846,1699,25.51982915,5.6725643,43.36666667,26.70401884,3.207530051,3.195286852,3.196040705,3.20771161,3.191600692,3.202153881,3.200343259,3.199978514
1,1302,36.11140798,90.27851994,1698,25.71904508,-13.40586463,43.4,26.33668695,3.195852515,3.195361159,3.191373087,3.20386132,3.194654806,3.207749957,3.19820356,3.191532396
1,1303,36.10737549,90.26843871,1697,25.57900483,-14.75734555,43.43333333,25.74368918,3.198097489,3.196713142,3.208072827,3.197047998,3.197790317,3.211292374,3.204066139,3.213301648
1,1304,36.10334191,90.25835477,1696,25.50931058,-31.47011049,43.46666667,27.61308129,3.21007236,3.192902699,3.207919607,3.212202426,3.212262505,3.207904768,3.207740184,3.197578712
1,1305,36.09930725,90.24826813,1695,25.66438118,-10.65613435,43.5,28.69434994,3.193300943,3.197182261,3.186681688,3.210742363,3.197733656,3.210330646,3.190148003,3.208660999
1,1306,36.09527151,90.23817878,1694,25.49218384,-32.04042649,43.53333333,29.264788,3.196040955,3.189725045,3.213016944,3.208858493,3.201694339,3.200271503,3.20351608,3.201557029
1,1307,36.09123469,90.22808672,1693,25.60338174,21.32767558,43.56666667,28.43357816,3.193661792,3.196703582,3.215685743,3.221377254,3.212501348,3.203825792,3.197298008,3.193614513
1,1308,36.08719679,90.21799196,1692,25.59890572,37.30194382,43.6,26.80175176,3.194141741,3.195573859,3.217209312,3.214450258,3.205970227,3.192315095,3.207144447,3.198091064
1,1309,36.0831578,90.2078945,1691,25.73030747,37.60595653,43.63333333,28.66422959,3.182775924,3.202296805,3.193264696,3.193535573,3.197996736,3.196013416,3.199725945,3.199341356
1,1310,36.07911774,90.19779434,1690,25.65696379,29.20568795,43.66666667,28.22371425,3.184993527,3.212162224,3.192132986,3.192380813,3.197371574,3.199133321,3.211671839,3.202155388
1,1311,36.07507659,90.18769149,1689,25.59699676,8.063371947,43.7,29.6849011,3.204531724,3.20219629,3.201851693,3.202477836,3.184538127,3.198000652,3.209298089,3.231538648
1,1312,36.07103437,90.17758593,1688,25.69813196,16.06925578,43.73333333,29.39848607,3.190365529,3.20338464,3.195431627,3.216381215,3.189169738,3.204999516,3.188742311,3.197451467
1,1313,36.06699107,90.16747768,1687,25.76682491,-17.18353579,43.76666667,28.05485755,3.199725493,3.208557533,3.191382665,3.205307064,3.200150222,3.202182347,3.207666662,3.189739546
1,1314,36.06294669,90.15736673,1686,25.66693724,10.46163361,43.8,26.38494459,3.20648476,3.195448761,3.208766988,3.202676461,3.198323773,3.195279792,3.20658636,3.210087613
1,1315,36.05890124,90.14725309,1685,25.60124231,-3.548036045,43.83333333,26.82468972,3.195737188,3.190935947,3.205553688,3.188411752,3.1895559,3.191498398,3.196676396,3.189309345
1,1316,36.0548547,90.13713676,1684,25.44257965,-1.438612818,43.86666667,27.01037915,3.184489601,3.190916446,3.205139796,3.189827647,3.197277843,3.215573588,3.199606607,3.202740248
1,1317,36.05080709,90.12701773,1683,25.47218636,20.62212483,43.9,27.4325206,3.19243168,3.217307799,3.195669644,3.198175163,3.210536469,3.198546126,3.20038311,3.197746493
1,1318,36.04675841,90.11689602,1682,25.56337304,-17.44653155,43.93333333,28.48249077,3.197801341,3.202964016,3.204423546,3.194854013,3.193871356,3.195126911,3.188789968,3.187276558
1,1319,36.04270865,90.10677162,1681,25.52685854,-14.55683106,43.96666667,29.2873139,3.202377337,3.207508766,3.206968362,3.18094407,3.198039479,3.191183264,3.2011499,3.196657412
1,1320,36.03865781,90.09664453,1680,25.57756344,33.97134329,44,27.90798635,3.204735295,3.199846775,3.184831985,3.192263313,3.200046281,3.200720883,3.188754586,3.187708322
1,1321,36.0346059,90.08651475,1679,25.60679799,-35.50205641,44.03333333,28.02902462,3.200449963,3.188770662,3.186650965,3.196438876,3.196092431,3.192972796,3.194370104,3.200110686
1,1322,36.03055292,90.07638229,1678,25.66356313,-1.149256127,44.06666667,28.25795135,3.194238697,3.200565576,3.196956252,3.201341201,3.207025645,3.206713983,3.210305684,3.206705175
1,1323,36.02649886,90.06624715,1677,25.59154015,33.02406403,44.1,27.07137044,3.20190846,3.196532547,3.196897913,3.192977782,3.200036234,3.2055791,3.194194659,3.199702257
1,1324,36.02244373,90.05610933,1676,25.6583802,8.829040625,44.13333333,26.33429394,3.194581102,3.201674835,3.195604933,3.194083915,3.194560266,3.20402663,3.199226005,3.196572626
1,1325,36.01838753,90.04596883,1675,25.60773693,3.712565937,44.16666667,24.84021178,3.202091236,3.19668387,3.209012143,3.192209071,3.198504228,3.188761878,3.197225005,3.186562916
1,1326,36.01433026,90.03582564,1674,25.36294401,-20.02046566,44.2,26.74873116,3.205970532,3.20613203,3.206273361,3.20023098,3.192961037,3.193597275,3.212241376,3.211485417
1,1327,36.01027191,90.02567978,1673,25.48727975,-12.53796087,44.23333333,28.85166182,3.200980441,3.195874928,3.210948987,3.194443975,3.201830794,3.210815658,3.193309292,3.206633789
1,1328,36.0062125,90.01553125,1672,25.58270949,28.16387326,44.26666667,26.73475941,3.204164486,3.199683868,3.192052531,3.194204482,3.202315609,3.188613306,3.201045951,3.204328408
1,1329,36.00215201,90.00538004,1671,25.45483663,4.737450541,44.3,27.57194733,3.207881761,3.188813143,3.210529978,3.213562908,3.203281213,3.191695611,3.197375126,3.199619222
1,1330,35.99809046,89.99522615,1670,25.67199145,1.179375501,44.33333333,28.83957632,3.202163708,3.200175852,3.202249321,3.199274026,3.202120857,3.196315813,3.197294506,3.195391799
1,1331,35.99402784,89.98506959,1669,25.7836901,-32.03362292,44.36666667,28.93724109,3.215338076,3.211711206,3.204442354,3.210602472,3.206387691,3.201450169,3.187955429,3.197902689
1,1332,35.98996415,89.97491036,1668,25.74625142,-38.71774748,44.4,26.05684087,3.197319697,3.190935399,3.188110702,3.203941755,3.202596035,3.190660824,3.194032972,3.209289778
1,1333,35.98589939,89.96474847,1667,25.57438686,37.09481509,44.43333333,29.79470684,3.192978428,3.201366391,3.198481774,3.204050908,3.193151139,3.200720668,3.201349781,3.201841446
1,1334,35.98183356,89.9545839,1666,25.77888714,-9.841106617,44.46666667,30.02923016,3.200632591,3.202756875,3.217534163,3.220490382,3.194886271,3.181454056,3.204763962,3.20149002
1,1335,35.97776667,89.94441667,1665,25.61784009,8.257044968,44.5,25.96627026,3.208488335,3.202279087,3.200468832,3.209031253,3.210150245,3.18890752,3.193467151,3.199155256
1,1336,35.97369871,89.93424676,1664,25.55954968,-33.62279415,44.53333333,26.51709363,3.200787501,3.198192134,3.203473657,3.207968838,3.213781678,3.204631304,3.193181331,3.19882099
1,1337,35.96962968,89.9240742,1663,25.52639168,14.64914286,44.56666667,30.14396323,3.199397182,3.204117122,3.203105344,3.216403173,3.196307895,3.203078004,3.218837691,3.195318345
1,1338,35.96555959,89.91389897,1662,25.56370364,34.6053367,44.6,27.73566366,3.20116119,3.192440956,3.200656695,3.193758263,3.208374407,3.201178551,3.192516822,3.206724542
1,1339,35.96148843,89.90372108,1661,25.55341878,6.05322024,44.63333333,24.00439969,3.201437328,3.20762255,3.190818699,3.202950595,3.206186734,3.19661298,3.189927978,3.19966714
1,1340,35.95741621,89.89354053,1660,25.62044995,-29.91077421,44.66666667,25.48057329,3.209824922,3.209007443,3.196572573,3.189735317,3.196550562,3.196252179,3.203571574,3.199159988
1,1341,35.95334293,89.88335732,1659,25.61926888,6.537722198,44.7,27.55113467,3.193973886,3.208834105,3.201123407,3.203483325,3.186200117,3.180605881,3.188499634,3.196155653
1,1342,35.94926858,89.87317145,1658,25.60036552,21.30777705,44.73333333,25.90652323,3.204610848,3.181262025,3.212742817,3.201364528,3.21088236,3.192912239,3.204030879,3.200681567
1,1343,35.94519317,89.86298293,1657,25.65243258,-7.486677074,44.76666667,27.25583721,3.206541491,3.198129669,3.203785722,3.208817563,3.19479059,3.201937954,3.184897102,3.205620024
1,1344,35.9411167,89.85279175,1656,25.74287755,30.38701984,44.8,28.05831318,3.2156373,3.190044512,3.19926895,3.20704385,3.20025134,3.201320796,3.196872004,3.196574782
1,1345,35.93703916,89.84259791,1655,25.7139465,11.89463627,44.83333333,30.63205829,3.199306447,3.200333371,3.19054847,3.199471824,3.212548272,3.19664693,3.19010196,3.198788671
1,1346,35.93296057,89.83240142,1654,25.42181224,31.93991346,44.86666667,27.47718295,3.194283098,3.189293265,3.201113348,3.194317744,3.195002287,3.201227419,3.187734603,3.186067443
1,1347,35.92888091,89.82220228,1653,25.29352946,9.8804249,44.9,29.93057524,3.205366978,3.184553331,3.192186578,3.185601284,3.196110908,3.20342447,3.200898704,3.219134987
1,1348,35.9248002,89.81200049,1652,25.71211839,-29.49696224,44.93333333,30.57176829,3.208695325,3.192550737,3.19042356,3.221653504,3.208500576,3.204714957,3.200598814,3.202188173
1,1349,35.92071842,89.80179605,1651,25.43597456,-15.22466311,44.96666667,30.5817574,3.188143414,3.201256313,3.200569851,3.192766889,3.195691788,3.212121411,3.198998601,3.21656937
1,1350,35.91663559,89.79158896,1650,25.57302815,-23.85640414,45,28.51255827,3.186074565,3.195822959,3.187621772,3.19032462,3.193374354,3.202522477,3.202134609,3.194565677
1,1351,35.91255169,89.78137923,1649,25.45958644,32.70611982,45.03333333,24.46607953,3.182177604,3.211821543,3.197713882,3.191069679,3.202199446,3.201635561,3.197418588,3.201188248
1,1352,35.90846674,89.77116685,1648,25.38376235,20.83200538,45.06666667,28.82948476,3.190759761,3.206079303,3.192025063,3.195155443,3.205190415,3.209631672,3.212686197,3.208446386
1,1353,35.90438073,89.76095183,1647,25.66497553,14.11186951,45.1,29.8871198,3.197407423,3.187671735,3.211240445,3.210965568,3.194624191,3.207369512,3.197342578,3.212010215
1,1354,35.90029366,89.75073416,1646,25.69109862,-15.92269443,45.13333333,27.85407921,3.195881083,3.21582921,3.206288964,3.214380359,3.196289622,3.203240237,3.192245766,3.206751914
1,1355,35.89620554,89.74051385,1645,25.53081875,-25.27641824,45.16666667,31.14025097,3.207192332,3.219176191,3.203856318,3.205792754,3.196233357,3.204331035,3.19696087,3.200926886
1,1356,35.89211636,89.73029091,1644,25.28907492,20.51608704,45.2,29.54770041,3.201396125,3.197181561,3.200503561,3.196997639,3.196962151,3.208613317,3.201403309,3.20277653
1,1357,35.88802613,89.72006532,1643,25.53445067,-2.06736433,45.23333333,29.02289208,3.188341562,3.203387667,3.204243388,3.196813291,3.216680237,3.181686182,3.206274937,3.205702438
1,1358,35.88393484,89.70983709,1642,25.64701648,-21.93683583,45.26666667,29.95548528,3.204332663,3.201409702,3.204405435,3.206945404,3.194192899,3.202393565,3.198533465,3.191249853
1,1359,35.87984249,89.69960623,1641,25.42253061,9.329758253,45.3,28.60006573,3.20573736,3.195485117,3.188017131,3.195687115,3.193608809,3.208227832,3.201225545,3.211059062
1,1360,35.87574909,89.68937274,1640,25.62200319,-36.77329183,45.33333333,23.5129411,3.19466755,3.206993359,3.222716983,3.20284826,3.206893191,3.205548141,3.188623397,3.204686538
1,1361,35.87165464,89.6791366,1639,25.59816282,-13.90637967,45.36666667,27.10154989,3.202451651,3.197922021,3.192927709,3.205551866,3.19222077,3.217069165,3.200913353,3.190213544
1,1362,35.86755914,89.66889784,1638,25.66951498,-2.515440433,45.4,30.15490245,3.19588803,3.197774925,3.219299013,3.192923288,3.199070262,3.195697373,3.203994068,3.195824933
1,1363,35.86346258,89.65865645,1637,25.61434964,-28.16333327,45.43333333,26.54633559,3.190887547,3.198437643,3.197604849,3.195262045,3.195689517,3.209477566,3.197442078,3.190926979
1,1364,35.85936497,89.64841242,1636,25.48323173,38.77235821,45.46666667,27.59774949,3.196303072,3.200434685,3.189309843,3.213007824,3.206940636,3.211441382,3.203137025,3.18325042
1,1365,35.85526631,89.63816577,1635,25.74358858,-23.27221083,45.5,26.11929463,3.21228267,3.193091453,3.193742506,3.201250601,3.211025839,3.208426297,3.207250249,3.197505384
1,1366,35.85116659,89.62791649,1634,25.58097645,-29.5717496,45.53333333,31.21106067,3.19737914,3.202767549,3.198959433,3.207114543,3.206640941,3.204730731,3.17979231,3.201023907
1,1367,35.84706583,89.61766458,1633,25.59672346,-23.71721009,45.56666667,31.02668642,3.199129169,3.201344205,3.193965403,3.189401713,3.203705108,3.197149589,3.204597544,3.194632685
1,1368,35.84296402,89.60741004,1632,25.48800784,21.52489065,45.6,26.40903599,3.211327285,3.208008519,3.202374617,3.198293693,3.206819271,3.203140383,3.201908674,3.208342923
1,1369,35.83886116,89.59715289,1631,25.54680613,-5.959547258,45.63333333,28.2651364,3.211412289,3.189980711,3.191596927,3.193757914,3.187980603,3.199498012,3.204800932,3.199828654
1,1370,35.83475724,89.58689311,1630,25.49382367,5.23327518,45.66666667,26.77511071,3.195727027,3.209011662,3.201124451,3.202743864,3.209233878,3.199014064,3.216481713,3.19641748
1,1371,35.83065228,89.57663071,1629,25.57924647,-38.31926744,45.7,29.10690035,3.215983586,3.192202119,3.204139879,3.194859743,3.208956529,3.196174139,3.20232697,3.194795664
1,1372,35.82654627,89.56636569,1628,25.80540502,-37.24549531,45.73333333,28.91742954,3.207497801,3.19475399,3.213467319,3.192032023,3.189234977,3.207612417,3.195266851,3.199942101
1,1373,35.82243922,89.55609804,1627,25.43537186,-4.333956014,45.76666667,29.46107003,3.197422071,3.189499134,3.199384051,3.210119327,3.208025096,3.201854342,3.208898146,3.191523851
1,1374,35.81833111,89.54582779,1626,25.40637263,25.33241946,45.8,28.59745321,3.197396365,3.20316644,3.198956681,3.198025413,3.19039485,3.183349269,3.206542931,3.201945773
1,1375,35.81422196,89.53555491,1625,25.77654044,30.8191103,45.83333333,33.28373117,3.207215987,3.196502112,3.194297777,3.200052384,3.206833597,3.198148382,3.206414281,3.191949536
1,1376,35.81011177,89.52527942,1624,25.57488116,-33.06347459,45.86666667,26.14973722,3.198708423,3.199439087,3.20981112,3.201661019,3.21396862,3.189218522,3.201039351,3.201435184
1,1377,35.80600053,89.51500132,1623,25.51971127,3.069048168,45.9,24.92091396,3.204960746,3.193493121,3.213475571,3.200103712,3.19130346,3.1998718,3.197494708,3.222265881
1,1378,35.80188824,89.5047206,1622,25.72478856,33.0583749,45.93333333,27.29243764,3.208399549,3.200397291,3.199104667,3.207608455,3.207990897,3.176707601,3.205143945,3.200223732
1,1379,35.79777491,89.49443727,1621,25.52732614,-8.962179648,45.96666667,25.17762112,3.189510849,3.207041713,3.217969504,3.204454368,3.208803428,3.214432953,3.193357903,3.185139428
1,1380,35.79366053,89.48415133,1620,25.81912117,26.36526651,46,25.31356791,3.205254929,3.198019108,3.189006612,3.199374641,3.205820379,3.198808227,3.193705379,3.198211944
1,1381,35.78954511,89.47386279,1619,25.6813511,-29.30434765,46.03333333,26.19763362,3.199844188,3.184564142,3.1988578,3.189245276,3.205272208,3.187511659,3.208101538,3.196726679
1,1382,35.78542865,89.46357163,1618,25.54145063,34.83155917,46.06666667,26.34005997,3.195656194,3.202355637,3.193071724,3.202229966,3.19414313,3.195546124,3.203242833,3.190891354
1,1383,35.78131115,89.45327787,1617,25.85887699,20.1138654,46.1,26.28168742,3.189885302,3.201985804,3.199784801,3.201349542,3.202621114,3.200459004,3.204864741,3.20077949
1,1384,35.7771926,89.4429815,1616,25.52731421,35.30675142,46.13333333,28.93279411,3.183941569,3.186016923,3.215423593,3.200000575,3.207601933,3.197234369,3.199535879,3.196373083
1,1385,35.77307301,89.43268253,1615,25.68905144,14.12937868,46.16666667,27.08885969,3.219727419,3.202025939,3.195721137,3.186787682,3.215789868,3.198693773,3.205953833,3.206847978
1,1386,35.76895238,89.42238096,1614,25.63591511,-10.92768544,46.2,27.67687377,3.196297356,3.205379622,3.195166894,3.192076589,3.209315718,3.198734485,3.204148103,3.203287368
1,1387,35.76483071,89.41207678,1613,25.75620895,35.0544938,46.23333333,29.60961899,3.205103456,3.187547705,3.195317676,3.197404199,3.193348171,3.203432055,3.209495145,3.210761477
1,1388,35.760708,89.40177,1612,25.78738134,-17.9546579,46.26666667,26.62061946,3.197286362,3.202335727,3.203565148,3.204970049,3.192974919,3.214564642,3.207412161,3.207621195
1,1389,35.75658425,89.39146063,1611,25.6038405,-13.42619824,46.3,27.52381738,3.20962768,3.204273088,3.191781493,3.198888218,3.186791573,3.20332058,3.198646291,3.199675821
1,1390,35.75245946,89.38114865,1610,25.50958986,16.06467344,46.33333333,28.65836797,3.209632009,3.196344048,3.197983015,3.200175786,3.185280062,3.197871491,3.180113641,3.195315828
1,1391,35.74833363,89.37083408,1609,25.65519666,21.22530396,46.36666667,24.50517796,3.206841512,3.203578132,3.195241438,3.200326386,3.191400083,3.199981253,3.223442562,3.214766411
1,1392,35.74420677,89.36051691,1608,25.51867416,34.35227871,46.4,23.70717008,3.200420977,3.201281153,3.192163477,3.193585687,3.202897475,3.195800859,3.207233197,3.212557485
1,1393,35.74007886,89.35019715,1607,25.84160647,-23.61580728,46.43333333,28.62301119,3.202660966,3.200813898,3.186553763,3.205980882,3.19085063,3.196655927,3.207676607,3.208238065
1,1394,35.73594992,89.3398748,1606,25.61638424,23.83984282,46.46666667,28.88562571,3.19626794,3.196728676,3.194405449,3.19041717,3.194921636,3.18709496,3.205464501,3.203156189
1,1395,35.73181994,89.32954985,1605,25.55616141,19.08368427,46.5,31.71559624,3.204484234,3.192364768,3.190439435,3.200428114,3.200512821,3.198821841,3.197684134,3.213686206
1,1396,35.72768893,89.31922232,1604,25.62216164,-34.8964355,46.53333333,28.28457078,3.2034082,3.215765427,3.21015172,3.213626167,3.191404298,3.204745368,3.196545876,3.186692906
1,1397,35.72355688,89.30889219,1603,25.43834485,-9.022148703,46.56666667,29.47553149,3.211968025,3.19765046,3.191559187,3.196683489,3.193630207,3.194450416,3.198227173,3.213846522
1,1398,35.71942379,89.29855947,1602,25.48340632,-17.37876344,46.6,27.64814924,3.194669462,3.213274165,3.206790694,3.203170173,3.20598496,3.200109245,3.210288401,3.204535842
1,1399,35.71528967,89.28822417,1601,25.74404967,-15.64076605,46.63333333,28.535009,3.186682672,3.202370015,3.206271785,3.19768799,3.201010047,3.195097136,3.188978995,3.187596985
1,1400,35.71115451,89.27788628,1600,25.52117269,38.63575036,46.66666667,31.00106232,3.187703456,3.205352358,3.180077746,3.194668161,3.193874774,3.197742724,3.185148548,3.203231105
1,1401,35.70701832,89.26754581,1599,25.47437068,11.42219308,46.7,24.17681293,3.189814709,3.209059244,3.195025874,3.199235096,3.200030191,3.201953928,3.200296115,3.196583116
1,1402,35.7028811,89.25720275,1598,25.66439833,17.41409262,46.73333333,28.74450926,3.202744388,3.203729177,3.193878923,3.203410943,3.209533762,3.205647154,3.207459002,3.201375367
1,1403,35.69874284,89.24685711,1597,25.7422845,38.12941099,46.76666667,31.84405611,3.192510796,3.193522844,3.202559104,3.20754211,3.222287295,3.207854576,3.190636514,3.193861819
1,1404,35.69460356,89.23650889,1596,25.6862744,-9.823857403,46.8,28.50766159,3.218228139,3.198284889,3.200380117,3.192316665,3.212520827,3.204002666,3.193803189,3.192049398
1,1405,35.69046324,89.22615809,1595,25.71952572,24.14721348,46.83333333,30.97103133,3.202457632,3.200353649,3.206656882,3.204375748,3.197884157,3.195649587,3.198720463,3.195594553
1,1406,35.68632188,89.21580471,1594,25.50918459,-5.237522936,46.86666667,26.86741813,3.198958436,3.200131527,3.192816553,3.205045439,3.197036578,3.193264925,3.197187141,3.201938065
1,1407,35.6821795,89.20544876,1593,25.42938272,29.56269375,46.9,27.94231451,3.200664306,3.203376945,3.207186769,3.210439522,3.202283889,3.191444781,3.197847114,3.191965453
1,1408,35.67803609,89.19509022,1592,25.78016004,-25.5473967,46.93333333,28.06034446,3.213574833,3.215899207,3.20520249,3.206867671,3.202007546,3.202928447,3.187220366,3.199408541
1,1409,35.67389165,89.18472911,1591,25.56127842,35.81489417,46.96666667,24.00833606,3.192950776,3.202250852,3.199523121,3.215574576,3.207333022,3.202276096,3.197864483,3.213408172
1,1410,35.66974617,89.17436543,1590,25.56990004,-22.49826333,47,25.89727991,3.199760363,3.202653392,3.200337997,3.196766769,3.20029205,3.184304265,3.187618349,3.202797044
1,1411,35.66559967,89.16399918,1589,25.7593833,-13.90235944,47.03333333,26.02562486,3.212545598,3.202785769,3.194237049,3.18845717,3.206276218,3.195462439,3.205145883,3.203118921
1,1412,35.66145214,89.15363035,1588,25.6667476,20.49537873,47.06666667,29.47971894,3.203826403,3.200268814,3.203069155,3.199044365,3.194917548,3.192292008,3.18091993,3.198551124
1,1413,35.65730358,89.14325895,1587,25.65470653,-8.499588675,47.1,29.56987559,3.212155025,3.205840641,3.201821673,3.19412796,3.207978714,3.199045526,3.212599475,3.192151302
1,1414,35.65315399,89.13288498,1586,25.85980028,8.656910141,47.13333333,28.5832656,3.194000244,3.19322184,3.188143053,3.192503643,3.20082573,3.194302392,3.169148997,3.208594186
1,1415,35.64900338,89.12250845,1585,25.52277781,-4.434119914,47.16666667,29.48338521,3.18652725,3.204713826,3.200249717,3.216938983,3.20797566,3.195963163,3.194383492,3.212021821
1,1416,35.64485174,89.11212935,1584,25.71134082,19.38959497,47.2,27.70453106,3.188193031,3.201527039,3.198951036,3.197254191,3.202828112,3.201516479,3.203659206,3.201111805
1,1417,35.64069907,89.10174768,1583,25.60684157,-21.73349981,47.23333333,30.16347701,3.203341451,3.200746922,3.194724585,3.20003201,3.194284908,3.193756987,3.1973108,3.199044615
1,1418,35.63654538,89.09136345,1582,25.63223107,-35.32336102,47.26666667,28.0158192,3.200281802,3.207331031,3.196012287,3.201574815,3.200944222,3.195130974,3.200589926,3.208021771
1,1419,35.63239066,89.08097665,1581,25.78341621,-16.0056482,47.3,28.10415529,3.20149205,3.201812671,3.194357373,3.215750871,3.194813149,3.186657732,3.206881473,3.199081464
1,1420,35.62823492,89.07058729,1580,25.66094029,-2.055306811,47.33333333,27.52193326,3.197575665,3.19563557,3.214973717,3.202836722,3.20439801,3.201300925,3.202160397,3.211188997
1,1421,35.62407815,89.06019537,1579,25.66459553,-26.55839582,47.36666667,29.23201086,3.197993163,3.1883445,3.206944437,3.203973613,3.200863839,3.203766026,3.197034046,3.200165541
1,1422,35.61992036,89.04980089,1578,25.72870088,-11.61621683,47.4,27.24184213,3.198946398,3.195268094,3.209513382,3.188701931,3.218887057,3.207018898,3.185776196,3.198206669
1,1423,35.61576154,89.03940386,1577,25.55620567,-8.001358537,47.43333333,29.75757648,3.198651633,3.203135093,3.192084974,3.200256203,3.199031045,3.194099053,3.192985982,3.207350437
1,1424,35.6116017,89.02900426,1576,25.49929484,-35.4086525,47.46666667,25.96213155,3.18642734,3.203823031,3.206380082,3.198251533,3.200418983,3.20930796,3.194361188,3.195186781
1,1425,35.60744084,89.01860211,1575,25.4746229,6.664579855,47.5,26.02195074,3.196036131,3.209322605,3.21033835,3.188832878,3.208049926,3.206551266,3.212428758,3.203080864
1,1426,35.60327896,89.0081974,1574,25.36403721,30.74747424,47.53333333,29.23736816,3.199645919,3.209161733,3.20559123,3.217959187,3.207669663,3.201228384,3.190607165,3.195352663
1,1427,35.59911606,88.99779014,1573,25.84674486,-27.86056696,47.56666667,27.84062041,3.18851236,3.198279504,3.207408541,3.199970631,3.208173802,3.20270059,3.196775262,3.200701001
1,1428,35.59495213,88.98738033,1572,25.467615,7.824641072,47.6,27.18299545,3.203776774,3.201113787,3.201205474,3.193847599,3.19653619,3.218067686,3.209827732,3.188209273
1,1429,35.59078718,88.97696796,1571,25.57344957,13.17913639,47.63333333,29.60210392,3.181064248,3.200609539,3.207147783,3.195840465,3.20817327,3.200477237,3.19869551,3.206048921
1,1430,35.58662122,88.96655304,1570,25.5667824,-6.453225566,47.66666667,26.90692945,3.195744994,3.197706349,3.205361338,3.199748833,3.21527021,3.205550603,3.205030511,3.199603963
1,1431,35.58245423,88.95613558,1569,25.6368888,16.08780699,47.7,27.63963774,3.206998037,3.197419138,3.202259022,3.192669656,3.208315531,3.202324838,3.215860105,3.219138387
1,1432,35.57828623,88.94571557,1568,25.69788847,-7.141476521,47.73333333,30.51861031,3.206106556,3.200547402,3.192431484,3.207237998,3.201682277,3.204304279,3.213838299,3.193404614
1,1433,35.5741172,88.935293,1567,25.70325682,0.370983038,47.76666667,30.77045622,3.192605567,3.198108592,3.206569609,3.204438938,3.192834492,3.206052423,3.190390297,3.193298067
1,1434,35.56994716,88.9248679,1566,25.53003071,-39.41175644,47.8,30.83031678,3.199076341,3.19557255,3.207118876,3.202291028,3.214124489,3.198022517,3.199022383,3.209683061
1,1435,35.5657761,88.91444025,1565,25.57994539,15.33760913,47.83333333,27.4921736,3.199272634,3.211952042,3.204326626,3.181177708,3.209420563,3.207301815,3.207610661,3.184712173
1,1436,35.56160402,88.90401005,1564,25.63390959,12.90741432,47.86666667,30.21526523,3.19469608,3.195290361,3.193271029,3.21393538,3.199905857,3.199707512,3.204416066,3.204554413
1,1437,35.55743092,88.89357731,1563,25.57015706,-36.92792981,47.9,26.29188491,3.173320858,3.19482914,3.188697691,3.203202449,3.197688861,3.200123101,3.183371842,3.197521182
1,1438,35.55325681,88.88314203,1562,25.79288147,-10.53999141,47.93333333,26.36757483,3.208921042,3.211275596,3.205750907,3.189316278,3.210075214,3.205792018,3.199062488,3.183799709
1,1439,35.54908169,88.87270421,1561,25.65891699,38.32254726,47.96666667,23.76917947,3.20762876,3.195262669,3.202769327,3.200547151,3.21230716,3.198997064,3.199879091,3.212628923
1,1440,35.54490554,88.86226385,1560,25.68818533,-6.341074995,48,31.01116276,3.194734222,3.206514583,3.198411074,3.191979664,3.200009288,3.205533641,3.210829679,3.211797552
1,1441,35.54072838,88.85182096,1559,25.67954575,0.155632411,48.03333333,26.44483627,3.197641887,3.192102006,3.197450089,3.190547754,3.19826091,3.197266678,3.205819922,3.182352519
1,1442,35.53655021,88.84137553,1558,25.74081686,32.79441265,48.06666667,27.77224136,3.194131136,3.194195854,3.209497018,3.191089245,3.201813259,3.198974973,3.20834434,3.204766655
1,1443,35.53237102,88.83092756,1557,25.62172259,17.38095007,48.1,26.36141618,3.20096995,3.195562665,3.18518126,3.201976685,3.204243918,3.187401059,3.190130447,3.20201864
1,1444,35.52819082,88.82047705,1556,25.44438017,6.56561049,48.13333333,29.25129745,3.202713133,3.192074822,3.195407482,3.185308089,3.211018111,3.189601005,3.204338075,3.199720314
1,1445,35.52400961,88.81002402,1555,25.64796255,23.82437451,48.16666667,27.32385941,3.210316749,3.193661967,3.200490022,3.186412585,3.184491785,3.204770669,3.185719793,3.19817426
1,1446,35.51982738,88.79956845,1554,25.52183717,29.14930132,48.2,25.6513296,3.208090364,3.205973479,3.194683316,3.187291975,3.204075959,3.210738054,3.194702095,3.193573497
1,1447,35.51564414,88.78911035,1553,25.536566,-3.448954261,48.23333333,28.79499262,3.195800784,3.20457287,3.209828141,3.190083146,3.188013746,3.218719971,3.198581418,3.202023142
1,1448,35.51145989,88.77864972,1552,25.67036368,-1.991330805,48.26666667,25.41928596,3.194464553,3.203919698,3.207680487,3.202398369,3.213926865,3.197386043,3.19789694,3.201851251
1,1449,35.50727462,88.76818656,1551,25.74859397,-9.115925148,48.3,26.49266969,3.203719693,3.201823578,3.18972468,3.202500121,3.197006611,3.195352184,3.200259856,3.192307819
1,1450,35.50308835,88.75772087,1550,25.60255259,37.3364912,48.33333333,24.20759959,3.190916869,3.179076248,3.213977899,3.204445851,3.199065887,3.194662214,3.176991742,3.194171769
1,1451,35.49890106,88.74725266,1549,25.63705996,15.77330034,48.36666667,25.4368754,3.205726931,3.207537394,3.205138336,3.201267136,3.210430993,3.197371702,3.208681511,3.19692334
1,1452,35.49471277,88.73678192,1548,25.80426579,-33.3421547,48.4,28.32135251,3.19295087,3.191954296,3.191484029,3.205272544,3.194058035,3.191735769,3.205709882,3.202623763
1,1453,35.49052346,88.72630866,1547,25.62889038,29.03676987,48.43333333,24.46383513,3.207700736,3.204100796,3.193975107,3.200608819,3.201001064,3.192646731,3.191163,3.194554227
1,1454,35.48633315,88.71583288,1546,25.91220197,-1.555204733,48.46666667,25.3339377,3.216292659,3.196698047,3.209862934,3.196250716,3.207110711,3.207219933,3.207620724,3.203102619
1,1455,35.48214183,88.70535457,1545,25.66786116,-34.49968749,48.5,27.99573595,3.211018933,3.203026832,3.213708238,3.187040642,3.20278629,3.202266589,3.192507841,3.204636674
1,1456,35.4779495,88.69487374,1544,25.38870847,3.977380413,48.53333333,27.02150759,3.188079339,3.194766525,3.184007297,3.212469012,3.198147604,3.217335072,3.206423599,3.203584786
1,1457,35.47375616,88.68439039,1543,25.69040099,-6.626857682,48.56666667,31.58566594,3.195310178,3.1916292,3.204183773,3.199427888,3.189285837,3.187865133,3.19233037,3.214567738
1,1458,35.46956181,88.67390453,1542,25.64573901,30.21995239,48.6,31.30101378,3.217706223,3.201639913,3.201191542,3.197309437,3.192524117,3.211001432,3.214988611,3.192852647
1,1459,35.46536646,88.66341614,1541,25.75477033,-23.68043171,48.63333333,26.43773957,3.199337293,3.19640107,3.196638087,3.209487266,3.189504308,3.203731758,3.205825905,3.198862791
1,1460,35.4611701,88.65292524,1540,25.68078176,26.11716876,48.66666667,29.00284771,3.207144543,3.201181215,3.209737039,3.187822358,3.197209798,3.199425495,3.178622341,3.191312378
1,1461,35.45697273,88.64243183,1539,25.58338528,4.615095295,48.7,29.3487086,3.193491206,3.207585648,3.194345253,3.193455368,3.206539886,3.187056715,3.183430047,3.197107262
1,1462,35.45277436,88.6319359,1538,25.45308421,-35.63117574,48.73333333,26.92453806,3.188418346,3.188722566,3.20458747,3.207007791,3.206310914,3.208870213,3.209929075,3.182971278
1,1463,35.44857498,88.62143745,1537,25.57491721,37.74762411,48.76666667,25.30802523,3.203603296,3.195763134,3.194020606,3.204483317,3.186157636,3.185991131,3.205068582,3.203902288
1,1464,35.4443746,88.6109365,1536,25.49793755,1.009219528,48.8,27.97786279,3.201093861,3.192960693,3.205950637,3.205442423,3.200682436,3.190581432,3.196598013,3.206702669
1,1465,35.44017321,88.60043303,1535,25.53033719,-16.72985166,48.83333333,27.68887779,3.21061753,3.197387707,3.198002616,3.198706487,3.202199144,3.195351462,3.17684652,3.209542152
1,1466,35.43597082,88.58992706,1534,25.67062941,-2.447452641,48.86666667,27.21562391,3.214357512,3.195100801,3.191466773,3.198903196,3.198499969,3.207964149,3.200437116,3.193659017
1,1467,35.43176743,88.57941857,1533,25.80038854,28.62862268,48.9,28.79617036,3.189452724,3.206925073,3.20479609,3.208484479,3.192254506,3.214707495,3.186050444,3.205676808
1,1468,35.42756303,88.56890758,1532,25.64736058,-15.60775005,48.93333333,26.64868671,3.184723338,3.193677349,3.212488183,3.206650914,3.195630237,3.195849304,3.200804977,3.204113128
1,1469,35.42335763,88.55839409,1531,25.45649403,-24.58588828,48.96666667,25.92640441,3.210012635,3.196350128,3.187105719,3.201255749,3.196340553,3.18959493,3.202381351,3.19829509
1,1470,35.41915123,88.54787808,1530,25.65335232,-29.67430025,49,28.19634935,3.202452098,3.192844446,3.203893684,3.189463214,3.193378149,3.198056686,3.213934547,3.206278603
1,1471,35.41494383,88.53735958,1529,25.74359578,-16.17124813,49.03333333,28.69474617,3.20861754,3.211336616,3.228822657,3.200332713,3.211363207,3.208101082,3.20796826,3.214193917
1,1472,35.41073543,88.52683857,1528,25.52682605,22.40384696,49.06666667,25.8820391,3.196645496,3.19601052,3.202558124,3.198538402,3.202548007,3.21250199,3.196174826,3.197562568
1,1473,35.40652602,88.51631506,1527,25.58391794,-2.269890784,49.1,29.6705631,3.201394488,3.198173453,3.184687953,3.195358979,3.205498986,3.211500374,3.190763051,3.190725741
1,1474,35.40231562,88.50578904,1526,25.60176258,-21.8014717,49.13333333,24.81313395,3.20024187,3.183395239,3.196440238,3.186111664,3.21095249,3.193845351,3.213222673,3.208908171
1,1475,35.39810421,88.49526053,1525,25.5058122,-26.70520003,49.16666667,26.95939577,3.194829462,3.191424323,3.198451634,3.199162827,3.202769176,3.193787654,3.205971159,3.202122624
1,1476,35.39389181,88.48472952,1524,25.67779365,-13.38164188,49.2,27.53558463,3.197276839,3.194303675,3.19852092,3.19346479,3.20046751,3.200683509,3.202093658,3.214129939
1,1477,35.38967841,88.47419601,1523,25.58548622,35.19394983,49.23333333,26.85479732,3.198940442,3.208036783,3.201836699,3.198094046,3.199046726,3.199529389,3.202238142,3.192325434
1,1478,35.385464,88.46366001,1522,25.65034389,-12.55786299,49.26666667,26.98289115,3.188277277,3.205234379,3.207184991,3.205965087,3.201239776,3.206137797,3.205707432,3.206301035
1,1479,35.3812486,88.45312151,1521,25.49350094,39.04992608,49.3,31.36793407,3.193123673,3.191224386,3.196891446,3.199860927,3.198064631,3.184986477,3.213773541,3.197807632
1,1480,35.37703221,88.44258051,1520,25.547505,-1.181563539,49.33333333,26.46840864,3.201381635,3.209956392,3.181240222,3.195906449,3.196903062,3.19730952,3.198612107,3.211577078
1,1481,35.37281481,88.43203703,1519,25.68668576,-25.66688654,49.36666667,32.3941991,3.205387671,3.207664282,3.200376962,3.188805016,3.183362424,3.187764738,3.202878126,3.200254158
1,1482,35.36859642,88.42149105,1518,25.55526002,31.29120734,49.4,28.7868282,3.198318691,3.197051385,3.216093773,3.193416771,3.207422556,3.200015303,3.199512484,3.2094131
1,1483,35.36437703,88.41094258,1517,25.80723566,-3.171570149,49.43333333,28.16569925,3.211700243,3.198083604,3.206393622,3.202911131,3.200059497,3.20163404,3.194495929,3.197551205
1,1484,35.36015665,88.40039162,1516,25.55204366,16.77370748,49.46666667,28.85723264,3.195354918,3.207211014,3.199238391,3.189618288,3.194212502,3.174405883,3.196044059,3.200301161
1,1485,35.35593527,88.38983817,1515,25.62696217,38.69692666,49.5,32.55386995,3.198910913,3.215841235,3.204599248,3.204243615,3.186853848,3.197082864,3.196106698,3.19371135
1,1486,35.35171289,88.37928223,1514,25.7119109,-35.98597197,49.53333333,26.21153259,3.193600955,3.185535016,3.189793174,3.206992747,3.198856682,3.195948781,3.199956709,3.209339125
1,1487,35.34748952,88.36872381,1513,25.42979611,-32.26443522,49.56666667,25.98324775,3.200033684,3.204322993,3.193227161,3.19505096,3.202831815,3.21514123,3.211438199,3.204662625
1,1488,35.34326516,88.3581629,1512,25.38870294,17.63653932,49.6,26.64124085,3.20121147,3.211208555,3.206357427,3.181650704,3.191568553,3.202705123,3.185704259,3.192819288
1,1489,35.3390398,88.34759951,1511,25.41692124,-17.45399974,49.63333333,28.05785766,3.19440148,3.197950673,3.197700558,3.197687037,3.20660246,3.197878209,3.196922959,3.189206623
1,1490,35.33481345,88.33703363,1510,25.75151009,-25.25588824,49.66666667,24.89361198,3.20819477,3.19462802,3.191303757,3.201704725,3.19386447,3.195792378,3.202067681,3.197388139
1,1491,35.33058611,88.32646528,1509,25.53377702,-36.85104961,49.7,28.04021063,3.218492875,3.199401372,3.204942706,3.184466448,3.193114807,3.19130469,3.192364962,3.203324304
1,1492,35.32635777,88.31589444,1508,25.90698391,-38.25226304,49.73333333,31.04838484,3.208284521,3.202757044,3.198186843,3.19495316,3.208908798,3.216570044,3.201080446,3.207514905
1,1493,35.32212845,88.30532112,1507,25.53229029,21.95884825,49.76666667,28.2725333,3.202746963,3.206044039,3.190683626,3.19609491,3.203163756,3.209699928,3.193454926,3.183733607
1,1494,35.31789813,88.29474532,1506,25.62214616,-29.24532581,49.8,27.47316617,3.196013885,3.208081046,3.187328835,3.190584641,3.201247349,3.19907223,3.204755732,3.190170186
1,1495,35.31366682,88.28416704,1505,25.78505319,-2.582350722,49.83333333,26.88731119,3.197400171,3.209561483,3.19045683,3.211815298,3.191460664,3.206795053,3.197016332,3.190840734
1,1496,35.30943452,88.27358629,1504,25.84073115,8.471745214,49.86666667,29.61732107,3.196024808,3.204359434,3.199945168,3.208947755,3.21148592,3.190535755,3.189949847,3.18956165
1,1497,35.30520122,88.26300306,1503,25.84738043,-5.731855954,49.9,26.51350101,3.192806431,3.208833716,3.204482896,3.195639779,3.199911179,3.211234444,3.215264087,3.202075075
1,1498,35.30096694,88.25241736,1502,25.74500395,-37.83146781,49.93333333,31.32351266,3.178725751,3.202378297,3.207477985,3.201797059,3.205812119,3.202856523,3.190122837,3.192910093
1,1499,35.29673167,88.24182918,1501,25.7228875,22.68012021,49.96666667,31.48004755,3.197430783,3.208523318,3.193872927,3.203647221,3.202429541,3.212689578,3.199666562,3.185961933
1,1500,35.29249541,88.23123853,1500,25.67110323,-39.15894204,50,28.46215144,3.205174964,3.217104442,3.205699067,3.193698707,3.191344433,3.192376249,3.216026495,3.19738138
1,1501,35.28825816,88.22064541,1499,25.69340333,20.95119155,50.03333333,27.97927284,3.194698853,3.198732507,3.197464744,3.212541203,3.19188418,3.209445146,3.200976737,3.209656212
1,1502,35.28401993,88.21004982,1498,25.53385771,31.4643595,50.06666667,29.85518765,3.212660952,3.200678381,3.197479491,3.200529431,3.199241835,3.186744268,3.212419843,3.20196628
1,1503,35.2797807,88.19945176,1497,25.50181613,-5.372806315,50.1,29.9706373,3.190695207,3.183459813,3.181379206,3.206163843,3.195048179,3.196360795,3.203905234,3.195871615
1,1504,35.27554049,88.18885123,1496,25.59959507,2.843397848,50.13333333,26.54921488,3.204372195,3.200762113,3.199326963,3.187417997,3.193442149,3.204820283,3.194543825,3.209642956
1,1505,35.27129929,88.17824823,1495,25.57957785,-1.841328591,50.16666667,27.05220076,3.218771211,3.205251082,3.211942655,3.205765818,3.195725904,3.201601213,3.216106568,3.19581157
1,1506,35.26705711,88.16764277,1494,25.54561263,-8.86331051,50.2,25.61977462,3.191685382,3.190926445,3.198259765,3.191972223,3.213392155,3.201730852,3.20777381,3.197610677
1,1507,35.26281394,88.15703485,1493,25.68356649,30.99396283,50.23333333,28.73631689,3.190878422,3.189524848,3.192736066,3.202780204,3.204159063,3.204825569,3.188090619,3.199996727
1,1508,35.25856978,88.14642445,1492,25.71463663,31.51468085,50.26666667,29.19993019,3.191791505,3.203211728,3.203832616,3.190622616,3.207744237,3.218710584,3.206678686,3.198697328
1,1509,35.25432464,88.1358116,1491,25.61060883,-13.13469083,50.3,25.57013385,3.197467634,3.198327488,3.193914129,3.202019186,3.190892299,3.184882418,3.201756813,3.200169865
1,1510,35.25007851,88.12519628,1490,25.77730361,9.205580321,50.33333333,27.18064197,3.19543064,3.189738427,3.202317952,3.1920786,3.198888445,3.214119775,3.205209518,3.189046939
1,1511,35.2458314,88.11457851,1489,25.46299731,34.15260497,50.36666667,25.57494295,3.189801187,3.201214553,3.188997435,3.183986196,3.204258976,3.202567486,3.203604787,3.202104281
1,1512,35.24158331,88.10395827,1488,25.57676086,36.96467992,50.4,26.38216034,3.199477514,3.194702492,3.20412908,3.212239068,3.195990168,3.191834078,3.190919045,3.193066158
1,1513,35.23733423,88.09333558,1487,25.51398132,0.716723234,50.43333333,28.99183071,3.201620788,3.182882979,3.203513363,3.205151304,3.185615373,3.192166557,3.200637448,3.198852242
1,1514,35.23308417,88.08271042,1486,25.37601561,-3.774015577,50.46666667,26.67973228,3.2041571,3.198870905,3.210118156,3.197430645,3.192135736,3.191492465,3.205883748,3.200236969
1,1515,35.22883313,88.07208281,1485,25.59007832,-17.70445473,50.5,27.45851328,3.205069727,3.20490498,3.183841201,3.190879339,3.191835,3.193471486,3.196637157,3.207993197
1,1516,35.2245811,88.06145275,1484,25.5853903,36.70974986,50.53333333,25.07083889,3.209587859,3.197656873,3.197989753,3.19435653,3.200713502,3.201620167,3.206451804,3.20638751
1,1517,35.22032809,88.05082023,1483,25.78161397,-28.57485564,50.56666667,28.33658238,3.181583056,3.19877964,3.2110728,3.196495081,3.209113935,3.197548386,3.201399388,3.190904874
1,1518,35.2160741,88.04018526,1482,25.6756974,6.386366084,50.6,27.92030802,3.191206012,3.205803933,3.207054546,3.200211431,3.190179806,3.200350436,3.21005788,3.213942932
1,1519,35.21181913,88.02954783,1481,25.47709758,-17.3959786,50.63333333,26.68787335,3.197466337,3.186721057,3.206722909,3.197792295,3.207544325,3.202248578,3.192932447,3.200465955
1,1520,35.20756318,88.01890796,1480,25.82249111,-17.67933677,50.66666667,27.65977426,3.210466707,3.198806768,3.191721559,3.187290847,3.193822683,3.19671891,3.206559993,3.191033206
1,1521,35.20330625,88.00826563,1479,25.74652404,-7.60251301,50.7,28.32453078,3.212430015,3.189302782,3.218651889,3.213804148,3.20112933,3.186818452,3.199556608,3.196905272
1,1522,35.19904834,87.99762086,1478,25.66985172,39.90343487,50.73333333,26.53323733,3.189805702,3.202328077,3.193410855,3.194280753,3.198370571,3.195400729,3.216625253,3.195714283
1,1523,35.19478945,87.98697363,1477,25.57282191,-35.60269545,50.76666667,25.34272742,3.203527048,3.20116418,3.202822002,3.203432707,3.207050892,3.202131569,3.201799166,3.200467817
1,1524,35.19052958,87.97632396,1476,25.48486729,6.283345456,50.8,31.25003398,3.198892657,3.192705617,3.199513053,3.201930139,3.203217316,3.201442278,3.19813636,3.199543361
1,1525,35.18626874,87.96567184,1475,25.55533519,-33.39422736,50.83333333,26.86010913,3.195570828,3.202505792,3.198230974,3.201444488,3.208006424,3.194325129,3.204773563,3.200265681
1,1526,35.18200691,87.95501728,1474,25.73064983,-27.6383336,50.86666667,27.82583181,3.216169549,3.198269597,3.205561317,3.200122828,3.188893564,3.195834487,3.207043769,3.196538444
1,1527,35.17774411,87.94436028,1473,25.82615036,-4.834964658,50.9,29.81951152,3.182237949,3.199748776,3.19126131,3.201054542,3.212409177,3.206155658,3.212293247,3.195507904
1,1528,35.17348033,87.93370083,1472,25.78518922,0.836810508,50.93333333,34.35229934,3.198854669,3.19164451,3.194527652,3.192584921,3.189546216,3.210926853,3.183264318,3.210961111
1,1529,35.16921557,87.92303894,1471,25.54133807,-19.29660733,50.96666667,25.75992439,3.209968471,3.203998341,3.191083942,3.187342599,3.195612771,3.205000964,3.200024509,3.191652004
1,1530,35.16494984,87.9123746,1470,25.46564591,-14.68342953,51,28.80968898,3.209185638,3.213475067,3.198187207,3.200874695,3.187929211,3.196684906,3.20408352,3.202838852
1,1531,35.16068313,87.90170783,1469,25.61690635,-33.04263838,51.03333333,26.72640589,3.195938657,3.197806052,3.196422314,3.197772282,3.203385878,3.184259703,3.199405204,3.202799804
1,1532,35.15641545,87.89103862,1468,25.38778728,-15.74241729,51.06666667,27.03017745,3.195436123,3.196165336,3.196396844,3.1961676,3.20004707,3.201032022,3.183195885,3.205223043
1,1533,35.15214679,87.88036697,1467,25.63878013,37.32467515,51.1,26.70361836,3.197680009,3.215463705,3.190466812,3.193061484,3.198376728,3.203305804,3.184393861,3.1933672
1,1534,35.14787716,87.86969289,1466,25.58228769,35.57659053,51.13333333,25.97382106,3.204730561,3.192415008,3.210960211,3.196368931,3.192805014,3.204881954,3.212860939,3.20333117
1,1535,35.14360655,87.85901637,1465,25.54407562,-13.20973679,51.16666667,27.92567555,3.210083435,3.213413083,3.192625131,3.207507131,3.187812236,3.20339922,3.199429457,3.209943602
1,1536,35.13933497,87.84833741,1464,25.40863563,5.668314902,51.2,25.34589516,3.209378012,3.204558267,3.202387423,3.204066949,3.200494167,3.199510434,3.211540625,3.212503119
1,1537,35.13506241,87.83765602,1463,25.66163201,32.76763129,51.23333333,29.70425362,3.198866726,3.201901091,3.200653242,3.187106412,3.197308515,3.212797634,3.194001793,3.216916348
1,1538,35.13078888,87.8269722,1462,25.5360759,-39.50529419,51.26666667,28.09900528,3.20937701,3.203211985,3.204486746,3.192662346,3.19787817,3.211531193,3.195083765,3.208489054
1,1539,35.12651438,87.81628595,1461,25.45960998,24.85468563,51.3,28.76038295,3.188983678,3.190414733,3.215211077,3.199905303,3.195692001,3.210901927,3.209966572,3.207366037
1,1540,35.12223891,87.80559727,1460,25.25532853,35.86956422,51.33333333,27.1608605,3.195440817,3.197704659,3.202493031,3.205555195,3.195932131,3.201365897,3.20213913,3.210294158
1,1541,35.11796246,87.79490615,1459,25.59669821,-32.69394125,51.36666667,27.33903292,3.206035727,3.187945587,3.198290958,3.192569733,3.204544699,3.207385227,3.200812448,3.197854984
1,1542,35.11368504,87.78421261,1458,25.81267019,-27.08418512,51.4,28.51761503,3.200553358,3.201671354,3.194879203,3.190250311,3.183598888,3.210137457,3.20397093,3.202900088
1,1543,35.10940666,87.77351664,1457,25.79935111,36.85970422,51.43333333,25.90470886,3.210121591,3.189956256,3.186114953,3.203073855,3.202346171,3.186149546,3.202876168,3.196798216
1,1544,35.1051273,87.76281825,1456,25.54514845,3.003211491,51.46666667,27.35561722,3.193543296,3.19733261,3.180467771,3.195269006,3.194365643,3.20445682,3.198734159,3.205110951
1,1545,35.10084697,87.75211743,1455,25.52773455,-38.86426924,51.5,26.45269568,3.179603685,3.193287214,3.204447976,3.197529083,3.206763684,3.185563177,3.205848887,3.194886886
1,1546,35.09656567,87.74141418,1454,25.65625291,-19.3894401,51.53333333,26.39697614,3.194110423,3.207928376,3.209295209,3.208277598,3.216309135,3.210134429,3.193636507,3.201133105
1,1547,35.0922834,87.73070851,1453,25.48019375,-4.004506058,51.56666667,24.20229117,3.197118417,3.216232719,3.20883896,3.198488959,3.207023278,3.190142412,3.202002094,3.19249662
1,1548,35.08800017,87.72000042,1452,25.63621503,15.43271288,51.6,30.41078786,3.186491262,3.20627629,3.207268729,3.203657701,3.198536264,3.189869131,3.190709225,3.19224576
1,1549,35.08371596,87.70928991,1451,25.69192963,18.65283025,51.63333333,26.76423024,3.198130614,3.20860943,3.208483234,3.186811459,3.194454133,3.194238712,3.179747335,3.204528968
1,1550,35.07943079,87.69857698,1450,25.74723199,39.63372103,51.66666667,30.0940769,3.198030721,3.19909486,3.210766968,3.200706472,3.196554156,3.204576621,3.208470975,3.202371741
1,1551,35.07514465,87.68786162,1449,25.58798151,-16.99910405,51.7,29.92382618,3.205513517,3.198835459,3.199345138,3.200904166,3.193975032,3.195455507,3.211023037,3.216063649
1,1552,35.07085754,87.67714385,1448,25.57555915,3.057608149,51.73333333,25.68520053,3.212737583,3.189413941,3.18864114,3.190474325,3.2010751,3.177530203,3.195289587,3.211256794
1,1553,35.06656947,87.66642367,1447,25.49464209,2.665883829,51.76666667,26.04085978,3.207859511,3.195927243,3.196533156,3.204537934,3.20748215,3.195734902,3.198125072,3.195471922
1,1554,35.06228042,87.65570106,1446,25.50077436,-7.548379244,51.8,32.60890533,3.189349204,3.19824205,3.19763258,3.189914847,3.205168648,3.203866565,3.205565758,3.193855437
1,1555,35.05799042,87.64497604,1445,25.57282253,-26.46704849,51.83333333,31.1516667,3.184131395,3.203738649,3.194687098,3.192874655,3.189943575,3.19779742,3.212618618,3.195956404
1,1556,35.05369944,87.63424861,1444,25.64408386,38.19652505,51.86666667,27.94326668,3.191281576,3.205215467,3.201382498,3.183045589,3.205298771,3.217027742,3.179195713,3.190114352
1,1557,35.0494075,87.62351876,1443,25.70963016,28.26537493,51.9,28.46327159,3.177211783,3.199397565,3.20792309,3.200844006,3.211135966,3.206644402,3.213617179,3.209281686
1,1558,35.0451146,87.6127865,1442,25.50361853,-0.133357736,51.93333333,26.86447647,3.196776455,3.200533812,3.193050585,3.198154751,3.200494653,3.199320741,3.210738028,3.197358655
1,1559,35.04082073,87.60205183,1441,25.77912263,8.259633815,51.96666667,28.77823489,3.192543309,3.193043112,3.205240802,3.188774893,3.198390511,3.210620002,3.202340788,3.199403157
1,1560,35.0365259,87.59131475,1440,25.56746517,-21.81911572,52,26.70907258,3.199712717,3.191763483,3.193142922,3.198438547,3.202170184,3.2075852,3.200740485,3.210822193
1,1561,35.0322301,87.58057526,1439,25.59743592,3.502965631,52.03333333,24.34176322,3.212841584,3.206362138,3.209799851,3.192074292,3.190806409,3.204143787,3.189270322,3.197677025
1,1562,35.02793335,87.56983336,1438,25.5103346,15.59761065,52.06666667,25.62119958,3.206169535,3.211306983,3.197966275,3.194800446,3.202563693,3.191411652,3.198613771,3.199936
1,1563,35.02363562,87.55908906,1437,25.30909117,1.213362271,52.1,28.03796695,3.199776128,3.200708028,3.193323881,3.194184056,3.19402307,3.187039245,3.202734643,3.20715726
1,1564,35.01933694,87.54834235,1436,25.70608545,39.22281365,52.13333333,25.96407898,3.206370481,3.197900025,3.193511958,3.205954517,3.205111384,3.201739365,3.21395449,3.199788596
1,1565,35.01503729,87.53759323,1435,25.68842127,8.9073325,52.16666667,27.87890056,3.19794488,3.196801461,3.187512978,3.20529072,3.199156117,3.20407945,3.214735024,3.196873986
1,1566,35.01073668,87.52684171,1434,25.56624069,-10.32210299,52.2,26.06561013,3.18129593,3.203848563,3.201334875,3.194140369,3.203178131,3.206288771,3.192427121,3.197589345
1,1567,35.00643511,87.51608779,1433,25.60803889,21.77216221,52.23333333,26.59176294,3.21181403,3.194227022,3.200533358,3.179004711,3.188145236,3.20126014,3.209823902,3.189103763
1,1568,35.00213258,87.50533146,1432,25.66191271,-26.36299907,52.26666667,29.53569755,3.200596512,3.196994257,3.207624704,3.190257574,3.203440621,3.194770475,3.201784304,3.200551448
1,1569,34.99782909,87.49457273,1431,25.4124945,-9.238734903,52.3,28.44546499,3.197985767,3.203822495,3.200349222,3.19893755,3.197148668,3.200620787,3.201776348,3.192086863
1,1570,34.99352464,87.4838116,1430,25.53651368,-12.24328397,52.33333333,27.98260404,3.19720423,3.191558512,3.199681237,3.195261342,3.206166265,3.205381816,3.192618011,3.199981541
1,1571,34.98921923,87.47304808,1429,25.69531176,-5.455432391,52.36666667,29.58213515,3.205108133,3.198597533,3.19417426,3.191260772,3.20683414,3.207221705,3.198336419,3.206129101
1,1572,34.98491286,87.46228215,1428,25.44948527,22.54238607,52.4,28.86509547,3.176278316,3.210620437,3.198744442,3.201134212,3.197435858,3.21116566,3.191514147,3.211795683
1,1573,34.98060553,87.45151383,1427,25.63522695,-1.266157427,52.43333333,30.60381392,3.203170167,3.204981314,3.197366363,3.189534246,3.207444086,3.202491267,3.210892988,3.198449789
1,1574,34.97629724,87.44074311,1426,25.43721018,23.52115602,52.46666667,27.17225333,3.196646149,3.211104706,3.215295153,3.200074777,3.19397794,3.206484246,3.197967835,3.204794103
1,1575,34.971988,87.42997,1425,25.6559716,6.119112251,52.5,27.22665704,3.197925792,3.212512112,3.194404084,3.203844237,3.196090384,3.197747948,3.196703555,3.205908865
1,1576,34.9676778,87.41919449,1424,25.59572302,-12.63444523,52.53333333,25.65800332,3.207346905,3.204461911,3.199136132,3.20112144,3.207181773,3.207434493,3.178477795,3.197822223
1,1577,34.96336663,87.40841659,1423,25.40618418,24.79829949,52.56666667,27.22783471,3.19820593,3.205354021,3.199465833,3.205753467,3.191370714,3.202080436,3.207201645,3.188204937
1,1578,34.95905452,87.39763629,1422,25.73976872,-20.93682636,52.6,29.73658581,3.220109148,3.209527087,3.200010826,3.193372735,3.198599319,3.200670419,3.2035253,3.212005287
1,1579,34.95474144,87.38685361,1421,25.51184901,-22.04936162,52.63333333,30.33997727,3.196191212,3.204501679,3.189660567,3.196691194,3.203013735,3.2055301,3.19397414,3.196473666
1,1580,34.95042741,87.37606853,1420,25.50276971,0.360233924,52.66666667,29.7285493,3.211684453,3.209295269,3.201667658,3.182106839,3.22008906,3.199840548,3.197499464,3.195821121
1,1581,34.94611243,87.36528107,1419,25.6240683,-19.13206032,52.7,24.77045464,3.203010936,3.203092661,3.207605023,3.192591503,3.197500041,3.216244366,3.201796725,3.198619805
1,1582,34.94179648,87.35449121,1418,25.73783648,-39.2730372,52.73333333,29.94966138,3.192467058,3.204047474,3.208248146,3.206996701,3.197929593,3.202890018,3.213373275,3.208567058
1,1583,34.93747959,87.34369897,1417,25.47810138,11.86380218,52.76666667,24.69066648,3.193726698,3.179631959,3.20237418,3.206388545,3.191286204,3.199929684,3.197890407,3.200834291
1,1584,34.93316174,87.33290434,1416,25.60740158,0.887505718,52.8,29.61661118,3.19564243,3.210324088,3.201183751,3.192967865,3.207339697,3.189886499,3.210275955,3.207928475
1,1585,34.92884293,87.32210733,1415,25.65145798,-4.358574841,52.83333333,27.33798785,3.211118202,3.198734029,3.196031088,3.200672174,3.199324506,3.19477811,3.195571013,3.197069017
1,1586,34.92452317,87.31130793,1414,25.68317267,37.35748117,52.86666667,29.26455997,3.190639971,3.205423706,3.199581623,3.197532972,3.191117167,3.190717016,3.215487312,3.19498194
1,1587,34.92020246,87.30050615,1413,25.62117299,5.695934717,52.9,25.60159297,3.204884227,3.201301076,3.177798492,3.214339607,3.205472672,3.193858639,3.199773068,3.190806533
1,1588,34.9158808,87.28970199,1412,25.55595666,29.07452622,52.93333333,30.10810174,3.214609764,3.192738738,3.195815328,3.194163511,3.200643035,3.210962532,3.214314996,3.196808031
1,1589,34.91155818,87.27889545,1411,25.50068917,-28.8439811,52.96666667,25.36304546,3.203026072,3.200655243,3.192147126,3.219380445,3.210902076,3.201512927,3.212655009,3.209696854
1,1590,34.90723461,87.26808652,1410,25.61033727,5.53651705,53,26.79678116,3.200654891,3.202607709,3.212097009,3.192430771,3.213389526,3.1981991,3.212197414,3.199958187
1,1591,34.90291009,87.25727522,1409,25.47134332,29.43837014,53.03333333,26.20342967,3.20270085,3.199725533,3.195745251,3.197839561,3.211032891,3.181486688,3.190088272,3.194196226
1,1592,34.89858461,87.24646153,1408,25.24943794,6.648460582,53.06666667,24.84228726,3.191373242,3.212079837,3.210061416,3.204736254,3.194897567,3.210680415,3.187294961,3.217135861
1,1593,34.89425819,87.23564547,1407,25.65238718,17.44113425,53.1,28.17014962,3.194522962,3.197903718,3.196565249,3.191415141,3.215400905,3.206311157,3.209723764,3.190210646
1,1594,34.88993081,87.22482703,1406,25.70847218,-10.23651458,53.13333333,31.25096041,3.201447503,3.20416823,3.202166052,3.190717012,3.208604,3.200972401,3.192360288,3.185157996
1,1595,34.88560249,87.21400622,1405,25.31644811,-32.60403864,53.16666667,32.8004294,3.204853332,3.219603646,3.191877966,3.201363576,3.208883978,3.189842782,3.196160346,3.19311873
1,1596,34.88127321,87.20318303,1404,25.47883232,-3.36797639,53.2,28.17488042,3.207877414,3.210604181,3.20127229,3.193266127,3.196457672,3.194956012,3.192181849,3.199183694
1,1597,34.87694299,87.19235747,1403,25.67429851,-8.441648733,53.23333333,30.0100263,3.204598612,3.20392206,3.199934141,3.200456431,3.199347594,3.189622308,3.201281079,3.195330995
1,1598,34.87261181,87.18152953,1402,25.84689946,29.36481459,53.26666667,28.41777035,3.189221254,3.202965645,3.19510616,3.201822031,3.206781103,3.19239809,3.20073697,3.185516617
1,1599,34.86827969,87.17069923,1401,25.60249524,-20.48037581,53.3,28.89798975,3.212260265,3.189127468,3.195881443,3.210707039,3.198123817,3.190420819,3.205704586,3.20552426
1,1600,34.86394662,87.15986655,1400,25.51263965,37.3387382,53.33333333,27.38413243,3.194934509,3.195800588,3.196516728,3.198343808,3.184856231,3.198548609,3.214271314,3.19283224
1,1601,34.8596126,87.1490315,1399,25.57805243,36.65104958,53.36666667,28.35113847,3.195332051,3.190531059,3.204897295,3.209625579,3.209442543,3.190015915,3.203998334,3.21147
1,1602,34.85527763,87.13819409,1398,25.76498517,-20.18946855,53.4,28.96746167,3.204077305,3.203827277,3.196226859,3.201760879,3.209890545,3.202625672,3.190013802,3.196351667
1,1603,34.85094172,87.1273543,1397,25.5224843,-12.15584356,53.43333333,26.95877249,3.209674236,3.202597947,3.200952497,3.195567876,3.209508793,3.213299301,3.210105513,3.211540733
1,1604,34.84660486,87.11651215,1396,25.50409696,31.64445927,53.46666667,27.86051026,3.19713035,3.195998647,3.198749239,3.200308586,3.211448158,3.209327094,3.204307755,3.188550506
1,1605,34.84226705,87.10566763,1395,25.54207078,37.32977767,53.5,27.89482579,3.186495825,3.201923702,3.207042106,3.199363464,3.215319236,3.191340472,3.190333184,3.194685752
1,1606,34.8379283,87.09482075,1394,25.48560057,-4.524871773,53.53333333,29.48752597,3.194381622,3.204210287,3.196626305,3.187617276,3.207132628,3.185920385,3.191430254,3.187018347
1,1607,34.8335886,87.0839715,1393,25.61472044,-14.32023635,53.56666667,26.08114209,3.20165697,3.201488382,3.215331635,3.207310613,3.211533169,3.202308877,3.192184545,3.201024861
1,1608,34.82924796,87.0731199,1392,25.79496142,2.08752106,53.6,27.90722402,3.204739368,3.205630459,3.196220703,3.203910292,3.192535776,3.191653779,3.191073722,3.200197008
1,1609,34.82490637,87.06226592,1391,25.63876951,15.02153651,53.63333333,31.44160984,3.190577309,3.196602045,3.207223332,3.191766963,3.195965504,3.20057305,3.201975095,3.196005675
1,1610,34.82056384,87.05140959,1390,25.56971758,-18.12203877,53.66666667,30.09530827,3.206294881,3.204723618,3.209118853,3.199347185,3.19589745,3.194538944,3.20245622,3.196982754
1,1611,34.81622036,87.0405509,1389,25.56498265,18.91785397,53.7,30.42852229,3.195446642,3.196413702,3.194530476,3.201592169,3.188699335,3.20242413,3.20541239,3.195352967
1,1612,34.81187594,87.02968984,1388,25.4124171,-35.86741143,53.73333333,28.04397731,3.215376296,3.20014097,3.187509256,3.197750057,3.200501249,3.20359174,3.197940556,3.191907438
1,1613,34.80753057,87.01882643,1387,25.70597317,-36.05644058,53.76666667,28.57779561,3.191240155,3.194771206,3.195537797,3.190920207,3.194137495,3.205275668,3.213187301,3.206043694
1,1614,34.80318426,87.00796066,1386,25.59065954,-9.096983588,53.8,29.8040251,3.210446889,3.207792948,3.206665043,3.19729763,3.201127287,3.196635045,3.198247143,3.200545337
1,1615,34.79883701,86.99709254,1385,25.57834241,-11.72214464,53.83333333,30.80845995,3.205708529,3.203386587,3.198705366,3.20044431,3.203467709,3.205339156,3.187848039,3.191380888
1,1616,34.79448882,86.98622206,1384,25.98317291,-14.74934277,53.86666667,24.48711476,3.208858484,3.199513043,3.196607387,3.197892004,3.197890358,3.204463502,3.191135869,3.200198222
1,1617,34.79013969,86.97534922,1383,25.63585035,-0.718418986,53.9,25.63220565,3.201968942,3.203170143,3.201782912,3.20412725,3.195418431,3.192465578,3.219656036,3.197589883
1,1618,34.78578961,86.96447403,1382,25.50978507,-14.34131342,53.93333333,30.35699938,3.198524364,3.205422721,3.212768714,3.195643775,3.192009478,3.190062773,3.21274485,3.191695144
1,1619,34.7814386,86.95359649,1381,25.54883709,-24.61936652,53.96666667,27.50159916,3.199779553,3.192181721,3.188413153,3.197660997,3.192497707,3.194466973,3.216048841,3.203399169
1,1620,34.77708664,86.94271659,1380,25.73781349,-15.24243607,54,26.79090258,3.207451756,3.206597277,3.199193113,3.196482253,3.201991477,3.201347606,3.195449557,3.201038783
1,1621,34.77273374,86.93183435,1379,25.61359245,37.99234182,54.03333333,25.74251022,3.194349362,3.198628337,3.197317732,3.189849019,3.181190734,3.192487494,3.214432837,3.197522546
1,1622,34.7683799,86.92094976,1378,25.42740664,-7.11092664,54.06666667,27.00096994,3.206207745,3.183004439,3.191933711,3.189164083,3.1983816,3.219375644,3.203681912,3.2135649
1,1623,34.76402512,86.91006281,1377,25.71030747,-4.422977851,54.1,25.47573529,3.197964506,3.210918955,3.216586054,3.199125047,3.195685882,3.189457513,3.197527518,3.200655173
1,1624,34.75966941,86.89917352,1376,25.51982271,6.123599196,54.13333333,31.76396969,3.216247629,3.189640208,3.200477295,3.185485535,3.196585897,3.202491163,3.204100665,3.204712185
1,1625,34.75531275,86.88828188,1375,25.82479573,38.66726147,54.16666667,27.95961511,3.203179232,3.204643376,3.200365913,3.19161707,3.185186744,3.195626497,3.198923077,3.210031454
1,1626,34.75095516,86.8773879,1374,25.72960577,-20.67189789,54.2,27.89568902,3.199195187,3.198427448,3.203084217,3.197839904,3.206484336,3.215834669,3.217526284,3.200776325
1,1627,34.74659663,86.86649157,1373,25.54632137,14.50256884,54.23333333,29.05853802,3.202695139,3.212630849,3.198800304,3.205433537,3.190918719,3.197513287,3.209248917,3.194254435
1,1628,34.74223716,86.85559289,1372,25.75372196,17.27877548,54.26666667,29.7322213,3.198975591,3.187406323,3.216046146,3.210104225,3.201504797,3.204060103,3.203167185,3.211074494
1,1629,34.73787675,86.84469187,1371,25.60814266,8.585953343,54.3,29.70259868,3.1958496,3.205858141,3.208619332,3.209722608,3.181925033,3.195205804,3.191846635,3.201196706
1,1630,34.73351541,86.83378851,1370,25.70233284,-32.91373283,54.33333333,29.9325195,3.183871758,3.183635017,3.21736076,3.204941515,3.200968074,3.202909381,3.201170727,3.207978805
1,1631,34.72915312,86.82288281,1369,25.65816794,14.14978207,54.36666667,26.86447801,3.194940446,3.201492919,3.20181937,3.191625136,3.210215864,3.196434586,3.208139373,3.200919302
1,1632,34.72478991,86.81197477,1368,25.4984372,-34.87242312,54.4,27.46383975,3.213068679,3.191668967,3.19132193,3.192754435,3.201066364,3.212331747,3.212744749,3.181520251
1,1633,34.72042576,86.80106439,1367,25.52277402,7.691411964,54.43333333,29.38425698,3.201997657,3.174296371,3.206360254,3.208945355,3.199678046,3.200671853,3.200589111,3.193724465
1,1634,34.71606067,86.79015167,1366,25.7235953,19.16649418,54.46666667,27.05069969,3.203453646,3.198148736,3.207442334,3.199090985,3.193111815,3.187713083,3.185087481,3.210500075
1,1635,34.71169464,86.77923661,1365,25.55982696,-23.12240875,54.5,27.99080806,3.196337685,3.202708594,3.214265839,3.195497565,3.19498018,3.198942706,3.200235462,3.215100411
1,1636,34.70732769,86.76831922,1364,25.55156218,27.3297606,54.53333333,28.71777478,3.212526565,3.204967003,3.21159531,3.198574248,3.202393317,3.197587891,3.189677053,3.209630998
1,1637,34.70295979,86.75739948,1363,25.48538529,-37.57169556,54.56666667,29.41333315,3.20425359,3.200144588,3.199980257,3.187950281,3.192180197,3.202689225,3.195767099,3.198258296
1,1638,34.69859097,86.74647742,1362,25.65083189,27.50502909,54.6,24.80017427,3.199162751,3.19454025,3.192256653,3.187101139,3.198827854,3.204948868,3.186850927,3.199807617
1,1639,34.69422121,86.73555302,1361,25.84750299,-3.173675949,54.63333333,29.28654217,3.202249146,3.192083357,3.211377134,3.196914277,3.199189922,3.198709844,3.185833805,3.208070017
1,1640,34.68985051,86.72462629,1360,25.47189605,-22.59296481,54.66666667,27.5792967,3.19235585,3.198107836,3.204781288,3.211687227,3.191360542,3.196428131,3.211059349,3.203709711
1,1641,34.68547889,86.71369722,1359,25.60290633,-29.2977484,54.7,29.27342388,3.205369371,3.191590946,3.196966324,3.198657317,3.193136842,3.186603443,3.195916012,3.210834306
1,1642,34.68110633,86.70276582,1358,25.76946647,36.26457341,54.73333333,29.39847705,3.200473388,3.210994327,3.201432167,3.193882338,3.210220952,3.201698609,3.207694711,3.191453375
1,1643,34.67673284,86.6918321,1357,25.59044303,-34.18675299,54.76666667,30.89424711,3.20831005,3.208551114,3.202318137,3.193544623,3.199631929,3.204890329,3.20187656,3.204808662
1,1644,34.67235842,86.68089604,1356,25.65428462,-24.07252641,54.8,30.43621657,3.208097967,3.194812427,3.190759395,3.19969969,3.197362055,3.206286771,3.191404013,3.208163055
1,1645,34.66798306,86.66995766,1355,25.47251278,-12.17421221,54.83333333,30.42382899,3.210828897,3.20000244,3.200485889,3.193859628,3.195658713,3.196733307,3.211543521,3.199425034
1,1646,34.66360678,86.65901695,1354,25.65139685,9.618787917,54.86666667,30.59860657,3.189422616,3.202042835,3.206610321,3.199796709,3.211753708,3.206220069,3.19160697,3.195588538
1,1647,34.65922956,86.64807391,1353,25.57754269,3.584086822,54.9,28.52448217,3.20180981,3.186670486,3.202690854,3.185907341,3.208187468,3.207258189,3.204038251,3.194592973
1,1648,34.65485142,86.63712854,1352,25.7182876,-29.94852061,54.93333333,28.05793316,3.201361623,3.19589298,3.191753478,3.197290056,3.205586124,3.200350514,3.211605679,3.206126244
1,1649,34.65047234,86.62618085,1351,25.74248633,-16.8217613,54.96666667,29.57107075,3.205269527,3.187128588,3.197718732,3.191485021,3.198535977,3.194453791,3.19697916,3.208489302
1,1650,34.64609234,86.61523084,1350,25.91074764,-20.89985831,55,29.31774571,3.203801999,3.208056915,3.187194535,3.200463798,3.20773364,3.212050367,3.187615293,3.197188131
1,1651,34.6417114,86.6042785,1349,25.66955598,-22.91657164,55.03333333,27.44368077,3.208273813,3.198461773,3.192716659,3.187600007,3.192410388,3.186488787,3.200467684,3.207170481
1,1652,34.63732954,86.59332385,1348,25.63909556,-7.108453082,55.06666667,28.72868214,3.189912202,3.202061838,3.206762168,3.199978333,3.187114446,3.203089692,3.199562824,3.198747963
1,1653,34.63294675,86.58236687,1347,25.62332612,16.32251621,55.1,27.93682636,3.195625302,3.200694299,3.204078543,3.219125185,3.200898657,3.212089129,3.202862041,3.199203773
1,1654,34.62856303,86.57140757,1346,25.55762004,-22.60376542,55.13333333,26.46292076,3.20118838,3.190226109,3.202446882,3.184063479,3.193098669,3.200878745,3.209551858,3.211444995
1,1655,34.62417838,86.56044595,1345,25.64061806,-10.66568962,55.16666667,30.32282933,3.198107627,3.201245739,3.2078749,3.189364051,3.20323798,3.193376857,3.1986254,3.196327814
1,1656,34.6197928,86.54948201,1344,25.56455183,-8.726605853,55.2,28.09935864,3.203482865,3.204402429,3.207128629,3.202785591,3.20137323,3.21483219,3.187805127,3.213564879
1,1657,34.6154063,86.53851576,1343,25.62021532,38.11652235,55.23333333,31.68767486,3.197681425,3.204567133,3.197394723,3.194379667,3.203876618,3.208337026,3.203784064,3.195663074
1,1658,34.61101887,86.52754718,1342,25.7581117,36.37330855,55.26666667,25.07411391,3.228890801,3.209588589,3.207466738,3.197176286,3.194998674,3.197761287,3.208651252,3.192075165
1,1659,34.60663052,86.5165763,1341,25.47921489,24.01100662,55.3,26.99779821,3.191454369,3.20431638,3.202553572,3.193837492,3.191270371,3.211503176,3.202856035,3.189091713
1,1660,34.60224124,86.5056031,1340,25.73678543,-20.66728633,55.33333333,28.05874991,3.189650996,3.197107904,3.205862734,3.20476007,3.209053428,3.188077202,3.201790774,3.211407283
1,1661,34.59785103,86.49462758,1339,25.75805381,-34.55701487,55.36666667,30.04728598,3.210662414,3.20287128,3.218784148,3.204874281,3.208341973,3.200355583,3.193752198,3.192998326
1,1662,34.5934599,86.48364975,1338,25.58583178,-14.64766898,55.4,28.71904487,3.201452922,3.198307984,3.185851315,3.191793651,3.197452771,3.205818235,3.199871409,3.199423486
1,1663,34.58906784,86.47266961,1337,25.34537741,-18.65643605,55.43333333,28.55885096,3.192104699,3.200185329,3.210552808,3.201244601,3.187941491,3.189987818,3.204710311,3.198205476
1,1664,34.58467486,86.46168716,1336,25.52706136,0.474064012,55.46666667,25.97092517,3.199403358,3.195098127,3.204027298,3.197592658,3.198507094,3.193190213,3.20737353,3.198230938
1,1665,34.58028096,86.4507024,1335,25.75563935,22.21823281,55.5,25.91750548,3.204863043,3.190451267,3.213871065,3.210218992,3.184721619,3.1935845,3.203821075,3.189442171
1,1666,34.57588613,86.43971533,1334,25.59725583,28.66583511,55.53333333,28.58050839,3.198947247,3.203413054,3.198522193,3.20431071,3.194453361,3.182046548,3.207856922,3.207806517
1,1667,34.57149038,86.42872595,1333,25.48008373,27.58912683,55.56666667,25.54460921,3.220029093,3.182342508,3.206006657,3.184250543,3.214051946,3.203902935,3.192384569,3.20624178
1,1668,34.5670937,86.41773426,1332,25.53942701,-11.2259551,55.6,27.04262005,3.19557564,3.202403329,3.201647686,3.213953345,3.214519407,3.195221877,3.208464845,3.202838721
1,1669,34.56269611,86.40674026,1331,25.7008744,14.97874748,55.63333333,28.90165119,3.188698543,3.194430173,3.218689169,3.202862835,3.207998237,3.198303646,3.195680465,3.200218116
1,1670,34.55829759,86.39574396,1330,25.66560803,-14.9732642,55.66666667,26.23181631,3.197871168,3.188053977,3.191973396,3.205663076,3.196954474,3.200205639,3.201879384,3.2025044
1,1671,34.55389814,86.38474536,1329,25.57132815,-35.12755654,55.7,30.88964073,3.209172632,3.191210433,3.204562022,3.206040222,3.207886814,3.188696659,3.202038554,3.213728608
1,1672,34.54949778,86.37374445,1328,25.55598107,16.12522125,55.73333333,30.20308542,3.199207036,3.203867958,3.206243165,3.191796241,3.214670598,3.203996006,3.204156023,3.186703781
1,1673,34.5450965,86.36274124,1327,25.55298902,-39.21379579,55.76666667,25.171444,3.206356358,3.204051283,3.212993531,3.197509878,3.192098733,3.194542088,3.195960174,3.191049228
1,1674,34.54069429,86.35173572,1326,25.48931078,-7.265393003,55.8,26.32173176,3.21032128,3.210621583,3.198433666,3.196857921,3.185476145,3.20556769,3.213227521,3.194902442
1,1675,34.53629116,86.34072791,1325,25.79384508,-13.64965846,55.83333333,23.88560096,3.199065724,3.203474332,3.213795347,3.20159821,3.201563439,3.201434548,3.18859974,3.188425675
1,1676,34.53188712,86.32971779,1324,25.56132154,15.47020308,55.86666667,26.59133555,3.193536039,3.208103125,3.197317143,3.195763168,3.195622603,3.198898745,3.213616863,3.198790421
1,1677,34.52748215,86.31870538,1323,25.74605902,21.29963782,55.9,29.37949926,3.193709621,3.200201965,3.214040669,3.195977402,3.19055196,3.19599207,3.20103011,3.205505928
1,1678,34.52307627,86.30769066,1322,25.78255793,-15.67242912,55.93333333,27.2549891,3.208055069,3.191634262,3.192393237,3.197413902,3.205475944,3.189919937,3.195141385,3.19525805
1,1679,34.51866946,86.29667365,1321,25.71979731,24.93016116,55.96666667,28.82943504,3.207533991,3.204226086,3.207229747,3.210709424,3.197554799,3.190500751,3.190552291,3.185295139
1,1680,34.51426174,86.28565435,1320,25.54820556,-16.48665916,56,25.25979823,3.196329865,3.196926219,3.206300427,3.200135314,3.196077372,3.19907201,3.191688212,3.208203253
1,1681,34.5098531,86.27463274,1319,25.64844761,-4.293891201,56.03333333,29.43635546,3.193712675,3.19088055,3.206543056,3.204593314,3.186210517,3.206840013,3.194067259,3.197007164
1,1682,34.50544354,86.26360884,1318,25.59709653,18.16148216,56.06666667,27.00080339,3.201496161,3.204692999,3.203563833,3.199601453,3.196602853,3.203297766,3.199052897,3.214442836
1,1683,34.50103306,86.25258265,1317,25.49155578,15.43361834,56.1,28.02190543,3.204691272,3.192612675,3.1961792,3.200385537,3.21039545,3.21128884,3.196830922,3.192530926
1,1684,34.49662166,86.24155416,1316,25.63892311,38.98947778,56.13333333,27.8328259,3.191508019,3.20201943,3.218430274,3.204312753,3.1872487,3.194191967,3.195008686,3.19342398
1,1685,34.49220935,86.23052338,1315,25.45851523,-21.98711806,56.16666667,25.71121266,3.196896849,3.202955159,3.205455849,3.208734108,3.204193621,3.184366798,3.191541563,3.198735248
1,1686,34.48779612,86.21949031,1314,25.74252153,12.98543308,56.2,25.9244482,3.201178239,3.206891347,3.200345473,3.200405658,3.201902379,3.197959826,3.200695081,3.209006657
1,1687,34.48338198,86.20845495,1313,25.54424592,8.774552662,56.23333333,29.74203004,3.199328713,3.199758298,3.199731317,3.210382191,3.191135573,3.214206775,3.190588945,3.194766238
1,1688,34.47896692,86.1974173,1312,25.62413916,33.20787636,56.26666667,28.71818588,3.205957906,3.208242534,3.188772008,3.191258385,3.202222742,3.218755355,3.209970102,3.198015224
1,1689,34.47455094,86.18637736,1311,25.63399454,-27.49102867,56.3,29.89008827,3.180646967,3.200653142,3.202898374,3.196938439,3.193194208,3.201273322,3.19246191,3.214979589
1,1690,34.47013405,86.17533513,1310,25.5689314,20.14385309,56.33333333,28.58438482,3.212133958,3.205263301,3.200717685,3.194718687,3.199833703,3.213114377,3.206949232,3.201629538
1,1691,34.46571625,86.16429062,1309,25.67040326,5.461489302,56.36666667,28.25738314,3.207391795,3.204364885,3.20317022,3.207844506,3.204136221,3.206868412,3.201291096,3.197966993
1,1692,34.46129753,86.15324382,1308,25.54301156,-18.02673042,56.4,24.89318089,3.195614697,3.194661523,3.187158636,3.19270448,3.192473172,3.195941238,3.212497954,3.198739504
1,1693,34.45687789,86.14219473,1307,25.70455568,-2.045206868,56.43333333,27.51333995,3.201934135,3.202186557,3.212700647,3.195395316,3.198219823,3.199150405,3.209092279,3.210752846
1,1694,34.45245734,86.13114336,1306,25.43848244,-13.29787223,56.46666667,27.95070822,3.203796671,3.209863275,3.201421288,3.198619174,3.209429793,3.203900941,3.194115755,3.207979368
1,1695,34.44803588,86.12008971,1305,25.61516555,6.345072223,56.5,31.51559296,3.198332059,3.197353412,3.207144035,3.199289343,3.203111668,3.205295517,3.193736455,3.203078805
1,1696,34.44361351,86.10903377,1304,25.83267148,31.12004887,56.53333333,29.23652194,3.210795785,3.192348263,3.203599271,3.193364258,3.208171181,3.208095245,3.197165421,3.217677029
1,1697,34.43919022,86.09797555,1303,25.47996024,5.544398753,56.56666667,30.76491013,3.208853002,3.205655432,3.205204887,3.207871415,3.192034861,3.201556861,3.203065523,3.196798911
1,1698,34.43476602,86.08691505,1302,25.5186706,10.53779347,56.6,29.07556787,3.203718362,3.209853554,3.196625847,3.199564606,3.193435318,3.185704088,3.206231457,3.19979413
1,1699,34.43034091,86.07585227,1301,25.66166894,1.499827769,56.63333333,26.71965419,3.200380635,3.192105811,3.198515972,3.20877275,3.200006571,3.20023347,3.201660226,3.190108943
1,1700,34.42591488,86.06478721,1300,25.62154981,-35.90675948,56.66666667,28.21082359,3.204999364,3.189958415,3.192483075,3.191606282,3.1985982,3.197180378,3.1999902,3.192757951
1,1701,34.42148795,86.05371987,1299,25.64207561,-21.37131545,56.7,28.42520256,3.208043963,3.206672221,3.198609492,3.196173066,3.19536514,3.19751884,3.188798038,3.192323142
1,1702,34.4170601,86.04265026,1298,25.65870246,-0.639861645,56.73333333,26.30951997,3.206880963,3.2024145,3.213074196,3.197606439,3.197107894,3.196736809,3.197446684,3.194720368
1,1703,34.41263135,86.03157837,1297,25.67616658,-15.1811773,56.76666667,27.30810272,3.202167906,3.200232833,3.195920684,3.210009191,3.215172663,3.209332618,3.204464992,3.206094158
1,1704,34.40820168,86.0205042,1296,25.73316398,-25.45891218,56.8,27.62961941,3.214851324,3.206082555,3.195318513,3.20313818,3.205009954,3.192042262,3.197720553,3.208803135
1,1705,34.4037711,86.00942776,1295,25.64917824,0.330627353,56.83333333,30.8901157,3.185412058,3.189996572,3.198588744,3.202829437,3.18913894,3.198985686,3.209230148,3.200549212
1,1706,34.39933962,85.99834904,1294,25.57104908,-14.17521652,56.86666667,24.25466705,3.207512712,3.195263087,3.193520665,3.206790991,3.202954124,3.190515232,3.193593273,3.21251665
1,1707,34.39490722,85.98726805,1293,25.68070884,-19.35138855,56.9,30.17047316,3.192603558,3.20747463,3.196174506,3.199974593,3.202356741,3.18319215,3.188298261,3.200690664
1,1708,34.39047392,85.97618479,1292,25.82798583,-2.881166605,56.93333333,26.31376858,3.194205539,3.20797265,3.187151033,3.20452204,3.18899023,3.19718316,3.191484978,3.215219439
1,1709,34.3860397,85.96509926,1291,25.58408395,-29.33725935,56.96666667,25.53025746,3.189284063,3.199023522,3.186185311,3.212796561,3.203210259,3.201095785,3.211794504,3.20117938
1,1710,34.38160458,85.95401146,1290,25.48305648,34.21965865,57,30.12389583,3.201756571,3.201053802,3.204509075,3.196060469,3.198285702,3.206482677,3.202218984,3.199086049
1,1711,34.37716855,85.94292138,1289,25.73284968,29.41616783,57.03333333,29.31741652,3.188795821,3.211984402,3.194708367,3.207897898,3.201406029,3.189652396,3.210018204,3.202036325
1,1712,34.37273162,85.93182904,1288,25.58555426,16.60964686,57.06666667,30.25813366,3.210682763,3.19854073,3.20563241,3.185899783,3.195998273,3.189816053,3.197001729,3.203774494
1,1713,34.36829377,85.92073443,1287,25.33927965,-31.50289379,57.1,29.44126351,3.195163359,3.206910737,3.193147099,3.207081893,3.210478057,3.208108209,3.197246488,3.182996371
1,1714,34.36385502,85.90963755,1286,25.7016906,22.07018036,57.13333333,31.707721,3.204657336,3.198998122,3.192172856,3.195549767,3.211475403,3.190901278,3.203746473,3.201743665
1,1715,34.35941536,85.89853841,1285,25.53576062,24.63658625,57.16666667,29.00570291,3.197140899,3.205156261,3.213057962,3.197632228,3.198054552,3.204976519,3.207345943,3.198978342
1,1716,34.3549748,85.887437,1284,25.58913601,21.42116942,57.2,27.71834072,3.19755701,3.182258828,3.193775929,3.190885507,3.205477,3.198048776,3.197735827,3.19992755
1,1717,34.35053333,85.87633333,1283,25.63983764,-30.88272903,57.23333333,28.61726748,3.193038588,3.212425977,3.210385551,3.212944854,3.205467338,3.199764175,3.212917834,3.194552265
1,1718,34.34609096,85.86522739,1282,25.62285996,11.51263657,57.26666667,30.23824443,3.193030328,3.195187908,3.20418297,3.193903158,3.198757016,3.187185158,3.203848781,3.187863173
1,1719,34.34164768,85.85411919,1281,25.68513422,26.74598366,57.3,26.59712441,3.192542712,3.209737337,3.209442547,3.202994505,3.202205309,3.195752323,3.193816771,3.197102066
1,1720,34.33720349,85.84300873,1280,25.54774164,6.188272098,57.33333333,26.82660055,3.187890767,3.202019588,3.200390649,3.19253263,3.212549455,3.20485531,3.205534734,3.196101281
1,1721,34.3327584,85.83189601,1279,25.6615727,11.71259002,57.36666667,27.44387197,3.199989359,3.205018981,3.201222259,3.212815206,3.198369699,3.195963516,3.205074023,3.189882822
1,1722,34.32831241,85.82078103,1278,25.5688544,-3.330921646,57.4,24.21175096,3.207394375,3.189594306,3.205108677,3.194813812,3.203812673,3.207258744,3.20122737,3.190403032
1,1723,34.32386551,85.80966379,1277,25.68865726,2.296585591,57.43333333,28.24854114,3.192825798,3.194170727,3.184839945,3.209019823,3.200880861,3.190915856,3.211645399,3.194389375
1,1724,34.31941771,85.79854429,1276,25.6738441,-37.24985133,57.46666667,24.60496833,3.20200458,3.193397836,3.183853919,3.189084476,3.196412077,3.207186375,3.202772265,3.201121641
1,1725,34.31496901,85.78742253,1275,25.48774736,11.11704176,57.5,28.09550676,3.183919779,3.210160689,3.201789438,3.199044659,3.209059385,3.209979974,3.209236722,3.198023308
1,1726,34.3105194,85.77629851,1274,25.73031785,-33.48422297,57.53333333,29.55752156,3.191972188,3.207911383,3.189079564,3.215578054,3.200223996,3.191512926,3.190145052,3.189779161
1,1727,34.3060689,85.76517224,1273,25.53568439,-5.198832453,57.56666667,27.14162237,3.201122903,3.199948861,3.190112623,3.197148354,3.189056517,3.204714414,3.199563254,3.19697278
1,1728,34.30161749,85.75404371,1272,25.69696694,-16.58759219,57.6,31.01880857,3.189695114,3.197598755,3.196682177,3.202541814,3.201336144,3.206336481,3.196123388,3.185116708
1,1729,34.29716517,85.74291293,1271,25.64407448,3.634236017,57.63333333,25.37109838,3.207928743,3.19251174,3.191144664,3.199655068,3.202418164,3.195753309,3.195690459,3.196871789
1,1730,34.29271196,85.7317799,1270,25.82058204,-29.32669316,57.66666667,30.14426923,3.211332323,3.199978575,3.192256297,3.192337733,3.197992927,3.201902863,3.203871841,3.200993269
1,1731,34.28825785,85.72064461,1269,25.57318408,15.33147216,57.7,29.2152467,3.193265013,3.19660847,3.205871263,3.190831264,3.196273973,3.204779703,3.207002251,3.198456677
1,1732,34.28380283,85.70950708,1268,25.55808198,23.60092295,57.73333333,24.91114015,3.196710346,3.189423056,3.204205119,3.210550237,3.220521232,3.203091569,3.199592963,3.192641515
1,1733,34.27934691,85.69836729,1267,25.59766965,-26.93164402,57.76666667,32.87942974,3.184969145,3.201415674,3.218802713,3.210166498,3.208932514,3.201964823,3.202876185,3.180610021
1,1734,34.2748901,85.68722525,1266,25.56361843,-31.65495301,57.8,27.88525849,3.206100085,3.195365275,3.194386181,3.197413944,3.197143964,3.194258915,3.200110977,3.195533779
1,1735,34.27043238,85.67608096,1265,25.69599303,-28.35876138,57.83333333,26.42052876,3.200802584,3.188102577,3.198287538,3.191229635,3.194868405,3.201147191,3.187168019,3.193420741
1,1736,34.26597377,85.66493442,1264,25.40604273,30.17020495,57.86666667,25.46724305,3.204551715,3.188694577,3.214222937,3.209635264,3.196043783,3.193702322,3.201615519,3.188420302
1,1737,34.26151426,85.65378564,1263,25.47355811,2.255140941,57.9,27.60396755,3.183982858,3.196325319,3.19892761,3.200755418,3.195082075,3.210191574,3.188038883,3.190893903
1,1738,34.25705384,85.64263461,1262,25.47186365,-2.619120319,57.93333333,27.77066763,3.203893088,3.190706821,3.190397436,3.200986838,3.191571819,3.198935325,3.194401148,3.19310669
1,1739,34.25259253,85.63148133,1261,25.71403691,-31.46305447,57.96666667,28.18476195,3.183181557,3.201116505,3.19002248,3.198654062,3.195903161,3.198347936,3.198802597,3.201549026
1,1740,34.24813032,85.62032581,1260,25.8052736,11.96448054,58,27.46396692,3.194177926,3.209941572,3.1852208,3.198187271,3.206689848,3.20381418,3.192201315,3.193534036
1,1741,34.24366722,85.60916805,1259,25.58746609,29.43996735,58.03333333,29.13980556,3.19194566,3.204793821,3.19408061,3.202040985,3.202114411,3.218947148,3.20250601,3.193510848
1,1742,34.23920321,85.59800804,1258,25.57974139,26.25486955,58.06666667,27.3022663,3.188318798,3.197793178,3.199047313,3.182314404,3.194289167,3.20237882,3.195741155,3.20774899
1,1743,34.23473831,85.58684578,1257,25.60840626,10.08437672,58.1,24.51706459,3.187533148,3.205415063,3.207311118,3.207651972,3.187473149,3.202516422,3.194649967,3.18875086
1,1744,34.23027252,85.57568129,1256,25.7394254,-33.97770267,58.13333333,27.73114931,3.196689058,3.192760176,3.207366004,3.204104507,3.190780444,3.194206229,3.196954421,3.199420759
1,1745,34.22580582,85.56451456,1255,25.48871762,-31.00823783,58.16666667,23.73854022,3.208051026,3.205526259,3.200411136,3.197914809,3.185813168,3.210335981,3.196423227,3.212438722
1,1746,34.22133823,85.55334558,1254,25.62860428,-36.05528103,58.2,28.63678714,3.201568874,3.216202274,3.204850572,3.188543843,3.195084676,3.19864692,3.193009737,3.196983513
1,1747,34.21686975,85.54217437,1253,25.71702372,-19.40166268,58.23333333,26.23725959,3.189064487,3.20004577,3.201899296,3.191967125,3.215522034,3.200508106,3.193466073,3.186963686
1,1748,34.21240037,85.53100092,1252,25.6601313,-29.14708263,58.26666667,28.29404864,3.200479543,3.197916092,3.206264327,3.198853038,3.19045025,3.213365746,3.203484999,3.19796713
1,1749,34.20793009,85.51982523,1251,25.62274979,-19.19615678,58.3,30.36533497,3.201317108,3.203792336,3.188569147,3.201261554,3.196399012,3.2040584,3.194078545,3.195162385
1,1750,34.20345892,85.5086473,1250,25.72012553,-9.195355542,58.33333333,26.29225235,3.213302969,3.209847297,3.173635511,3.209254096,3.199410784,3.194334543,3.191942602,3.192407059
1,1751,34.19898686,85.49746714,1249,25.27561212,35.43862273,58.36666667,29.91026127,3.194560512,3.190982939,3.189163203,3.191676959,3.202587151,3.200400721,3.204446852,3.199469041
1,1752,34.1945139,85.48628475,1248,25.68134504,8.830084783,58.4,27.21989878,3.189546565,3.203955527,3.191962486,3.205172914,3.19067264,3.194500187,3.197108867,3.205395238
1,1753,34.19004005,85.47510012,1247,25.52151092,26.79790285,58.43333333,31.15575064,3.201407978,3.200160011,3.21508535,3.185304135,3.191692979,3.191350492,3.185834782,3.194243844
1,1754,34.1855653,85.46391325,1246,25.38032405,16.82812006,58.46666667,27.3427253,3.205502153,3.195266821,3.197335976,3.186219561,3.193627795,3.19630641,3.205139203,3.186600669
1,1755,34.18108966,85.45272416,1245,25.66134431,-30.99974956,58.5,26.48711263,3.19635993,3.208694544,3.196439334,3.183075509,3.210233406,3.205879176,3.206955177,3.186049731
1,1756,34.17661313,85.44153283,1244,25.76483903,18.87363251,58.53333333,29.23702921,3.212099646,3.193813791,3.195924488,3.194377783,3.207575497,3.198561613,3.203853928,3.200607208
1,1757,34.17213571,85.43033927,1243,25.58350618,-17.99208948,58.56666667,27.21557849,3.199239664,3.192425727,3.214497125,3.188292851,3.203298032,3.203013253,3.20923485,3.21110472
1,1758,34.16765739,85.41914348,1242,25.71434495,11.12862776,58.6,26.48539087,3.198900891,3.204243154,3.21411899,3.199478586,3.191468532,3.196924255,3.189562832,3.202974534
1,1759,34.16317819,85.40794546,1241,25.79347339,-12.72304211,58.63333333,27.13988827,3.20851565,3.199031668,3.18703232,3.208173207,3.185789608,3.187632362,3.198573293,3.202014282
1,1760,34.15869809,85.39674522,1240,25.75778973,39.81378106,58.66666667,27.91970824,3.20337798,3.199470884,3.21408035,3.200521347,3.208277345,3.206295637,3.18965701,3.198642156
1,1761,34.1542171,85.38554274,1239,25.79679574,-18.91588164,58.7,30.41592424,3.216986564,3.195965193,3.194603036,3.201364605,3.196251841,3.193650363,3.196133733,3.211456077
1,1762,34.14973522,85.37433804,1238,25.6890553,-17.66956234,58.73333333,24.51864206,3.19890705,3.1893754,3.187906028,3.217654439,3.198213325,3.203476628,3.193828982,3.202567888
1,1763,34.14525245,85.36313112,1237,25.60905204,34.45378044,58.76666667,28.04154519,3.211674637,3.194781895,3.203668694,3.18875403,3.216182929,3.202148287,3.196697649,3.197617007
1,1764,34.14076879,85.35192197,1236,25.4077641,-38.02844763,58.8,29.12482647,3.195919695,3.196328759,3.180420039,3.199216274,3.198880971,3.203909292,3.19581485,3.193831709
1,1765,34.13628424,85.34071059,1235,25.5704725,15.73511903,58.83333333,28.34820743,3.1999378,3.187101055,3.201147386,3.185105446,3.208966549,3.20547416,3.192590513,3.205289104
1,1766,34.1317988,85.32949699,1234,25.49881041,18.02611126,58.86666667,30.3577573,3.200892114,3.191927918,3.183816991,3.202531485,3.193645745,3.208759757,3.20011227,3.194403338
1,1767,34.12731247,85.31828117,1233,25.86051313,26.91028619,58.9,27.86617841,3.21438271,3.204611572,3.170759308,3.196108866,3.188927288,3.193601616,3.198842141,3.202832388
1,1768,34.12282525,85.30706312,1232,25.5788937,37.95514485,58.93333333,27.6678074,3.202090926,3.208622985,3.205092787,3.204597975,3.201611939,3.210294391,3.197469788,3.197677574
1,1769,34.11833714,85.29584286,1231,25.61478458,38.04815353,58.96666667,29.06619318,3.184755413,3.208449312,3.199384594,3.223468846,3.196755738,3.200708625,3.20437204,3.1911848
1,1770,34.11384815,85.28462038,1230,25.66617825,-34.77785939,59,28.17876487,3.202868382,3.200277291,3.197570494,3.209380832,3.19277001,3.202199217,3.211637314,3.194347026
1,1771,34.10935827,85.27339567,1229,25.60523229,25.74714582,59.03333333,27.29726427,3.197624912,3.218762437,3.203795129,3.19595042,3.206420998,3.195455252,3.187480673,3.210978912
1,1772,34.1048675,85.26216875,1228,25.80340612,11.70479469,59.06666667,28.92905927,3.191175526,3.219613701,3.196085341,3.217066117,3.189050631,3.208203949,3.20399781,3.20670197
1,1773,34.10037584,85.25093961,1227,25.52528208,11.78737075,59.1,26.82544907,3.207744182,3.196018039,3.189529249,3.199592658,3.201784242,3.196225243,3.202220432,3.202637004
1,1774,34.0958833,85.23970825,1226,25.62335289,-29.73200587,59.13333333,26.89988113,3.192719788,3.20315977,3.197862304,3.194400153,3.206299001,3.19378407,3.196346659,3.200576407
1,1775,34.09138987,85.22847468,1225,25.51090353,12.01497332,59.16666667,27.04961076,3.210994493,3.201542273,3.204226307,3.19761886,3.199372083,3.199608982,3.20234645,3.197632259
1,1776,34.08689556,85.21723889,1224,25.4415973,38.59860645,59.2,30.43552449,3.210719999,3.19701467,3.186342071,3.221942373,3.19738105,3.210505358,3.211238327,3.207561714
1,1777,34.08240035,85.20600089,1223,25.52658771,32.94548556,59.23333333,22.20217056,3.198415782,3.202293479,3.189803918,3.215921182,3.193185552,3.197968792,3.200791892,3.199140482
1,1778,34.07790427,85.19476067,1222,25.59555558,-4.869547136,59.26666667,28.7120779,3.194745014,3.211154712,3.207602234,3.202576378,3.196803576,3.208514207,3.196284251,3.212563135
1,1779,34.0734073,85.18351824,1221,25.54848373,-36.80416214,59.3,28.06168927,3.200889767,3.209838252,3.199089437,3.200572265,3.209803368,3.217551401,3.212482935,3.207017077
1,1780,34.06890944,85.1722736,1220,25.51690948,-11.0165208,59.33333333,24.97443317,3.204714267,3.19594441,3.202361838,3.192695607,3.203006257,3.203520405,3.184313239,3.200309909
1,1781,34.0644107,85.16102674,1219,25.4312419,26.11122493,59.36666667,28.5575082,3.203318999,3.199330321,3.202864391,3.189266222,3.193793086,3.208279505,3.200004573,3.202719032
1,1782,34.05991107,85.14977768,1218,25.59002733,16.11992812,59.4,28.85635359,3.195627831,3.200155952,3.181583903,3.206768096,3.214463463,3.19147986,3.192477342,3.203527039
1,1783,34.05541056,85.13852641,1217,25.41943356,-3.252507552,59.43333333,29.06135062,3.211791034,3.199983221,3.190165456,3.198331062,3.191760543,3.19464923,3.197567671,3.192565403
1,1784,34.05090917,85.12727293,1216,25.69120672,-35.59187719,59.46666667,23.22670949,3.193776754,3.200596272,3.201720286,3.188608157,3.203171054,3.196944529,3.205762092,3.20624398
1,1785,34.04640689,85.11601724,1215,25.60989277,-5.848421774,59.5,30.45950094,3.195643671,3.204913182,3.193304352,3.210590097,3.19360691,3.202821997,3.198499127,3.191864844
1,1786,34.04190374,85.10475934,1214,25.42509382,-2.478004823,59.53333333,26.67207393,3.207207326,3.195086946,3.186399423,3.176943893,3.192999642,3.211007267,3.210061908,3.194251213
1,1787,34.03739969,85.09349923,1213,25.56289491,34.28444263,59.56666667,29.23582194,3.197004361,3.196280695,3.189332543,3.192409345,3.207849196,3.204031103,3.202184711,3.189318827
1,1788,34.03289477,85.08223693,1212,25.50974123,11.28688829,59.6,29.33393281,3.200805626,3.18156924,3.206742422,3.202068599,3.18923814,3.212931404,3.185630683,3.204242449
1,1789,34.02838896,85.07097241,1211,25.63830094,-15.06776667,59.63333333,26.42194525,3.204441374,3.190082636,3.199697194,3.186905377,3.177229005,3.19145699,3.195067,3.205154049
1,1790,34.02388228,85.05970569,1210,25.76085405,2.025461156,59.66666667,29.18882791,3.200539265,3.200748364,3.191884627,3.19575991,3.192560587,3.190200208,3.195250405,3.200596099
1,1791,34.01937471,85.04843677,1209,25.3749793,-34.71557537,59.7,27.30611217,3.195418892,3.197411979,3.205559318,3.195993965,3.189328267,3.204507628,3.202126797,3.202629276
1,1792,34.01486626,85.03716565,1208,25.61380313,37.80545885,59.73333333,24.27152108,3.205006709,3.203653132,3.20022983,3.219131621,3.18972025,3.195308662,3.207738675,3.20114069
1,1793,34.01035693,85.02589232,1207,25.58078406,-11.19520785,59.76666667,30.10193547,3.206063384,3.201358051,3.210992452,3.191939913,3.210739679,3.209367972,3.190317687,3.205045323
1,1794,34.00584672,85.0146168,1206,25.68056081,-1.770611607,59.8,26.60491907,3.199655681,3.195147344,3.184891046,3.191913491,3.205664897,3.20651073,3.198314316,3.206535881
1,1795,34.00133563,85.00333907,1205,25.6255836,-11.57728206,59.83333333,26.46191177,3.207562081,3.20123712,3.194221331,3.203528433,3.203895878,3.205391555,3.206923226,3.189102683
1,1796,33.99682366,84.99205915,1204,25.50976368,14.60093841,59.86666667,27.27448144,3.195920566,3.184811029,3.205975968,3.198301508,3.203446513,3.18819457,3.211207847,3.190445287
1,1797,33.99231081,84.98077702,1203,25.56171353,12.97857267,59.9,28.49002611,3.206196506,3.200943601,3.198484458,3.197838719,3.194895496,3.210361569,3.200100903,3.189846228
1,1798,33.98779708,84.9694927,1202,25.5044769,17.22578484,59.93333333,27.89691326,3.196928318,3.201026712,3.207182442,3.195163042,3.195697788,3.200187457,3.206987399,3.189049964
1,1799,33.98328247,84.95820618,1201,25.72912086,-18.54854163,59.96666667,28.98652046,3.204042837,3.1962875,3.197404539,3.216012606,3.198428246,3.20603755,3.205751311,3.190559809
1,1800,33.97876699,84.94691747,1200,25.6025574,-14.74652151,60,25.58891914,3.185236845,3.206567857,3.19133163,3.186686536,3.208209298,3.191844586,3.19381986,3.215794985
1,1801,33.97425062,84.93562656,1199,25.82814288,-29.97990151,60.03333333,26.66370453,3.186722117,3.189949712,3.196322415,3.198077945,3.192850038,3.190730759,3.212079955,3.202103889
1,1802,33.96973338,84.92433346,1198,25.5927207,12.44079775,60.06666667,27.79120527,3.20468135,3.198902199,3.20231564,3.207463213,3.192029608,3.202118688,3.205568339,3.212358379
1,1803,33.96521526,84.91303816,1197,25.51499119,-36.81622981,60.1,31.41619713,3.215583128,3.200558878,3.209109112,3.178638657,3.212418263,3.194192931,3.19807122,3.203528836
1,1804,33.96069627,84.90174067,1196,25.41835427,7.814586842,60.13333333,27.79513743,3.198772461,3.201571627,3.212701544,3.19692624,3.191304609,3.214507711,3.204214114,3.215377912
1,1805,33.95617639,84.89044099,1195,25.38362324,29.57567079,60.16666667,29.95340007,3.206909039,3.189411245,3.205163077,3.192128415,3.200059454,3.199394285,3.18705869,3.193497516
1,1806,33.95165564,84.87913911,1194,25.40990369,31.26657186,60.2,28.0693993,3.217641498,3.201907019,3.198595231,3.214503122,3.196830118,3.199268637,3.207926423,3.196794114
1,1807,33.94713402,84.86783505,1193,25.6320552,-4.07697917,60.23333333,27.12941445,3.194027834,3.181969949,3.192508013,3.192431778,3.201268534,3.195116334,3.217264152,3.191538969
1,1808,33.94261152,84.85652879,1192,25.661047,-3.255704943,60.26666667,27.55589604,3.211205173,3.201758024,3.206454192,3.205968157,3.182254116,3.199907579,3.197902175,3.190936175
1,1809,33.93808814,84.84522035,1191,25.41025712,-33.84246536,60.3,27.69684452,3.203677008,3.213732323,3.178615971,3.195724243,3.190033871,3.200574223,3.19739503,3.195154582
1,1810,33.93356389,84.83390972,1190,25.7074046,13.66120204,60.33333333,29.08656233,3.205516055,3.21308945,3.221290549,3.194082968,3.185432996,3.204473571,3.212883878,3.20650952
1,1811,33.92903876,84.8225969,1189,25.54203267,25.70075363,60.36666667,30.47430028,3.212850776,3.198196107,3.195123404,3.200923487,3.197355575,3.205304752,3.207758142,3.208384669
1,1812,33.92451276,84.8112819,1188,25.61761516,-20.42759563,60.4,28.64742553,3.204084741,3.201966579,3.206355414,3.184296065,3.201684566,3.200419824,3.201704643,3.199299012
1,1813,33.91998588,84.79996471,1187,25.79346648,-6.295929469,60.43333333,30.13673982,3.203454844,3.195403177,3.209036187,3.203789198,3.201205487,3.194419867,3.206522535,3.201653278
1,1814,33.91545813,84.78864533,1186,25.70762072,27.10714694,60.46666667,26.26337847,3.193956133,3.199546708,3.205032661,3.204412588,3.203896072,3.200740251,3.208206556,3.209902372
1,1815,33.91092951,84.77732377,1185,25.56777632,30.16963741,60.5,27.25366508,3.205898581,3.19530039,3.191535506,3.195648482,3.215629254,3.202253567,3.217011535,3.199038413
1,1816,33.90640001,84.76600003,1184,25.49305693,-20.54560158,60.53333333,26.69625544,3.197929491,3.199407548,3.199262607,3.193810793,3.190809214,3.204010693,3.208439206,3.21955985
1,1817,33.90186964,84.7546741,1183,25.34178215,4.045650763,60.56666667,28.56600026,3.196530297,3.197178756,3.193830166,3.209005819,3.2065199,3.192984523,3.192782415,3.207620118
1,1818,33.8973384,84.74334599,1182,25.5137016,-24.60054795,60.6,27.35387491,3.203065569,3.20606711,3.192937852,3.184978201,3.19300028,3.205502134,3.216888464,3.196564288
1,1819,33.89280628,84.7320157,1181,25.57466437,-31.84969887,60.63333333,29.31359129,3.218206847,3.206638558,3.188855742,3.201712271,3.206911794,3.180596137,3.205155609,3.209381769
1,1820,33.88827329,84.72068323,1180,25.48153846,32.88964011,60.66666667,26.32419692,3.203190945,3.19950623,3.198616587,3.198149421,3.190592162,3.194499809,3.196667248,3.200907955
1,1821,33.88373943,84.70934859,1179,25.58424916,25.64060034,60.7,28.07745575,3.195545482,3.193046966,3.206078167,3.202964912,3.195686164,3.204050228,3.196374737,3.20050452
1,1822,33.8792047,84.69801176,1178,25.60922223,20.80279214,60.73333333,29.23634424,3.207800352,3.195170071,3.190620707,3.198838923,3.18909228,3.197780412,3.1977549,3.180290527
1,1823,33.8746691,84.68667275,1177,25.57301728,-36.09869449,60.76666667,24.282455,3.204245081,3.198538482,3.209455172,3.201724256,3.205884869,3.20952031,3.198946263,3.199993414
1,1824,33.87013263,84.67533157,1176,25.52199969,27.49830342,60.8,31.81893635,3.187411654,3.209916302,3.198834421,3.191954156,3.20591778,3.18256175,3.196565806,3.207266488
1,1825,33.86559528,84.66398821,1175,25.62023856,-4.956473928,60.83333333,27.49032661,3.196498225,3.194256624,3.196670762,3.183920566,3.205723827,3.199016912,3.197821403,3.197850651
1,1826,33.86105707,84.65264268,1174,25.65303288,-12.60839014,60.86666667,24.35492816,3.200112638,3.205227499,3.199583492,3.189106908,3.204604129,3.203988558,3.201644216,3.20860193
1,1827,33.85651799,84.64129497,1173,25.46915211,3.718108882,60.9,28.28456902,3.200243029,3.208891009,3.211257688,3.204658503,3.194016531,3.198953714,3.209910848,3.188018977
1,1828,33.85197803,84.62994508,1172,25.76931189,-32.69174058,60.93333333,28.06019824,3.196864371,3.197256281,3.193078315,3.206983032,3.203014521,3.194311533,3.204844103,3.19873267
1,1829,33.84743721,84.61859303,1171,25.58816942,20.53172395,60.96666667,27.85259012,3.192878443,3.194296653,3.203488409,3.207512079,3.196105854,3.204355531,3.212654033,3.189929036
1,1830,33.84289552,84.6072388,1170,25.60226195,6.594806151,61,29.784144,3.202845359,3.206645246,3.199238801,3.209906266,3.217590696,3.202746843,3.198131282,3.207815862
1,1831,33.83835296,84.59588239,1169,25.68498573,-25.07279225,61.03333333,29.34540095,3.206736551,3.179849352,3.199978116,3.196843204,3.203173646,3.198450734,3.199318591,3.193094298
1,1832,33.83380953,84.58452382,1168,25.62798594,-24.94142402,61.06666667,28.53617714,3.205876234,3.213240338,3.193218624,3.18882356,3.200160026,3.199770755,3.209367462,3.19016644
1,1833,33.82926523,84.57316308,1167,25.7143764,-25.26010787,61.1,28.81028014,3.195696359,3.182818374,3.210999869,3.202004357,3.196292537,3.189421828,3.190156192,3.203314135
1,1834,33.82472007,84.56180017,1166,25.6344549,-35.439809,61.13333333,27.81215479,3.1911406,3.200832043,3.216343559,3.197219299,3.192308444,3.203056058,3.190193666,3.213759876
1,1835,33.82017403,84.55043509,1165,25.52650752,7.02387595,61.16666667,31.19588353,3.211228957,3.198686627,3.192821655,3.196593841,3.197634675,3.203068537,3.208317059,3.191707899
1,1836,33.81562714,84.53906784,1164,25.64338042,27.22785421,61.2,25.33744717,3.208087277,3.204941485,3.195937684,3.191306305,3.200929862,3.191523292,3.208189447,3.191008938
1,1837,33.81107937,84.52769842,1163,25.46275286,-38.60014288,61.23333333,28.25137301,3.20438165,3.199355069,3.195515001,3.199177348,3.208639865,3.190461941,3.196702748,3.193986051
1,1838,33.80653074,84.51632684,1162,25.61302716,-36.0796284,61.26666667,28.11704434,3.199691063,3.194522553,3.18585535,3.1915589,3.21310204,3.201973826,3.201698896,3.197739101
1,1839,33.80198124,84.50495309,1161,25.5960124,5.821622135,61.3,29.46390473,3.199586997,3.196561505,3.204215428,3.200806471,3.190629854,3.202029796,3.180330065,3.203310874
1,1840,33.79743087,84.49357718,1160,25.57502598,25.55965483,61.33333333,26.48106302,3.188725145,3.199231559,3.190442979,3.200022586,3.204626228,3.212022617,3.187669139,3.207803784
1,1841,33.79287964,84.4821991,1159,25.5845755,-13.86088875,61.36666667,24.86138932,3.201049222,3.196394663,3.206078852,3.198112601,3.205740244,3.192061842,3.194936024,3.2075488
1,1842,33.78832754,84.47081886,1158,25.37417811,-12.0308481,61.4,28.28228143,3.211883204,3.199719745,3.177701689,3.198407606,3.200259409,3.198137813,3.202690708,3.196184721
1,1843,33.78377458,84.45943646,1157,25.53415301,7.7077198,61.43333333,28.50621489,3.206710967,3.190666294,3.20989479,3.212400631,3.192695522,3.192691201,3.203285563,3.190502237
1,1844,33.77922076,84.44805189,1156,25.61114139,-18.06296887,61.46666667,30.68127894,3.196059177,3.208820216,3.205900854,3.215841571,3.201366273,3.195113296,3.200409948,3.198795293
1,1845,33.77466607,84.43666517,1155,25.61918277,-37.87133071,61.5,25.71334832,3.198907543,3.19980957,3.192545866,3.202257742,3.188730694,3.194265387,3.19904897,3.181923573
1,1846,33.77011051,84.42527628,1154,25.47667898,18.81828145,61.53333333,30.07844878,3.206151932,3.183574764,3.205356702,3.189657526,3.19676065,3.204153045,3.217585116,3.200931616
1,1847,33.76555409,84.41388524,1153,25.75188494,10.05199304,61.56666667,32.26134586,3.184138989,3.207629561,3.198144653,3.200559253,3.204462904,3.182196976,3.200052295,3.196722449
1,1848,33.76099681,84.40249203,1152,25.49605902,6.460479924,61.6,27.3200232,3.209774679,3.20581691,3.186983985,3.210101007,3.203596201,3.187622067,3.200446025,3.208278609
1,1849,33.75643867,84.39109667,1151,25.71633486,19.33473032,61.63333333,25.676304,3.190287649,3.211020619,3.18789897,3.193670183,3.192457033,3.21101547,3.196071871,3.190697464
1,1850,33.75187966,84.37969915,1150,25.65126332,14.018467,61.66666667,27.26744614,3.203561687,3.205289448,3.205340289,3.197829287,3.202036274,3.194798135,3.213398413,3.209153641
1,1851,33.74731979,84.36829947,1149,25.52245272,-23.52944095,61.7,28.02520894,3.208663655,3.206352927,3.204157866,3.1900451,3.20506641,3.200914122,3.210106913,3.206459353
1,1852,33.74275906,84.35689764,1148,25.81303731,-11.80151624,61.73333333,29.01481818,3.204403044,3.186526202,3.199287996,3.195536862,3.202018927,3.196675614,3.197792434,3.203672271
1,1853,33.73819746,84.34549366,1147,25.45676358,-29.91118867,61.76666667,26.93548949,3.196542895,3.200972732,3.187844705,3.193340788,3.205248349,3.190158463,3.209965801,3.207795195
1,1854,33.73363501,84.33408752,1146,25.7102985,-29.61143893,61.8,30.79935736,3.197854161,3.223989873,3.209944829,3.192405764,3.205969392,3.200526905,3.193786303,3.191440727
1,1855,33.72907169,84.32267922,1145,25.72006988,14.09565971,61.83333333,25.99384183,3.207959147,3.195216436,3.199184989,3.192631793,3.194014737,3.198984566,3.203105458,3.179293127
1,1856,33.72450751,84.31126877,1144,25.51952557,28.68800856,61.86666667,24.86943073,3.200135358,3.194031032,3.211218901,3.223542021,3.197125768,3.186222172,3.200935016,3.198356565
1,1857,33.71994247,84.29985617,1143,25.76709584,37.01860671,61.9,29.99207876,3.215770805,3.213332715,3.206923,3.195306447,3.205422133,3.202120051,3.201930586,3.187534161
1,1858,33.71537657,84.28844142,1142,25.56999442,10.2677694,61.93333333,23.90568214,3.208494363,3.200862467,3.199193269,3.195198748,3.193651068,3.202538069,3.186006698,3.20631599
1,1859,33.71080981,84.27702452,1141,25.63464324,-25.27189413,61.96666667,27.63256642,3.191567157,3.183530555,3.214575163,3.193135304,3.194222727,3.209076307,3.214835447,3.187735987
1,1860,33.70624219,84.26560547,1140,25.63123862,-31.54797236,62,33.61182603,3.192350656,3.192938569,3.207478413,3.213113057,3.19135798,3.211317963,3.194327727,3.202688983
1,1861,33.70167371,84.25418427,1139,25.58388295,25.02807772,62.03333333,27.9783216,3.18982837,3.199024557,3.199111098,3.197478734,3.203079768,3.191943753,3.192930214,3.203502977
1,1862,33.69710437,84.24276093,1138,25.69729699,6.300518109,62.06666667,25.98261823,3.210736283,3.19981749,3.204029366,3.20606464,3.206644042,3.192371802,3.193783918,3.194479403
1,1863,33.69253417,84.23133543,1137,25.69521865,9.462801681,62.1,27.89668457,3.21542907,3.204065544,3.203706526,3.202929886,3.189433653,3.215505524,3.2038335,3.205785281
1,1864,33.68796312,84.21990779,1136,25.39017616,22.5169671,62.13333333,27.90855858,3.18587583,3.206237151,3.1971503,3.189417736,3.192369891,3.189880846,3.189745726,3.200484383
1,1865,33.6833912,84.208478,1135,25.75652083,16.26217822,62.16666667,28.28916989,3.196905898,3.202672555,3.213407807,3.19896397,3.182040886,3.198064334,3.209547155,3.199312484
1,1866,33.67881843,84.19704607,1134,25.40050096,26.75666023,62.2,29.19207337,3.212234645,3.203623533,3.185293842,3.200876658,3.20237601,3.208642846,3.214557093,3.207261804
1,1867,33.6742448,84.18561199,1133,25.72390554,-35.50288756,62.23333333,26.1295999,3.203523838,3.205409506,3.198655946,3.188296977,3.200331969,3.202922323,3.190370739,3.210612973
1,1868,33.66967031,84.17417577,1132,25.73520462,19.80165094,62.26666667,31.0375865,3.208043288,3.189025909,3.210926658,3.197533485,3.193772067,3.208634222,3.199591565,3.215193483
1,1869,33.66509496,84.16273741,1131,25.46908403,28.06822059,62.3,28.44120571,3.193176896,3.18614674,3.197756494,3.20631378,3.192582856,3.189359197,3.201831419,3.188290502
1,1870,33.66051876,84.1512969,1130,25.55070229,-17.1091966,62.33333333,29.30822928,3.202453542,3.197275016,3.203955732,3.18892937,3.210385305,3.198535724,3.206108181,3.207679004
1,1871,33.6559417,84.13985425,1129,25.46731544,11.23578192,62.36666667,26.86933108,3.19074044,3.20705806,3.188599466,3.189038898,3.215711994,3.208894827,3.216589313,3.197038288
1,1872,33.65136379,84.12840946,1128,25.57420948,-14.86703489,62.4,30.31548785,3.200819429,3.204218838,3.199902435,3.194030912,3.192831322,3.201710898,3.191465121,3.191241092
1,1873,33.64678501,84.11696254,1127,25.56303589,36.63768532,62.43333333,27.53730566,3.203148576,3.199238725,3.20749765,3.196600709,3.195349952,3.203388427,3.193503801,3.194734978
1,1874,33.64220539,84.10551347,1126,25.69355926,-37.32611421,62.46666667,28.49959452,3.195052365,3.198322383,3.214179492,3.188985689,3.210364061,3.205902294,3.212535831,3.225093488
1,1875,33.6376249,84.09406226,1125,25.75723705,6.383427507,62.5,26.32040906,3.211451624,3.207405336,3.189500029,3.190510222,3.202881521,3.186415391,3.204923514,3.182920625
1,1876,33.63304357,84.08260892,1124,25.76748206,-26.67971624,62.53333333,26.20552307,3.209217867,3.197426398,3.201012776,3.194013022,3.184811789,3.209877562,3.210685611,3.197188098
1,1877,33.62846137,84.07115344,1123,25.53253984,16.97761641,62.56666667,29.23876955,3.205295437,3.196872869,3.202307919,3.206073114,3.204440679,3.210727757,3.204151045,3.200224677
1,1878,33.62387833,84.05969582,1122,25.57489338,-25.92877733,62.6,27.20150771,3.193908648,3.196171957,3.206480411,3.187985388,3.208846458,3.19775085,3.193451153,3.191210207
1,1879,33.61929443,84.04823607,1121,25.39798742,-21.16933905,62.63333333,26.46311844,3.205394942,3.199882869,3.212710122,3.189895395,3.195374691,3.199262231,3.193985146,3.200048949
1,1880,33.61470967,84.03677418,1120,25.50329559,-0.450335116,62.66666667,26.84226998,3.202556006,3.203875874,3.212049337,3.189572221,3.202702083,3.194824457,3.203440107,3.203450657
1,1881,33.61012406,84.02531016,1119,25.7157822,33.186796,62.7,29.25811553,3.192104645,3.192790781,3.204093145,3.200187236,3.198243025,3.205263895,3.205853748,3.195762959
1,1882,33.6055376,84.013844,1118,25.79386994,-23.06285023,62.73333333,26.86773185,3.193183575,3.189904648,3.200267633,3.188614718,3.200795428,3.209734694,3.197172322,3.195710366
1,1883,33.60095029,84.00237572,1117,25.45187814,-28.46079831,62.76666667,27.78822112,3.215982758,3.212077615,3.193883217,3.201112105,3.202629426,3.201629283,3.214517388,3.200697839
1,1884,33.59636212,83.9909053,1116,25.52890429,20.71814655,62.8,28.02704995,3.201897879,3.205509298,3.209519358,3.207495194,3.204304678,3.187530402,3.196094898,3.20655537
1,1885,33.5917731,83.97943275,1115,25.59683131,0.049562587,62.83333333,24.54877201,3.20200319,3.206609029,3.215097328,3.190584294,3.209103281,3.197357092,3.207482799,3.199670234
1,1886,33.58718323,83.96795806,1114,25.63361934,32.94280899,62.86666667,25.35197247,3.217016036,3.201040695,3.194875886,3.203358997,3.202591542,3.209104777,3.203584422,3.219800517
1,1887,33.5825925,83.95648125,1113,25.50284758,-28.27083543,62.9,28.6053002,3.199108767,3.19920304,3.195168912,3.200685347,3.201848473,3.202249684,3.200537501,3.19512143
1,1888,33.57800093,83.94500231,1112,25.65088733,11.67423144,62.93333333,26.67334715,3.192946679,3.19699861,3.209132301,3.210854397,3.199384284,3.192467336,3.199350611,3.216733323
1,1889,33.5734085,83.93352125,1111,25.54313928,-21.36966831,62.96666667,29.90210484,3.207991743,3.204405942,3.207701479,3.212324533,3.19077707,3.196863681,3.195770227,3.204696915
1,1890,33.56881522,83.92203805,1110,25.59826573,-27.45916571,63,29.74025279,3.201280887,3.20605049,3.195944901,3.210975616,3.19944533,3.205556364,3.209563252,3.208920995
1,1891,33.56422109,83.91055273,1109,25.66555411,14.67435321,63.03333333,29.2945036,3.202886627,3.206554775,3.213933285,3.20410881,3.194162829,3.204664406,3.19970175,3.181215991
1,1892,33.55962611,83.89906528,1108,25.60077067,7.494769593,63.06666667,31.27558922,3.203695984,3.200933205,3.209251342,3.193999251,3.187954323,3.201349447,3.203041419,3.200750664
1,1893,33.55503028,83.88757571,1107,25.54763369,20.38619667,63.1,27.85043921,3.200165669,3.191450184,3.198888663,3.197212753,3.20858167,3.203034603,3.197776023,3.213791079
1,1894,33.5504336,83.87608401,1106,25.58684682,-15.24299388,63.13333333,29.16798747,3.197848739,3.204462294,3.198664629,3.21304922,3.200694878,3.200931314,3.198881037,3.201572095
1,1895,33.54583608,83.86459019,1105,25.58939644,-4.162267489,63.16666667,26.94807824,3.209596303,3.206766751,3.200224609,3.213610601,3.206983885,3.196494551,3.188957213,3.19667989
1,1896,33.5412377,83.85309425,1104,25.55559868,-7.562265894,63.2,32.41426584,3.20330679,3.204777603,3.210873101,3.191243632,3.196486757,3.190578859,3.189289606,3.19497745
1,1897,33.53663847,83.84159618,1103,25.56894447,38.72715712,63.23333333,31.57054057,3.202932898,3.206171155,3.192413167,3.193525793,3.185761415,3.201714818,3.194142889,3.213304251
1,1898,33.5320384,83.83009599,1102,25.79183766,-16.62008346,63.26666667,28.02138478,3.20327847,3.198628434,3.194871101,3.188042638,3.189057026,3.195022872,3.194408777,3.192006625
1,1899,33.52743747,83.81859368,1101,25.66731033,-16.41462093,63.3,28.69585521,3.203016758,3.204114125,3.196330941,3.215481218,3.186026165,3.200465311,3.198251358,3.195594393
1,1900,33.5228357,83.80708925,1100,25.56454236,-11.63614329,63.33333333,30.44673568,3.194418697,3.199944321,3.198195777,3.196864988,3.189610243,3.187055105,3.197691868,3.196783231
1,1901,33.51823308,83.7955827,1099,25.68363453,5.167526503,63.36666667,27.73514889,3.198423705,3.199131026,3.195819981,3.198300741,3.193171774,3.212191566,3.193602079,3.197032154
1,1902,33.51362961,83.78407404,1098,25.55994166,-19.81418046,63.4,26.81807667,3.19420969,3.194075348,3.200197133,3.199182126,3.196324317,3.197732192,3.194241492,3.203213805
1,1903,33.5090253,83.77256325,1097,25.74077496,33.22319523,63.43333333,29.57318155,3.216441542,3.19300127,3.203151706,3.200359592,3.205349038,3.205574344,3.201643302,3.199681435
1,1904,33.50442014,83.76105035,1096,25.64435706,-18.74515481,63.46666667,28.14119064,3.196524398,3.193880317,3.199225235,3.189723289,3.195249152,3.208854829,3.200788098,3.207141315
1,1905,33.49981413,83.74953533,1095,25.58712374,31.66525852,63.5,28.32939001,3.211757151,3.198583764,3.201658607,3.197585233,3.193499154,3.192376254,3.206745203,3.201669018
1,1906,33.49520728,83.73801819,1094,25.65372603,-31.72199491,63.53333333,26.49831158,3.214772825,3.207776416,3.194150296,3.206722737,3.197559396,3.209734878,3.196109329,3.191580592
1,1907,33.49059958,83.72649894,1093,25.41149486,12.52501619,63.56666667,24.90819013,3.193633959,3.194042681,3.193277986,3.195419134,3.206853535,3.214368354,3.189358484,3.210108104
1,1908,33.48599103,83.71497758,1092,25.4647879,32.55884148,63.6,28.42505634,3.19617837,3.20278306,3.186766832,3.20419228,3.183957501,3.202511481,3.202058048,3.201528061
1,1909,33.48138164,83.7034541,1091,25.456729,-26.50004493,63.63333333,29.62893167,3.194120719,3.204396213,3.203128652,3.198320378,3.205374802,3.199235167,3.204230217,3.198992965
1,1910,33.4767714,83.69192851,1090,25.61715317,37.46615681,63.66666667,27.59354785,3.201733616,3.204597784,3.196816699,3.190129307,3.202208632,3.209515131,3.202393208,3.202545139
1,1911,33.47216032,83.68040081,1089,25.8079018,-3.769331167,63.7,30.58557314,3.199662591,3.205912949,3.198512517,3.19636881,3.208842386,3.195755693,3.207115768,3.208847484
1,1912,33.4675484,83.66887099,1088,25.86775602,35.65720868,63.73333333,26.73295061,3.204534535,3.190006116,3.200217239,3.198384,3.196032006,3.201142013,3.206153651,3.196331579
1,1913,33.46293563,83.65733907,1087,25.67656613,14.14560349,63.76666667,26.10153198,3.198628939,3.198071529,3.209310968,3.197943195,3.190124755,3.187412521,3.202901837,3.193914546
1,1914,33.45832201,83.64580503,1086,25.66010134,-15.87305041,63.8,27.87898545,3.205349796,3.18935024,3.195688703,3.189355449,3.203476886,3.20519078,3.202709001,3.191312509
1,1915,33.45370755,83.63426888,1085,25.38387307,-24.93579801,63.83333333,27.85133336,3.19403389,3.201874512,3.186498069,3.19807092,3.212135243,3.198560356,3.188091643,3.195140726
1,1916,33.44909225,83.62273063,1084,25.53487914,-15.7011963,63.86666667,29.38594372,3.194954461,3.21712247,3.213325433,3.205847483,3.197255393,3.209605037,3.190932323,3.208612603
1,1917,33.44447611,83.61119027,1083,25.50546595,-32.55860726,63.9,26.60506692,3.207423788,3.198789234,3.209113491,3.196422231,3.189879315,3.20782372,3.199318057,3.204814245
1,1918,33.43985912,83.5996478,1082,25.52549829,-28.49056269,63.93333333,30.46256963,3.214567093,3.194221967,3.198852964,3.212557076,3.205349854,3.194401738,3.192359858,3.195775355
1,1919,33.43524129,83.58810323,1081,25.57982274,-31.62716477,63.96666667,31.54045053,3.194092682,3.201898785,3.200627476,3.202233902,3.193273498,3.199433329,3.183554402,3.201160051
1,1920,33.43062262,83.57655654,1080,25.54334913,-6.164516501,64,27.92954075,3.209403525,3.188602033,3.203867426,3.195111885,3.206420009,3.20126918,3.203237633,3.200518591
1,1921,33.4260031,83.56500776,1079,25.36248402,23.6462701,64.03333333,30.24947876,3.210626654,3.202779284,3.19435661,3.20078972,3.197048952,3.201299199,3.196641842,3.194585514
1,1922,33.42138275,83.55345687,1078,25.68974923,-28.68931566,64.06666667,26.09830527,3.201594178,3.200446317,3.208511647,3.196680353,3.184153169,3.197089034,3.186988554,3.203325376
1,1923,33.41676155,83.54190387,1077,25.47127084,-29.57436535,64.1,29.93539877,3.186608817,3.192093032,3.197101324,3.212351605,3.191416879,3.20009924,3.204639813,3.211872484
1,1924,33.41213951,83.53034878,1076,25.62870962,11.47431596,64.13333333,29.88509754,3.206222358,3.208751256,3.206914456,3.190327016,3.202877537,3.206789288,3.192347998,3.195361921
1,1925,33.40751663,83.51879158,1075,25.84888992,-24.22536144,64.16666667,29.5541871,3.193574462,3.206180984,3.199445751,3.197433233,3.189746641,3.199460846,3.195459293,3.201946717
1,1926,33.40289291,83.50723228,1074,25.48967385,-32.19119695,64.2,27.97198644,3.190856262,3.20142325,3.196488394,3.190005625,3.189381728,3.190583837,3.198348808,3.200967963
1,1927,33.39826835,83.49567088,1073,25.2963655,-26.65211374,64.23333333,22.68235191,3.202158589,3.202460423,3.193931814,3.208467223,3.196462196,3.203601198,3.198686757,3.20300497
1,1928,33.39364295,83.48410737,1072,25.56567949,33.89851167,64.26666667,26.84489114,3.198285375,3.203149079,3.199940889,3.206510725,3.19345052,3.185840869,3.192213141,3.208551347
1,1929,33.38901671,83.47254177,1071,25.73211516,25.71770022,64.3,26.87335117,3.198763529,3.200736498,3.191570907,3.20052443,3.191817499,3.19299375,3.196780131,3.203560778
1,1930,33.38438963,83.46097407,1070,25.83500169,-11.67483501,64.33333333,26.23914111,3.204414781,3.204632359,3.187295327,3.199946684,3.198425745,3.187742541,3.20012787,3.197996582
1,1931,33.37976171,83.44940428,1069,25.45245405,12.46566139,64.36666667,28.22003741,3.204092205,3.200649977,3.195605436,3.2074061,3.182230132,3.199485879,3.185893993,3.192702454
1,1932,33.37513295,83.43783238,1068,25.65960391,2.982053893,64.4,27.2458658,3.20419851,3.18980642,3.188610257,3.21905556,3.189125688,3.213204167,3.198622383,3.195801367
1,1933,33.37050336,83.42625839,1067,25.54416275,14.16994108,64.43333333,26.51569838,3.204534291,3.210692753,3.190831456,3.195918002,3.206774958,3.202303954,3.208815343,3.204120896
1,1934,33.36587292,83.4146823,1066,25.5872862,14.6136922,64.46666667,26.09415973,3.214465792,3.201428709,3.201774489,3.202573771,3.198860089,3.206784697,3.20189633,3.20630544
1,1935,33.36124165,83.40310412,1065,25.9173212,10.2987212,64.5,26.71207663,3.207555999,3.203427637,3.204013731,3.191917362,3.195597171,3.206747068,3.211389049,3.184476558
1,1936,33.35660954,83.39152384,1064,25.41964356,-18.71189052,64.53333333,30.01869858,3.195457095,3.200188965,3.192965804,3.193419843,3.203799359,3.212651008,3.183745412,3.198636191
1,1937,33.35197659,83.37994147,1063,25.63044876,-36.87948634,64.56666667,26.8101549,3.203706243,3.206241712,3.202553019,3.21409122,3.200231253,3.210495942,3.194829059,3.200463864
1,1938,33.3473428,83.36835701,1062,25.65612318,-3.554657441,64.6,27.07311033,3.190298279,3.207206916,3.199036457,3.202862569,3.197493051,3.204691428,3.203179472,3.192042789
1,1939,33.34270818,83.35677045,1061,25.73029436,31.27791078,64.63333333,27.17794429,3.192505861,3.19977785,3.205276592,3.214903164,3.202423927,3.208060251,3.187097193,3.216103647
1,1940,33.33807272,83.34518181,1060,25.61175798,5.559780681,64.66666667,28.61018832,3.20484549,3.199603164,3.198682432,3.191142402,3.193429706,3.215283485,3.192087964,3.191933858
1,1941,33.33343643,83.33359107,1059,25.63696606,26.59128334,64.7,28.82124908,3.194382236,3.190414554,3.200122453,3.208711284,3.195116061,3.189013406,3.202334891,3.199553805
1,1942,33.3287993,83.32199824,1058,25.55300217,39.32994744,64.73333333,22.51961823,3.208021796,3.196363934,3.197918746,3.198803757,3.200712033,3.196859507,3.195562847,3.185196979
1,1943,33.32416133,83.31040332,1057,25.63229523,-26.91070367,64.76666667,29.83894338,3.195476902,3.205721786,3.206801964,3.196231096,3.210395888,3.199770367,3.189297229,3.186780928
1,1944,33.31952253,83.29880631,1056,25.55881693,15.34221113,64.8,30.58546246,3.209746063,3.19701597,3.190287484,3.181925791,3.196834271,3.203238007,3.194418471,3.191574039
1,1945,33.31488289,83.28720722,1055,25.67458863,13.9434859,64.83333333,26.10966423,3.195604994,3.209945536,3.188856147,3.194866392,3.209686062,3.20395341,3.201433023,3.194812431
1,1946,33.31024241,83.27560604,1054,25.55564676,38.39643579,64.86666667,26.24986316,3.200244039,3.195697367,3.193124911,3.19135954,3.206272765,3.199516751,3.20251611,3.201213385
1,1947,33.30560111,83.26400277,1053,25.64525205,38.84805872,64.9,27.1895439,3.203527351,3.19796225,3.19614674,3.193477757,3.188688247,3.191023735,3.197076658,3.187175684
1,1948,33.30095896,83.25239741,1052,25.59648846,14.93428894,64.93333333,26.63919276,3.188941713,3.208337119,3.201793436,3.196385306,3.218172596,3.186814002,3.20780489,3.199108271
1,1949,33.29631599,83.24078997,1051,25.73512603,-20.51081664,64.96666667,28.40306837,3.206280376,3.20087163,3.18502204,3.200763684,3.202684447,3.182464118,3.215552386,3.202489661
1,1950,33.29167218,83.22918045,1050,25.59383275,23.88446705,65,24.49625448,3.205375902,3.190675765,3.20552494,3.208716036,3.202028546,3.199925028,3.192851295,3.198270345
1,1951,33.28702753,83.21756884,1049,25.3872361,-31.43766926,65.03333333,25.98773031,3.195903764,3.204575965,3.193200993,3.204517206,3.193288115,3.19790118,3.204928355,3.194369626
1,1952,33.28238206,83.20595514,1048,25.75143058,22.45594433,65.06666667,30.77055496,3.205204292,3.204423953,3.197832395,3.209294266,3.200622275,3.208818212,3.214347719,3.198069592
1,1953,33.27773575,83.19433937,1047,25.49131212,32.81568993,65.1,26.32920406,3.20515964,3.194899457,3.191737485,3.198436323,3.189099198,3.192499138,3.204731461,3.195890808
1,1954,33.2730886,83.18272151,1046,25.52154804,-9.373328419,65.13333333,30.2381709,3.205684113,3.202395296,3.214809232,3.204194698,3.208913745,3.203215077,3.202491148,3.209317864
1,1955,33.26844063,83.17110157,1045,25.52852064,10.4508236,65.16666667,28.63960875,3.20535038,3.201680509,3.201645237,3.204305834,3.194629012,3.194289604,3.211403247,3.214915309
1,1956,33.26379182,83.15947955,1044,25.76493257,-5.588581432,65.2,24.74331811,3.19256894,3.194648045,3.209140183,3.20426816,3.205411425,3.20717281,3.198074143,3.202639759
1,1957,33.25914218,83.14785546,1043,25.34371909,-4.978795601,65.23333333,29.14359255,3.202017537,3.193132067,3.202520728,3.209901686,3.197326934,3.201220554,3.201653671,3.197722684
1,1958,33.25449171,83.13622928,1042,25.97652982,-15.17032887,65.26666667,27.78819886,3.20541521,3.194559475,3.210661164,3.205009644,3.192505851,3.213584077,3.201344812,3.19421642
1,1959,33.24984041,83.12460102,1041,25.72672682,20.97036964,65.3,27.1801593,3.208836436,3.203957372,3.185824322,3.195794717,3.202232779,3.182723467,3.200680561,3.201263835
1,1960,33.24518828,83.11297069,1040,25.62678867,34.89412513,65.33333333,28.44092277,3.190532065,3.202165159,3.200059711,3.190469647,3.207356484,3.20670283,3.197682103,3.198411349
1,1961,33.24053531,83.10133828,1039,25.59341272,35.26006874,65.36666667,28.85434027,3.205810112,3.198394695,3.184552734,3.203895492,3.193493925,3.196881256,3.211662965,3.198928172
1,1962,33.23588152,83.08970379,1038,25.63426649,-26.01749721,65.4,29.27366528,3.200013879,3.204077338,3.204042672,3.192646418,3.199517612,3.20028922,3.202176215,3.202313776
1,1963,33.23122689,83.07806723,1037,25.66253469,29.97949197,65.43333333,30.12085513,3.22069953,3.190593122,3.207840733,3.209467006,3.203942272,3.194797477,3.213317344,3.182464137
1,1964,33.22657144,83.06642859,1036,25.67742587,18.99451531,65.46666667,28.73464464,3.194533866,3.209373458,3.197039107,3.212771716,3.187905562,3.191103185,3.195746895,3.203339194
1,1965,33.22191515,83.05478788,1035,25.66667254,-19.77300794,65.5,25.52385864,3.198223839,3.196076806,3.211363171,3.21210756,3.196684962,3.186321858,3.182740129,3.201914321
1,1966,33.21725804,83.04314509,1034,25.61074968,-34.61723097,65.53333333,27.14743818,3.205247645,3.200503982,3.199432735,3.193563659,3.205239838,3.213425483,3.182264979,3.19937999
1,1967,33.21260009,83.03150024,1033,25.57631939,-18.56021865,65.56666667,33.297487,3.192237213,3.188076272,3.190960193,3.203037383,3.203239698,3.211682302,3.200070252,3.185934227
1,1968,33.20794132,83.01985331,1032,25.58184721,32.97665894,65.6,29.30408391,3.198094644,3.188908967,3.190345633,3.204644472,3.201553447,3.204700525,3.197140057,3.206324237
1,1969,33.20328172,83.0082043,1031,25.57661101,10.65429399,65.63333333,32.26471714,3.196692777,3.208933463,3.202757112,3.198344025,3.201696744,3.199857114,3.212768852,3.201963501
1,1970,33.19862129,82.99655323,1030,25.73605241,17.68437287,65.66666667,30.51178135,3.199987099,3.198092073,3.206745474,3.205663307,3.197809267,3.190754868,3.192784255,3.1985267
1,1971,33.19396003,82.98490009,1029,25.67122681,-19.42781191,65.7,28.43524373,3.21079142,3.197998587,3.195247011,3.185914245,3.212108331,3.204552225,3.20636808,3.207693504
1,1972,33.18929795,82.97324487,1028,25.24715336,17.55105245,65.73333333,28.54253273,3.198682158,3.200676725,3.211908816,3.201436647,3.204700202,3.206964406,3.205143451,3.198974647
1,1973,33.18463504,82.96158759,1027,25.67870809,-37.7502795,65.76666667,27.93415593,3.199728929,3.206221124,3.206208023,3.209345861,3.204408776,3.204772845,3.196430133,3.195350804
1,1974,33.1799713,82.94992824,1026,25.62336834,-9.974292338,65.8,24.87195169,3.206245045,3.195406519,3.199834392,3.211032186,3.209764562,3.202414311,3.197630883,3.199012969
1,1975,33.17530673,82.93826683,1025,25.59775495,10.14026788,65.83333333,28.03248505,3.206941281,3.199708006,3.195533741,3.209726198,3.201452801,3.195381953,3.203831522,3.207769747
1,1976,33.17064134,82.92660334,1024,25.55337779,-28.31227476,65.86666667,30.17921419,3.191938615,3.198396369,3.198026533,3.203618297,3.205056067,3.195588209,3.188057991,3.20825439
1,1977,33.16597512,82.91493779,1023,25.73489353,25.84028596,65.9,26.92064801,3.191040438,3.202169474,3.198944153,3.201299551,3.213209872,3.224306253,3.186932501,3.207871249
1,1978,33.16130807,82.90327018,1022,25.71370318,-21.1974961,65.93333333,28.7415154,3.198750018,3.208382836,3.207658105,3.211277958,3.202279719,3.192883388,3.207421196,3.200943981
1,1979,33.1566402,82.8916005,1021,25.50725468,12.18248903,65.96666667,29.53286388,3.198129254,3.196190209,3.208050685,3.212826956,3.19043718,3.204975618,3.197020903,3.188261821
1,1980,33.1519715,82.87992875,1020,25.64884627,-7.584228594,66,26.36257521,3.201181647,3.193334898,3.187377974,3.193746076,3.191777809,3.194826505,3.189392927,3.196838879
1,1981,33.14730198,82.86825495,1019,25.48340119,7.683487638,66.03333333,27.18765484,3.194294007,3.203004911,3.204748312,3.202081189,3.198116444,3.197900579,3.1933034,3.193496043
1,1982,33.14263163,82.85657908,1018,25.43444582,-31.40395579,66.06666667,26.16775932,3.205628831,3.185922379,3.1993542,3.197411768,3.204793057,3.188599904,3.200099846,3.202743875
1,1983,33.13796046,82.84490114,1017,25.52479393,-38.64697601,66.1,26.52010191,3.18476215,3.191405376,3.199265681,3.204113175,3.201459994,3.204483634,3.19136502,3.187289997
1,1984,33.13328846,82.83322115,1016,25.70348722,32.76515419,66.13333333,25.68231049,3.200676046,3.190165174,3.193077421,3.207458227,3.201512796,3.195454841,3.194415748,3.204967372
1,1985,33.12861564,82.8215391,1015,25.71437501,-18.4295993,66.16666667,26.37919277,3.201695767,3.190283547,3.18441741,3.215054415,3.190220166,3.204221572,3.212085543,3.201180781
1,1986,33.12394199,82.80985498,1014,25.66157025,25.57416022,66.2,30.55502023,3.195196507,3.188591608,3.188479916,3.203013559,3.211607811,3.196836327,3.195554236,3.205579849
1,1987,33.11926752,82.79816881,1013,25.68701149,39.94802404,66.23333333,26.35214135,3.194512422,3.202195863,3.200334412,3.196724256,3.199875695,3.214105217,3.204836264,3.208740006
1,1988,33.11459223,82.78648058,1012,25.66194139,-23.08549936,66.26666667,28.22762659,3.192650445,3.208767489,3.205112164,3.188003231,3.204318326,3.195893807,3.187633571,3.201038206
1,1989,33.10991611,82.77479029,1011,25.52302221,-18.78634071,66.3,27.09483624,3.204312341,3.201212865,3.199126891,3.197355317,3.219732704,3.190539445,3.206983376,3.200123384
1,1990,33.10523918,82.76309794,1010,25.65183071,13.02878301,66.33333333,30.12195869,3.193164268,3.199612808,3.188856539,3.195236077,3.199624525,3.187591064,3.20405106,3.192289912
1,1991,33.10056141,82.75140353,1009,25.69604914,37.23589077,66.36666667,30.36009213,3.188386232,3.191356658,3.217407633,3.184175487,3.203488985,3.19398691,3.197198975,3.204831447
1,1992,33.09588283,82.73970708,1008,25.69051496,33.26514786,66.4,29.55532597,3.20443855,3.194554429,3.189137408,3.204977128,3.204419018,3.197720244,3.203535555,3.196433364
1,1993,33.09120342,82.72800856,1007,25.7426696,0.230041605,66.43333333,28.5510422,3.193383699,3.200031697,3.204152262,3.202474002,3.204073301,3.193915369,3.212655049,3.197260953
1,1994,33.0865232,82.71630799,1006,25.68499646,23.6088226,66.46666667,27.58409283,3.199048675,3.189450753,3.198449159,3.204257902,3.206100085,3.212495526,3.204161879,3.202215306
1,1995,33.08184215,82.70460537,1005,25.64217378,-29.14033175,66.5,25.85462553,3.196429639,3.194706077,3.207761988,3.207608563,3.191383898,3.205784767,3.20520307,3.191089529
1,1996,33.07716028,82.69290069,1004,25.72841803,38.19505474,66.53333333,31.49835199,3.204323654,3.191603628,3.180565656,3.198719181,3.202062518,3.199079434,3.222936855,3.20303081
1,1997,33.07247758,82.68119396,1003,25.59681745,37.14825872,66.56666667,26.63258857,3.201177135,3.20343673,3.196469448,3.207435832,3.202888016,3.202521374,3.195007038,3.187485357
1,1998,33.06779407,82.66948518,1002,25.49417504,-26.90168337,66.6,29.19456342,3.195988911,3.202261071,3.196442404,3.202333817,3.198141105,3.203444636,3.192185407,3.20154312
1,1999,33.06310974,82.65777435,1001,25.58043196,-16.04615002,66.63333333,29.90721803,3.194872367,3.187693736,3.198678767,3.212290541,3.188331389,3.200955138,3.206380617,3.218400245
1,2000,33.05842458,82.64606146,1000,25.51061168,-31.9876002,66.66666667,27.00049511,3.196056536,3.194943995,3.190666462,3.209124131,3.193060685,3.197035229,3.185208497,3.207071775
1,2001,33.05373861,82.63434653,999,25.51897861,-18.26259209,66.7,29.86842255,3.209266066,3.206766201,3.187157398,3.204857208,3.186618637,3.200464322,3.201640621,3.202481466
1,2002,33.04905182,82.62262955,998,25.58265776,25.27646315,66.73333333,29.37558377,3.204277092,3.199935731,3.184300564,3.204280968,3.200780865,3.192779042,3.187444821,3.212320177
1,2003,33.04436421,82.61091051,997,25.50490961,-9.734751427,66.76666667,31.1103349,3.209850404,3.205647659,3.194589601,3.179864036,3.206117433,3.202933494,3.197002702,3.20899845
1,2004,33.03967577,82.59918944,996,25.56304462,-32.92824263,66.8,27.15517636,3.20678398,3.201408764,3.200280467,3.200407742,3.205439519,3.193140189,3.203407865,3.192635272
1,2005,33.03498652,82.58746631,995,25.37276624,-12.62195802,66.83333333,25.68544477,3.210692441,3.204257029,3.194494174,3.200644767,3.193169709,3.212032903,3.212983008,3.205569789
1,2006,33.03029645,82.57574114,994,25.62559524,38.51066674,66.86666667,27.09011844,3.212453253,3.201214368,3.206108101,3.209797796,3.199954051,3.200568831,3.207469253,3.205171984
1,2007,33.02560557,82.56401392,993,25.60014466,10.37468762,66.9,28.37593638,3.193956314,3.182505365,3.198595775,3.183224687,3.192071861,3.193005704,3.195450862,3.206563505
1,2008,33.02091386,82.55228465,992,25.50194936,-6.707124288,66.93333333,28.10478291,3.208301436,3.204069926,3.205060056,3.205248964,3.18002536,3.200081581,3.18562833,3.204073116
1,2009,33.01622134,82.54055334,991,25.67910948,-26.67691892,66.96666667,27.29181179,3.183255135,3.198556492,3.204382158,3.191057936,3.207693728,3.204052977,3.203046598,3.205584013
1,2010,33.011528,82.52881999,990,25.71250842,38.89414378,67,24.56344457,3.197126399,3.201215351,3.200080413,3.199899608,3.194623751,3.190059743,3.197305133,3.196864417
1,2011,33.00683384,82.51708459,989,25.40709282,25.66792074,67.03333333,28.84686939,3.194106152,3.20681643,3.190622347,3.198627927,3.209330718,3.207273035,3.209730351,3.195273755
1,2012,33.00213886,82.50534716,988,25.50847303,-17.4818158,67.06666667,31.55022006,3.206274305,3.191496237,3.197793008,3.198545954,3.195393278,3.197105488,3.196052993,3.19214085
1,2013,32.99744307,82.49360767,987,25.50770292,-34.39450434,67.1,28.83565223,3.206851308,3.1985404,3.201611492,3.201310215,3.200437811,3.200742436,3.197556662,3.211347175
1,2014,32.99274646,82.48186615,986,25.48721163,-35.46995541,67.13333333,29.09644393,3.206085958,3.200147056,3.196423565,3.199049433,3.203340972,3.211999521,3.18901562,3.205278198
1,2015,32.98804904,82.47012259,985,25.69953698,-30.36974804,67.16666667,29.03040155,3.209013789,3.188106252,3.198550793,3.191483856,3.203444237,3.197133193,3.198958887,3.196711554
1,2016,32.98335079,82.45837699,984,25.57674086,6.461486689,67.2,28.71468401,3.205761307,3.201832264,3.201847414,3.201284975,3.204579927,3.197904225,3.213606198,3.190121642
1,2017,32.97865174,82.44662935,983,25.56825822,34.3010737,67.23333333,29.67699874,3.186192652,3.185530555,3.183363295,3.205385359,3.204410942,3.209662212,3.191546894,3.205963692
1,2018,32.97395187,82.43487966,982,25.35953652,-0.26052576,67.26666667,28.71167263,3.200454592,3.201332692,3.205004983,3.193949746,3.220697993,3.210655042,3.195746352,3.191274096
1,2019,32.96925118,82.42312795,981,25.67625016,27.4356386,67.3,27.43718109,3.199296767,3.201458068,3.208524922,3.190650233,3.202283896,3.18776788,3.203490861,3.199139966
1,2020,32.96454968,82.41137419,980,25.45128899,-4.329070411,67.33333333,26.56721996,3.215493438,3.18763198,3.210964867,3.186369349,3.189382318,3.186583244,3.202002821,3.19061041
1,2021,32.95984736,82.3996184,979,25.60719192,16.68668366,67.36666667,27.55184742,3.189213348,3.201622141,3.203614203,3.200318794,3.198702247,3.214631277,3.20116669,3.206445532
1,2022,32.95514423,82.38786057,978,25.63328523,18.54981898,67.4,28.56543309,3.201143377,3.19121699,3.204399101,3.194753622,3.199272111,3.202443221,3.184468655,3.187123983
1,2023,32.95044028,82.3761007,977,25.76327903,-26.08290353,67.43333333,27.43105067,3.207275673,3.194690028,3.195069424,3.201331507,3.196914619,3.203340707,3.199591026,3.201588824
1,2024,32.94573552,82.3643388,976,25.44294155,-11.10271528,67.46666667,28.56580963,3.194385133,3.201548759,3.208840713,3.195458014,3.207322546,3.199587517,3.205875853,3.201030171
1,2025,32.94102995,82.35257487,975,25.23765854,10.98417252,67.5,28.79047024,3.199732713,3.202797837,3.20970878,3.201888778,3.203828247,3.197052121,3.212567092,3.205122697
1,2026,32.93632356,82.3408089,974,25.62206195,-34.34427135,67.53333333,29.49972298,3.200621668,3.199018771,3.207823266,3.195150367,3.185737,3.200579197,3.209520037,3.21273047
1,2027,32.93161636,82.3290409,973,25.81606134,-11.07678498,67.56666667,30.30903094,3.199141648,3.200348701,3.204156243,3.197885205,3.204131248,3.199316786,3.208090946,3.205783844
1,2028,32.92690835,82.31727087,972,25.74867356,2.783957302,67.6,28.14041335,3.206481823,3.198357459,3.215407419,3.203871296,3.201978352,3.193912456,3.199223425,3.200915038
1,2029,32.92219952,82.30549881,971,25.62515913,39.69795944,67.63333333,25.64600218,3.193698582,3.197661463,3.1986736,3.200447365,3.185898344,3.198917836,3.196981231,3.199832927
1,2030,32.91748989,82.29372472,970,25.54100366,-2.03731499,67.66666667,27.37881263,3.208282213,3.216419164,3.205427018,3.190124623,3.197236744,3.204767706,3.203866324,3.207898606
1,2031,32.91277944,82.28194859,969,25.69685471,25.28454057,67.7,28.07931262,3.199221192,3.197091998,3.214019392,3.200469365,3.191866605,3.211801069,3.188031236,3.172039638
1,2032,32.90806818,82.27017044,968,25.48317446,-5.434617195,67.73333333,24.69561624,3.206155094,3.207285608,3.203312104,3.189580351,3.199529041,3.197774651,3.195701688,3.211296555
1,2033,32.9033561,82.25839026,967,25.65716293,23.71125781,67.76666667,30.49959614,3.191626672,3.202528836,3.209552376,3.203051532,3.209928947,3.204509718,3.203434797,3.202934679
1,2034,32.89864322,82.24660804,966,25.66065642,7.63318413,67.8,28.25628024,3.204907546,3.196915687,3.189585009,3.207632347,3.209293938,3.20201583,3.195612995,3.187538263
1,2035,32.89392952,82.23482381,965,25.72722519,30.92763532,67.83333333,28.6864351,3.200686457,3.189208397,3.1880881,3.199834148,3.193889844,3.202762476,3.198725635,3.195146923
1,2036,32.88921502,82.22303754,964,25.9311592,-7.124595812,67.86666667,30.45794763,3.186360679,3.193176895,3.193470908,3.190197539,3.197367646,3.190821984,3.198690058,3.20192329
1,2037,32.8844997,82.21124925,963,25.64708992,8.344353586,67.9,26.86574291,3.19339064,3.203403269,3.189109137,3.191102581,3.199094262,3.205496329,3.206939196,3.212899125
1,2038,32.87978357,82.19945893,962,25.53892436,10.40149445,67.93333333,29.03327548,3.196987289,3.198979989,3.191738596,3.189969869,3.201828577,3.193793028,3.209859034,3.188300914
1,2039,32.87506664,82.18766659,961,25.59693108,-6.609364656,67.96666667,27.80224458,3.203890826,3.191954086,3.193436412,3.204312897,3.194592957,3.195873727,3.193502733,3.214280238
1,2040,32.87034889,82.17587222,960,25.38771089,-28.45503651,68,27.66864364,3.19506011,3.200412418,3.198384691,3.201771336,3.195082104,3.198393462,3.203151616,3.193095943
1,2041,32.86563033,82.16407583,959,25.51663442,-32.51524745,68.03333333,26.6100537,3.208714571,3.209483844,3.204851941,3.200559011,3.176075188,3.203394329,3.196869357,3.198029805
1,2042,32.86091097,82.15227742,958,25.55088611,-38.66627595,68.06666667,30.99808578,3.184820981,3.203948708,3.188411352,3.200947396,3.20723726,3.196245375,3.209728414,3.194024077
1,2043,32.85619079,82.14047698,957,25.53710939,29.88274114,68.1,27.32409993,3.204803465,3.189561714,3.208249043,3.207007923,3.203746863,3.196853727,3.188783995,3.196874877
1,2044,32.85146981,82.12867452,956,25.61828258,-21.08200702,68.13333333,29.25903564,3.208882457,3.201039695,3.187575705,3.191002179,3.210025211,3.203903302,3.190127999,3.185873348
1,2045,32.84674802,82.11687005,955,25.50130961,-23.07946006,68.16666667,24.6249867,3.194999663,3.18518913,3.198753324,3.219613003,3.187224351,3.198511795,3.210495413,3.205992703
1,2046,32.84202542,82.10506355,954,25.73452368,18.88283203,68.2,30.12397935,3.198810074,3.198829211,3.190752722,3.197858754,3.201947526,3.208840908,3.195038595,3.198481319
1,2047,32.83730201,82.09325503,953,25.60002485,-14.39871095,68.23333333,29.89398008,3.192406292,3.201802601,3.206270236,3.205037184,3.190638503,3.201174906,3.1945815,3.2080884
1,2048,32.8325778,82.08144449,952,25.59888396,0.483575393,68.26666667,28.1753814,3.198709498,3.187843893,3.198241578,3.203667781,3.201952049,3.195905632,3.195317813,3.192099965
1,2049,32.82785277,82.06963193,951,25.56065263,-26.99911478,68.3,27.59150356,3.196842003,3.193154568,3.207760688,3.192790901,3.200978276,3.200434431,3.20756534,3.208714946
1,2050,32.82312694,82.05781736,950,25.61862288,36.77965772,68.33333333,28.72000001,3.20556776,3.202823427,3.191610831,3.191449039,3.193234473,3.206015368,3.200586639,3.206949258
1,2051,32.81840031,82.04600076,949,25.69901179,28.126512,68.36666667,32.11982319,3.208022422,3.194192385,3.200256595,3.199896051,3.197377698,3.195721257,3.209478044,3.200415774
1,2052,32.81367286,82.03418216,948,25.49594437,29.10316984,68.4,24.82617394,3.200105158,3.193577779,3.205401699,3.19195914,3.203639244,3.203857835,3.19669988,3.202541217
1,2053,32.80894461,82.02236153,947,25.52102602,-7.458100114,68.43333333,29.4076493,3.201485356,3.199685115,3.200103552,3.200494255,3.201039293,3.200481936,3.191169086,3.198782312
1,2054,32.80421556,82.01053889,946,25.56355288,20.9888971,68.46666667,26.35908886,3.202119589,3.20077831,3.207630002,3.204960693,3.193036724,3.198666983,3.197509307,3.199965212
1,2055,32.79948569,81.99871424,945,25.43849549,-28.48990757,68.5,27.96414689,3.199976149,3.204892173,3.201418627,3.20984436,3.201928025,3.193355276,3.196261755,3.204830313
1,2056,32.79475503,81.98688757,944,25.50168906,-39.31047979,68.53333333,27.55381579,3.187086654,3.189232957,3.200085578,3.207607377,3.210456283,3.198263154,3.208486629,3.200578143
1,2057,32.79002355,81.97505888,943,25.5428535,-38.40216539,68.56666667,27.22902714,3.18774868,3.199935388,3.195048735,3.207345847,3.199794598,3.189776695,3.188002282,3.19983216
1,2058,32.78529128,81.96322819,942,25.7049267,6.928138992,68.6,27.98116277,3.18063826,3.195854678,3.201848243,3.191543868,3.207951897,3.209528052,3.191866392,3.197615647
1,2059,32.78055819,81.95139548,941,25.63150736,-3.56840758,68.63333333,25.95849194,3.207957545,3.19998954,3.188844171,3.198853431,3.193176573,3.208865583,3.204847457,3.197489944
1,2060,32.7758243,81.93956076,940,25.62323079,1.441227913,68.66666667,29.85252479,3.201137184,3.189535027,3.19396978,3.212426234,3.200428117,3.207440686,3.201856105,3.210514255
1,2061,32.77108961,81.92772403,939,25.70210776,-39.40294877,68.7,24.77054168,3.1840093,3.198494259,3.213158253,3.207649387,3.210602978,3.199945883,3.195703149,3.191782684
1,2062,32.76635412,81.91588529,938,25.58351539,-6.185070427,68.73333333,28.97157612,3.191224575,3.206456484,3.204105688,3.199467412,3.204065525,3.201139614,3.207697742,3.207621494
1,2063,32.76161782,81.90404454,937,25.64685578,17.4454529,68.76666667,27.41223547,3.191473007,3.202189168,3.186649066,3.201064166,3.204834434,3.189490245,3.196668298,3.200076211
1,2064,32.75688071,81.89220178,936,25.58761339,-4.584503843,68.8,25.89233519,3.201871319,3.19777117,3.190621695,3.199567942,3.186782051,3.198138869,3.196469011,3.198925875
1,2065,32.75214281,81.88035701,935,25.63184348,18.5775365,68.83333333,28.36429007,3.195525424,3.187938553,3.197069253,3.207446561,3.210091686,3.219514674,3.213533203,3.190424497
1,2066,32.7474041,81.86851024,934,25.53006896,-21.35848285,68.86666667,25.19748804,3.196732499,3.199817715,3.199315521,3.200556267,3.219260731,3.191343588,3.194291751,3.213150607
1,2067,32.74266458,81.85666146,933,25.30734194,25.05136036,68.9,28.07148488,3.195072149,3.203148645,3.208277259,3.203891992,3.201534125,3.207508886,3.192855452,3.196029095
1,2068,32.73792427,81.84481067,932,25.5838865,7.074499236,68.93333333,25.43882157,3.204285101,3.183444486,3.211332671,3.202427139,3.201224254,3.186955897,3.189707127,3.196811331
1,2069,32.73318315,81.83295787,931,25.77072978,-23.13895205,68.96666667,28.83028975,3.206459439,3.183387072,3.206306918,3.197119749,3.198212612,3.202028744,3.202154538,3.194300571
1,2070,32.72844123,81.82110307,930,25.71114585,-21.06236193,69,26.3361568,3.204999281,3.181444815,3.196396649,3.201229454,3.197240405,3.185384718,3.206064219,3.190012898
1,2071,32.72369851,81.80924627,929,25.7158477,10.24243717,69.03333333,27.18821077,3.199459888,3.201224277,3.200158617,3.209352087,3.1995739,3.203419643,3.199552768,3.204903649
1,2072,32.71895498,81.79738746,928,25.74833569,26.39516746,69.06666667,28.5291089,3.211147962,3.201100335,3.206254803,3.211642631,3.210857474,3.196917685,3.208291459,3.201990169
1,2073,32.71421066,81.78552665,927,25.61063891,-6.749777438,69.1,26.6094242,3.20893784,3.204549077,3.202205345,3.203471777,3.202041904,3.202354664,3.198729341,3.197986205
1,2074,32.70946553,81.77366383,926,25.62367788,-19.33596567,69.13333333,27.8956648,3.214105399,3.203820223,3.195413561,3.197780661,3.208450068,3.194110506,3.188143779,3.188732407
1,2075,32.70471961,81.76179902,925,25.52588177,29.36092855,69.16666667,25.2751051,3.186168195,3.189609481,3.190553072,3.211081899,3.199630566,3.197093892,3.188452695,3.198854989
1,2076,32.69997288,81.7499322,924,25.56207126,13.54146334,69.2,29.13557609,3.186101375,3.197044663,3.216515955,3.205310429,3.198321615,3.205584989,3.195827655,3.193594578
1,2077,32.69522535,81.73806338,923,25.67389254,-4.153161017,69.23333333,31.17684485,3.213633037,3.190861803,3.19716703,3.202448266,3.192510126,3.20520484,3.197547244,3.205311283
1,2078,32.69047702,81.72619256,922,25.74446613,-0.967984378,69.26666667,33.02597596,3.204687873,3.198055903,3.213685269,3.194677314,3.210790964,3.209399466,3.214167058,3.201392448
1,2079,32.6857279,81.71431974,921,25.58326645,-23.65948257,69.3,28.16410266,3.193691314,3.216614373,3.197322388,3.193491659,3.198481706,3.192146474,3.204209191,3.195154653
1,2080,32.68097797,81.70244492,920,25.54597729,10.14421041,69.33333333,29.41876745,3.197700127,3.207742231,3.204989546,3.200124677,3.201366988,3.200098043,3.196550759,3.199979787
1,2081,32.67622724,81.69056811,919,25.60006336,-11.30059916,69.36666667,24.79487379,3.203926733,3.198990703,3.203358141,3.19330665,3.195168851,3.194125436,3.195478949,3.210297448
1,2082,32.67147572,81.67868929,918,25.67214481,39.65161413,69.4,30.70492179,3.20580831,3.191384615,3.203499986,3.196875341,3.194540923,3.188114084,3.20777535,3.189089095
1,2083,32.66672339,81.66680848,917,25.42673742,-1.585318779,69.43333333,29.39721131,3.199584295,3.19242951,3.206206752,3.197325185,3.198924299,3.199194126,3.202420563,3.200104038
1,2084,32.66197027,81.65492568,916,25.32445829,-1.129151505,69.46666667,27.1289198,3.199653814,3.195852784,3.187402165,3.191051592,3.205747838,3.197553444,3.194687922,3.188754175
1,2085,32.65721635,81.64304087,915,25.53393558,5.268142993,69.5,30.22692544,3.186242823,3.194374345,3.207104423,3.195543438,3.203203884,3.195175521,3.205110934,3.197185994
1,2086,32.65246163,81.63115408,914,25.45351451,33.34048025,69.53333333,27.54194306,3.190144926,3.197848375,3.214672003,3.214319075,3.203892266,3.198903529,3.202431214,3.202534819
1,2087,32.64770611,81.61926528,913,25.53902318,24.06544799,69.56666667,27.17555467,3.199680906,3.203527552,3.201665815,3.197472221,3.190437946,3.196319526,3.206396151,3.199748302
1,2088,32.6429498,81.6073745,912,25.58226636,-3.909594416,69.6,28.85560287,3.202402295,3.197735876,3.19152322,3.198090962,3.191820353,3.191309687,3.209645093,3.196639312
1,2089,32.63819269,81.59548172,911,25.54561019,17.49594128,69.63333333,26.0859619,3.194068122,3.212943677,3.20651988,3.197027926,3.203421091,3.198113693,3.194458563,3.20379753
1,2090,32.63343478,81.58358694,910,25.7742961,6.898839902,69.66666667,29.83892458,3.197405585,3.200603984,3.208170906,3.207289705,3.195599254,3.203888253,3.19097715,3.203603313
1,2091,32.62867607,81.57169018,909,25.63920937,-0.610636104,69.7,26.09921834,3.201187962,3.203031835,3.197620442,3.21667257,3.192789602,3.207772414,3.191746413,3.204034753
1,2092,32.62391657,81.55979142,908,25.63605692,-24.61473818,69.73333333,26.10990138,3.20460632,3.200439807,3.196037405,3.201129079,3.202136083,3.214319492,3.193021278,3.195552692
1,2093,32.61915627,81.54789067,907,25.67466486,-2.885098924,69.76666667,26.36255838,3.202277884,3.19795157,3.199199672,3.208562815,3.177437868,3.195216405,3.186061046,3.190433469
1,2094,32.61439517,81.53598793,906,25.46334003,-20.33451304,69.8,29.36710007,3.219236996,3.204785345,3.207612519,3.199355763,3.206069711,3.185867484,3.208306387,3.193441247
1,2095,32.60963328,81.52408321,905,25.72469341,33.18737199,69.83333333,26.88980435,3.195749473,3.204041209,3.202531574,3.20067696,3.189095231,3.200798509,3.207684491,3.195740103
1,2096,32.6048706,81.51217649,904,25.59090829,-13.16745492,69.86666667,25.57360759,3.210519496,3.193018465,3.200052383,3.212282622,3.194548801,3.208431884,3.215797219,3.201368353
1,2097,32.60010711,81.50026779,903,25.68045767,36.18112116,69.9,26.909776,3.195783864,3.19381809,3.210436822,3.210213554,3.211594473,3.199737293,3.208302456,3.199609285
1,2098,32.59534284,81.48835709,902,25.47137713,2.644423208,69.93333333,27.94232373,3.192935559,3.208993414,3.213070962,3.191835184,3.191684552,3.200319855,3.207649029,3.190929446
1,2099,32.59057777,81.47644441,901,25.41354895,10.52355029,69.96666667,25.87424953,3.201816126,3.195276584,3.205606633,3.193616905,3.206174424,3.198734282,3.192502876,3.20050952
1,2100,32.5858119,81.46452975,900,25.69814676,3.435235559,70,25.926974,3.184496213,3.195527243,3.202699209,3.185825962,3.179430905,3.181285061,3.210617028,3.199385928
1,2101,32.58104524,81.4526131,899,25.64516914,-29.64955064,70.03333333,31.8003334,3.195740277,3.207561238,3.196764403,3.202147695,3.200206043,3.196232005,3.202353167,3.20618609
1,2102,32.57627778,81.44069446,898,25.49175381,-9.934302479,70.06666667,26.45098227,3.198520747,3.196315555,3.197259901,3.1816167,3.202264476,3.19032711,3.20503775,3.199276607
1,2103,32.57150953,81.42877384,897,25.49564043,-32.06831102,70.1,27.41852374,3.200840969,3.205602633,3.19258781,3.202953988,3.202140968,3.198521753,3.19257451,3.204761907
1,2104,32.56674049,81.41685123,896,25.73505217,9.836323535,70.13333333,27.3389734,3.205627636,3.200908816,3.191437581,3.195780408,3.199517338,3.205507956,3.187332085,3.195489572
1,2105,32.56197066,81.40492664,895,25.45727057,-4.250064384,70.16666667,27.24155775,3.19677862,3.199334227,3.189589398,3.198259738,3.197516131,3.191699265,3.199056259,3.195670647
1,2106,32.55720003,81.39300007,894,25.79712075,22.23879773,70.2,29.11842413,3.203964689,3.19291738,3.200718673,3.193532889,3.195201966,3.202378333,3.201877742,3.196663823
1,2107,32.5524286,81.38107151,893,25.49192551,-22.36236152,70.23333333,29.70665731,3.197844715,3.188371148,3.211222114,3.205499651,3.205211584,3.187239742,3.19523608,3.197323632
1,2108,32.54765639,81.36914097,892,25.67660703,-26.83471533,70.26666667,27.44928202,3.184551508,3.207119601,3.211631076,3.21649548,3.191632929,3.200938588,3.210582546,3.197971052
1,2109,32.54288338,81.35720846,891,25.56056578,-7.493421523,70.3,25.77433908,3.195464097,3.185071859,3.20906098,3.199845914,3.194165265,3.202270858,3.201224043,3.201346073
1,2110,32.53810958,81.34527396,890,25.67238249,34.12683066,70.33333333,30.29399241,3.198263216,3.212978865,3.198930722,3.212954577,3.204512935,3.202809361,3.199093802,3.207791654
1,2111,32.53333499,81.33333748,889,25.53470632,16.8337452,70.36666667,27.82838604,3.200903934,3.19254295,3.192276062,3.203379877,3.192740969,3.199502152,3.208457476,3.202431761
1,2112,32.52855961,81.32139902,888,25.58046485,-6.486110017,70.4,31.11457927,3.194222921,3.2112799,3.204383002,3.208142344,3.181859533,3.202646823,3.206737263,3.213602309
1,2113,32.52378343,81.30945859,887,25.6049103,1.38177358,70.43333333,23.95794538,3.188289451,3.209648917,3.213155042,3.183861688,3.203828729,3.204940967,3.197383939,3.196079244
1,2114,32.51900647,81.29751617,886,25.47973751,-33.26295911,70.46666667,28.3517258,3.205342831,3.195080146,3.198262005,3.206499479,3.214032344,3.204303874,3.201067876,3.19586882
1,2115,32.51422871,81.28557178,885,25.68889892,38.76607171,70.5,31.4534914,3.1919152,3.208876626,3.198772401,3.209205626,3.197363585,3.194805691,3.203366391,3.199387712
1,2116,32.50945017,81.27362541,884,25.53841437,13.31258438,70.53333333,27.36412456,3.190355771,3.214538947,3.19498413,3.207420732,3.206734853,3.189924298,3.191980899,3.197587925
1,2117,32.50467083,81.26167707,883,25.57256801,-17.16767452,70.56666667,27.59411184,3.193074828,3.213811651,3.198398595,3.207117992,3.204109099,3.20211218,3.20032257,3.209897046
1,2118,32.4998907,81.24972675,882,25.48067808,6.864671537,70.6,28.53192104,3.193399256,3.213810682,3.189702215,3.206252094,3.188758689,3.197474356,3.20074648,3.196106437
1,2119,32.49510978,81.23777446,881,25.29251996,-31.24141071,70.63333333,26.99416753,3.198546643,3.188904236,3.192100396,3.203986118,3.200237375,3.194475776,3.210594222,3.190240553
1,2120,32.49032807,81.22582019,880,25.57707667,37.2669335,70.66666667,27.43827052,3.197107276,3.19595475,3.204920301,3.20038531,3.199134678,3.185246266,3.206920276,3.198257393
1,2121,32.48554558,81.21386394,879,25.88951385,-26.01720097,70.7,27.39193283,3.200925288,3.194011494,3.19275337,3.211994302,3.185814091,3.191566408,3.211843937,3.205125971
1,2122,32.48076229,81.20190573,878,25.69415251,11.84242544,70.73333333,26.87064268,3.1973963,3.209972771,3.203574881,3.201861281,3.201804496,3.203721906,3.20404554,3.217567784
1,2123,32.47597822,81.18994554,877,25.59768875,-20.363643,70.76666667,30.21194179,3.198440858,3.198687622,3.190104854,3.199584821,3.214903095,3.20787588,3.195650658,3.200240331
1,2124,32.47119335,81.17798338,876,25.5684531,17.40491061,70.8,28.82994046,3.189628493,3.192247045,3.201195529,3.196044363,3.191643202,3.203918726,3.199341999,3.187459597
1,2125,32.4664077,81.16601925,875,25.60269591,22.14570938,70.83333333,28.45113082,3.183398824,3.195439908,3.187293879,3.185048709,3.209031754,3.199218313,3.197876429,3.198492753
1,2126,32.46162126,81.15405314,874,25.66565429,13.87357831,70.86666667,29.45542781,3.190897343,3.203287809,3.198954397,3.193940731,3.195138971,3.19018033,3.196750057,3.198082977
1,2127,32.45683403,81.14208507,873,25.45830246,9.15995682,70.9,27.5241595,3.196541733,3.200441236,3.199371906,3.201846148,3.207544776,3.204744188,3.207636719,3.193218126
1,2128,32.45204601,81.13011503,872,25.7337186,31.39752752,70.93333333,26.60643313,3.195931081,3.205228773,3.205371821,3.194571035,3.204892671,3.192451743,3.203848446,3.19978963
1,2129,32.44725721,81.11814302,871,25.68584576,-33.70986312,70.96666667,26.91527625,3.188924515,3.196527409,3.217458142,3.201622243,3.2184036,3.188448588,3.206005934,3.17972531
1,2130,32.44246762,81.10616904,870,25.68618229,-13.52681874,71,28.00320947,3.199998116,3.205049739,3.206703121,3.193605842,3.208312723,3.195730282,3.198687222,3.196533422
1,2131,32.43767724,81.09419309,869,25.65261709,-20.13700163,71.03333333,26.09341892,3.190908885,3.212557757,3.200384143,3.208698547,3.20835769,3.192256478,3.209729018,3.204027314
1,2132,32.43288607,81.08221518,868,25.602354,39.04111697,71.06666667,27.09953017,3.191672785,3.203590807,3.191816257,3.212851667,3.206510294,3.199430812,3.210118429,3.187344099
1,2133,32.42809412,81.0702353,867,25.68074335,-8.848817627,71.1,27.07099004,3.19400527,3.197980642,3.217885477,3.191436137,3.186341552,3.188444916,3.207249727,3.195246462
1,2134,32.42330138,81.05825345,866,25.6710177,18.60901594,71.13333333,31.82420121,3.198727307,3.206102661,3.198735323,3.201633173,3.204281721,3.196554589,3.198669464,3.201935643
1,2135,32.41850786,81.04626964,865,25.55751511,14.77801311,71.16666667,23.00713311,3.206945434,3.193661046,3.175835393,3.205436665,3.207421727,3.201600273,3.202146346,3.195485521
1,2136,32.41371354,81.03428386,864,25.53116779,-23.033501,71.2,27.6766845,3.204001467,3.206825335,3.200451971,3.219929987,3.187490071,3.201303693,3.190605176,3.207038767
1,2137,32.40891845,81.02229612,863,25.61222276,-20.88018558,71.23333333,31.10624883,3.187348197,3.189328628,3.194934504,3.202126657,3.195236229,3.19531647,3.198552876,3.198062079
1,2138,32.40412257,81.01030642,862,25.78588242,-17.49723492,71.26666667,28.21932004,3.211899595,3.205487289,3.197403386,3.216776095,3.203933289,3.192248304,3.20205211,3.2042841
1,2139,32.3993259,80.99831475,861,25.45130715,-7.109817739,71.3,29.35615145,3.194499002,3.191579929,3.200691673,3.197118226,3.211833023,3.205929247,3.194873798,3.203407505
1,2140,32.39452845,80.98632112,860,25.42389697,-21.25399475,71.33333333,28.17968737,3.210137025,3.188849564,3.191817774,3.199910651,3.200284816,3.19958242,3.197513783,3.197391517
1,2141,32.38973021,80.97432553,859,25.6197713,-38.42788138,71.36666667,26.79879991,3.203074065,3.20907154,3.196152378,3.219507195,3.215685531,3.210634045,3.204979867,3.216063905
1,2142,32.38493119,80.96232798,858,25.60610652,30.35144454,71.4,23.96455132,3.197679077,3.193339165,3.195792224,3.191976458,3.200974411,3.202398644,3.201606719,3.199900549
1,2143,32.38013139,80.95032846,857,25.620801,37.24878651,71.43333333,28.36982024,3.201065236,3.21389059,3.204960415,3.20738007,3.201526319,3.18707529,3.18548894,3.21666248
1,2144,32.3753308,80.93832699,856,25.62927438,-12.67436904,71.46666667,26.60390811,3.195745422,3.195065989,3.201965306,3.204403224,3.205414897,3.214195348,3.212005891,3.193512534
1,2145,32.37052942,80.92632356,855,25.57321573,-12.91944965,71.5,26.55939627,3.207749877,3.196927273,3.19889993,3.191248086,3.186455417,3.199747506,3.192352145,3.207422509
1,2146,32.36572727,80.91431817,854,25.77878361,-39.43265498,71.53333333,27.10182294,3.197751374,3.202468722,3.210940206,3.188117639,3.194203061,3.201447069,3.202500199,3.20882798
1,2147,32.36092433,80.90231082,853,25.40789152,14.42005507,71.56666667,31.14075053,3.206937225,3.200775469,3.202427237,3.202648607,3.188242301,3.198748996,3.201987786,3.203668407
1,2148,32.3561206,80.89030151,852,25.50058036,26.03519166,71.6,32.32870758,3.192605092,3.189849617,3.198123739,3.215738929,3.19344602,3.209391426,3.212677917,3.200363732
1,2149,32.3513161,80.87829025,851,25.58760943,-28.27133597,71.63333333,28.39097429,3.194561217,3.204102557,3.201559922,3.193127168,3.194729577,3.203628639,3.207467523,3.197417678
1,2150,32.34651081,80.86627703,850,25.40281734,-27.22669205,71.66666667,27.163419,3.199446931,3.205349109,3.198620105,3.197605384,3.193957273,3.193818523,3.221351062,3.198430387
1,2151,32.34170474,80.85426185,849,25.57889747,23.20666,71.7,25.88099245,3.210920467,3.213471947,3.198531342,3.202947438,3.200819828,3.187102541,3.187584216,3.200390788
1,2152,32.33689789,80.84224472,848,25.79937642,9.303259868,71.73333333,28.84337229,3.196600692,3.215132643,3.198107416,3.215607432,3.196188869,3.215297603,3.204051396,3.204506335
1,2153,32.33209025,80.83022563,847,25.60250638,-36.41115539,71.76666667,31.20923008,3.195905888,3.204615337,3.213541707,3.19884138,3.197284825,3.1980259,3.212960893,3.20684281
1,2154,32.32728184,80.8182046,846,25.62768411,9.803759237,71.8,27.5547873,3.21158144,3.202508982,3.200314555,3.203391552,3.208561268,3.198023054,3.210949416,3.202926644
1,2155,32.32247264,80.8061816,845,25.44878023,-15.28658217,71.83333333,23.71780713,3.180749775,3.207067947,3.18982156,3.206873382,3.207212144,3.202639141,3.204349447,3.208790966
1,2156,32.31766266,80.79415666,844,25.52603663,-10.50198756,71.86666667,29.20608941,3.196034979,3.206347437,3.209304186,3.214080661,3.191153758,3.203268129,3.192308086,3.191968624
1,2157,32.3128519,80.78212976,843,25.55497643,21.57851346,71.9,29.77371948,3.202872222,3.200619647,3.209160012,3.197230588,3.198927589,3.201692034,3.193105369,3.194215441
1,2158,32.30804036,80.77010091,842,25.56187419,24.87481541,71.93333333,25.14547785,3.208928789,3.19560836,3.209459813,3.204858501,3.187619752,3.20424303,3.204179839,3.203383429
1,2159,32.30322804,80.75807011,841,25.75379726,-7.971469853,71.96666667,28.31767153,3.198864986,3.19247946,3.210769702,3.199187363,3.192932751,3.203659749,3.19405776,3.192407312
1,2160,32.29841494,80.74603735,840,25.66692293,35.77223488,72,28.81220683,3.196996219,3.194676818,3.192702062,3.206451294,3.199089377,3.21001824,3.193163924,3.186179512
1,2161,32.29360106,80.73400265,839,25.46662505,-7.482982564,72.03333333,27.86840686,3.201190163,3.214847831,3.204247895,3.225722994,3.202656473,3.201884418,3.182757099,3.20342358
1,2162,32.2887864,80.721966,838,25.62958057,21.74688282,72.06666667,26.57661235,3.201349342,3.19674063,3.198905769,3.199455195,3.198560567,3.21671772,3.197033104,3.20135451
1,2163,32.28397096,80.7099274,837,25.65978661,-1.289818835,72.1,29.828687,3.196768791,3.206267449,3.20141411,3.197760715,3.184592256,3.201946466,3.19752339,3.199514075
1,2164,32.27915474,80.69788686,836,25.73681788,31.80258612,72.13333333,27.27391646,3.190540336,3.211466257,3.206853945,3.211445648,3.209175834,3.204738538,3.19086174,3.214747097
1,2165,32.27433774,80.68584436,835,25.78966488,32.62089949,72.16666667,25.32666491,3.192578919,3.197852739,3.205655218,3.206052326,3.204577894,3.196797692,3.195144547,3.220276261
1,2166,32.26951997,80.67379992,834,25.4781887,-33.00665537,72.2,24.31094593,3.199685488,3.198705829,3.194291548,3.201957363,3.201584182,3.19987019,3.203053813,3.2141083
1,2167,32.26470141,80.66175353,833,25.5026971,34.9194665,72.23333333,30.26952914,3.195239578,3.20034467,3.194817212,3.202357587,3.195452244,3.195796456,3.188323813,3.200782358
1,2168,32.25988208,80.64970519,832,25.44909066,26.04278732,72.26666667,29.10999516,3.203438157,3.214883811,3.20375602,3.196402527,3.189122567,3.190229704,3.189634973,3.215024336
1,2169,32.25506197,80.63765491,831,25.57191762,23.30485715,72.3,28.15835238,3.202302484,3.19533627,3.192321123,3.193151137,3.195125605,3.210530042,3.199760452,3.188420269
1,2170,32.25024108,80.62560269,830,25.655963,-23.92709283,72.33333333,27.20750565,3.218483674,3.190878711,3.195273318,3.210481155,3.203321197,3.196240616,3.190149065,3.192266479
1,2171,32.24541941,80.61354852,829,25.71848014,24.4095367,72.36666667,27.04780285,3.192748031,3.200056254,3.201528495,3.198810763,3.199686289,3.191594214,3.202345089,3.210244149
1,2172,32.24059696,80.60149241,828,25.59088588,28.01061877,72.4,26.06367403,3.198697667,3.198541706,3.200664008,3.208945639,3.192842216,3.211606779,3.203369778,3.200229446
1,2173,32.23577374,80.58943436,827,25.5616183,-16.86797324,72.43333333,27.22337984,3.209705911,3.190543503,3.204176364,3.203442477,3.192516359,3.203685105,3.202266441,3.198570095
1,2174,32.23094974,80.57737436,826,25.61821096,36.18080627,72.46666667,24.18384301,3.20690254,3.195425966,3.20216257,3.19894661,3.195082425,3.204023077,3.198338114,3.188215948
1,2175,32.22612497,80.56531242,825,25.49978285,-36.01118829,72.5,26.67508542,3.185591471,3.20631246,3.190235199,3.202235076,3.200439615,3.197051746,3.215653348,3.201437392
1,2176,32.22129942,80.55324854,824,25.85074465,-28.00725974,72.53333333,27.44031247,3.206045068,3.20227853,3.198147685,3.19984729,3.211668342,3.208704842,3.215615891,3.201773137
1,2177,32.21647309,80.54118272,823,25.40708068,3.006491044,72.56666667,29.09778408,3.192984503,3.196475864,3.190497774,3.206136353,3.195312669,3.175557456,3.219710206,3.195435191
1,2178,32.21164598,80.52911496,822,25.62216887,6.06339769,72.6,27.92813237,3.195387273,3.213372894,3.190333988,3.209092847,3.19530046,3.189409636,3.213645742,3.207384776
1,2179,32.2068181,80.51704526,821,25.84283275,11.61200666,72.63333333,29.4308616,3.207360008,3.202941244,3.204792813,3.190142736,3.200892887,3.192569896,3.188888476,3.203287627
1,2180,32.20198945,80.50497362,820,25.60081598,-38.64246965,72.66666667,30.42844319,3.209265196,3.196933049,3.198303897,3.190894795,3.200057737,3.206080609,3.206332222,3.204361409
1,2181,32.19716002,80.49290004,819,25.57719532,36.82934197,72.7,29.90470617,3.195052551,3.194798968,3.206363236,3.206495991,3.19862404,3.196590625,3.209337977,3.197120411
1,2182,32.19232981,80.48082453,818,25.55710655,-36.43295258,72.73333333,28.84691773,3.205967458,3.198905255,3.191619738,3.212898497,3.200960511,3.194314048,3.188873555,3.189679994
1,2183,32.18749883,80.46874708,817,25.578353,-28.55504378,72.76666667,28.02135282,3.197016709,3.215401031,3.195322705,3.211579639,3.198953891,3.190550797,3.19621431,3.189752097
1,2184,32.18266707,80.45666769,816,25.76474182,-38.8788386,72.8,26.23458158,3.193152252,3.192914016,3.184769569,3.212102369,3.201688136,3.194509773,3.201774062,3.193316157
1,2185,32.17783455,80.44458636,815,25.33457657,5.348674664,72.83333333,29.33189929,3.178631504,3.223653533,3.201516799,3.195287896,3.184528682,3.188046802,3.213235935,3.212015508
1,2186,32.17300124,80.4325031,814,25.78401204,34.58135071,72.86666667,31.02354529,3.20602572,3.191079384,3.212079792,3.203598261,3.205239396,3.203569368,3.187944103,3.190414712
1,2187,32.16816716,80.42041791,813,25.42912514,13.27577329,72.9,28.61579087,3.195918255,3.205149118,3.188956543,3.198597229,3.198587124,3.206341918,3.205397372,3.191918193
1,2188,32.16333231,80.40833078,812,25.56800172,25.81259748,72.93333333,31.45106647,3.211573489,3.190694081,3.208737916,3.195598841,3.201311408,3.2018079,3.20158166,3.205395994
1,2189,32.15849669,80.39624172,811,25.54849067,-38.93750372,72.96666667,25.25397093,3.203131676,3.206269193,3.20371696,3.189884358,3.202158393,3.195489041,3.1911259,3.197681281
1,2190,32.15366029,80.38415072,810,25.67062639,3.361223878,73,25.92250591,3.201465885,3.2019974,3.208448198,3.210458473,3.202690247,3.204136851,3.200762472,3.206137804
1,2191,32.14882312,80.37205779,809,25.40822508,-3.2349618,73.03333333,29.53936271,3.203895905,3.199564095,3.217215861,3.195630533,3.211635656,3.189165657,3.206508932,3.211492547
1,2192,32.14398517,80.35996293,808,25.65546072,-0.082564462,73.06666667,28.47572238,3.184742247,3.201111605,3.205723312,3.202015709,3.203025247,3.201089785,3.191246017,3.218944365
1,2193,32.13914646,80.34786614,807,25.84291715,-34.22294517,73.1,30.36480792,3.195971697,3.20347329,3.194825283,3.181793094,3.192603897,3.188419146,3.20873254,3.195145056
1,2194,32.13430697,80.33576742,806,25.43641912,14.75482889,73.13333333,27.97215105,3.195887269,3.191485354,3.200752283,3.194268332,3.207938838,3.202416315,3.195425394,3.206801864
1,2195,32.12946671,80.32366677,805,25.62276474,0.257633189,73.16666667,26.43764424,3.200063524,3.200171975,3.188298921,3.199431311,3.202572357,3.210668535,3.193984851,3.218224869
1,2196,32.12462567,80.31156419,804,25.52056214,21.21190799,73.2,27.61553216,3.204454947,3.187844705,3.193238415,3.211367993,3.209945833,3.200144748,3.201199342,3.190683118
1,2197,32.11978387,80.29945967,803,25.65110646,-1.176749275,73.23333333,25.24116885,3.210571542,3.192097863,3.206757929,3.210816339,3.200385244,3.207740891,3.214781118,3.20214375
1,2198,32.11494129,80.28735324,802,25.60229773,-28.0494691,73.26666667,25.96853679,3.198597585,3.199465177,3.194056097,3.19387533,3.203539254,3.198688401,3.202620553,3.188080511
1,2199,32.11009795,80.27524487,801,25.52302157,11.86055633,73.3,29.7503992,3.199259049,3.208240943,3.191048606,3.200132211,3.185163126,3.189556304,3.206461287,3.197525726
1,2200,32.10525383,80.26313457,800,25.65854467,-26.20909103,73.33333333,29.57101735,3.214576583,3.203459545,3.204244765,3.191388144,3.196919157,3.194138911,3.191476466,3.205311145
1,2201,32.10040894,80.25102235,799,25.81652177,29.79156507,73.36666667,28.65340771,3.206916127,3.203191498,3.193375462,3.20264584,3.184698573,3.210584074,3.189614799,3.191036328
1,2202,32.09556328,80.2389082,798,25.57709154,9.049299126,73.4,24.90206046,3.200922338,3.201633276,3.199418011,3.191118976,3.209066784,3.186512406,3.188133848,3.199144138
1,2203,32.09071685,80.22679213,797,25.68637095,-27.42368932,73.43333333,27.35487356,3.189886128,3.209781002,3.190574283,3.212456217,3.208280977,3.209880446,3.215096848,3.200649823
1,2204,32.08586965,80.21467413,796,25.44480725,36.9870446,73.46666667,25.7950002,3.191896203,3.199175937,3.195466675,3.19432647,3.201206827,3.197506366,3.193982323,3.198036781
1,2205,32.08102168,80.20255421,795,25.48522763,1.469237067,73.5,30.11775986,3.204391828,3.207651338,3.187176609,3.197574391,3.198869254,3.19053984,3.199042354,3.201183965
1,2206,32.07617294,80.19043236,794,25.65668875,-34.16812385,73.53333333,26.94930016,3.204150676,3.200617264,3.192952405,3.21609624,3.206633014,3.204421758,3.20803865,3.201956873
1,2207,32.07132344,80.17830859,793,25.77809392,10.14663235,73.56666667,26.04565412,3.210290407,3.200454976,3.20001398,3.205081828,3.21261086,3.212096389,3.204742781,3.204132895
1,2208,32.06647316,80.1661829,792,25.6426736,-19.74408744,73.6,28.0536331,3.205568339,3.207884967,3.210389856,3.198107327,3.21054449,3.202743961,3.205207453,3.211055595
1,2209,32.06162211,80.15405528,791,25.56243304,24.29547615,73.63333333,26.84772198,3.205976498,3.207327965,3.196884652,3.211986492,3.205565494,3.201008526,3.208808595,3.220702644
1,2210,32.0567703,80.14192574,790,25.59991497,25.42576589,73.66666667,30.67073904,3.190648604,3.193570139,3.221482442,3.203413559,3.201526957,3.199076914,3.209667488,3.220889978
1,2211,32.05191771,80.12979429,789,25.44995107,38.31578847,73.7,26.67734038,3.194678492,3.199224986,3.197194183,3.20586292,3.209779148,3.212967462,3.206133746,3.220154662
1,2212,32.04706436,80.11766091,788,25.67254184,0.149562482,73.73333333,25.48138913,3.195401976,3.193323676,3.211754754,3.200982659,3.188992477,3.197471496,3.202045269,3.194830014
1,2213,32.04221024,80.10552561,787,25.70587997,-3.603449622,73.76666667,24.12475567,3.191882715,3.198338967,3.191483733,3.205081048,3.184449561,3.200723399,3.204156079,3.19927567
1,2214,32.03735536,80.09338839,786,25.54574916,20.27804844,73.8,27.9445843,3.208745783,3.18903551,3.194391284,3.197359723,3.205701797,3.201748061,3.217146928,3.193553713
1,2215,32.0324997,80.08124925,785,25.54359494,-29.40234749,73.83333333,26.9885258,3.188840089,3.214312712,3.188553131,3.205464502,3.19217064,3.183445453,3.19700173,3.207196
1,2216,32.02764328,80.0691082,784,25.63190539,3.753241103,73.86666667,25.42797171,3.190225831,3.204608758,3.206102908,3.189826479,3.19817791,3.212616599,3.205204741,3.19790806
1,2217,32.02278609,80.05696522,783,25.54759363,3.69980801,73.9,30.14060763,3.203322364,3.194517894,3.208909565,3.208906081,3.200967247,3.201845649,3.192009625,3.189183709
1,2218,32.01792813,80.04482033,782,25.59206409,-32.84215018,73.93333333,29.20104127,3.196987162,3.199300786,3.20850102,3.207379422,3.201478663,3.209524312,3.192452111,3.208618695
1,2219,32.01306941,80.03267353,781,25.85196661,-6.561273159,73.96666667,27.94920782,3.19367657,3.209917556,3.199893228,3.184013707,3.205841257,3.206476366,3.19634736,3.197029923
1,2220,32.00820992,80.0205248,780,25.57035692,28.26278389,74,30.45578724,3.198723638,3.184598785,3.181082175,3.210413005,3.193407459,3.214842113,3.210963214,3.212537563
1,2221,32.00334967,80.00837417,779,25.55699918,28.49228976,74.03333333,29.19256486,3.194797608,3.187132791,3.191304942,3.196428362,3.181014162,3.196196594,3.198386576,3.189644632
1,2222,31.99848864,79.99622161,778,25.52229498,-32.06098681,74.06666667,26.51885938,3.191676119,3.198235212,3.202850292,3.192873419,3.202338021,3.201094768,3.200375087,3.194783887
1,2223,31.99362686,79.98406714,777,25.68930304,-32.74232938,74.1,26.1294037,3.189332963,3.213571616,3.205042447,3.208045853,3.199330963,3.198687796,3.203925277,3.185322493
1,2224,31.98876431,79.97191076,776,25.5782531,-18.98436184,74.13333333,29.47236678,3.191082852,3.193617801,3.196363469,3.192962435,3.202662457,3.200651578,3.211142918,3.219790073
1,2225,31.98390099,79.95975247,775,25.52207524,29.981285,74.16666667,28.71346052,3.189897198,3.201178442,3.201164207,3.199886415,3.191321403,3.19266242,3.201923245,3.192437199
1,2226,31.9790369,79.94759226,774,25.75855648,-29.68779319,74.2,28.30554598,3.201274176,3.198032402,3.201133263,3.192373596,3.201259754,3.192952379,3.201285565,3.210715169
1,2227,31.97417206,79.93543014,773,25.77035236,17.59974421,74.23333333,26.47630395,3.202087871,3.202574963,3.206537652,3.188771533,3.213751373,3.19155528,3.207037288,3.20597528
1,2228,31.96930644,79.92326611,772,25.52794917,-31.90675043,74.26666667,29.09430562,3.192782669,3.208071089,3.203982502,3.215119829,3.20154703,3.199131653,3.1958819,3.186053158
1,2229,31.96444007,79.91110017,771,25.37601521,9.8510283,74.3,26.64010201,3.197454179,3.197792813,3.202096465,3.188615175,3.198087902,3.204610011,3.205404077,3.185121479
1,2230,31.95957293,79.89893231,770,25.72090164,-11.51461607,74.33333333,27.81642402,3.205651253,3.198027409,3.198519913,3.181083877,3.211948569,3.201414391,3.187748317,3.203001613
1,2231,31.95470502,79.88676255,769,25.51784442,23.11311704,74.36666667,30.60449946,3.202755828,3.209780353,3.19752249,3.200095969,3.194857538,3.204783589,3.193732077,3.192856076
1,2232,31.94983635,79.87459088,768,25.69487507,-21.30476409,74.4,26.81049838,3.19945762,3.19019309,3.21281705,3.215418134,3.196371279,3.18890724,3.202692736,3.19614318
1,2233,31.94496692,79.8624173,767,25.36358754,11.13614635,74.43333333,25.16861934,3.209397449,3.193702827,3.204356106,3.200911949,3.194589908,3.201920399,3.20702826,3.200694788
1,2234,31.94009672,79.85024181,766,25.70711168,-21.14539723,74.46666667,26.10541505,3.200778277,3.193017733,3.209153638,3.208356373,3.196715526,3.199005692,3.211313765,3.190931433
1,2235,31.93522577,79.83806441,765,25.45465937,17.09282265,74.5,29.78973789,3.204834307,3.19553109,3.214224623,3.200507574,3.210083028,3.193909381,3.190011771,3.198125924
1,2236,31.93035404,79.82588511,764,25.68769169,29.89424276,74.53333333,28.45851605,3.202101468,3.195914147,3.206066459,3.198320371,3.183348503,3.204422496,3.192939704,3.197107221
1,2237,31.92548156,79.8137039,763,25.60171277,-29.85585607,74.56666667,27.76802072,3.21242505,3.214182494,3.195396053,3.204622293,3.195581804,3.197705016,3.195153797,3.186205251
1,2238,31.92060831,79.80152078,762,25.48552727,29.32765509,74.6,27.08363115,3.200760442,3.202305323,3.194631986,3.208702334,3.196511358,3.194902305,3.204212025,3.187658544
1,2239,31.9157343,79.78933576,761,25.55115564,7.486020353,74.63333333,28.87364783,3.207253432,3.196782647,3.207914289,3.210305044,3.205121228,3.193504214,3.189993346,3.188527419
1,2240,31.91085953,79.77714883,760,25.68235821,-29.83116073,74.66666667,26.47161127,3.208823286,3.198921599,3.195206226,3.198943343,3.20864497,3.206229918,3.203508049,3.205103088
1,2241,31.905984,79.76496,759,25.61270733,-5.796651571,74.7,28.55019802,3.201441379,3.202416904,3.201768202,3.19999951,3.206026991,3.202890257,3.19295428,3.204230995
1,2242,31.90110771,79.75276927,758,25.67012956,-27.13117652,74.73333333,26.68374178,3.201977977,3.204891308,3.199166345,3.206493923,3.199508732,3.205791037,3.196348228,3.196901968
1,2243,31.89623065,79.74057663,757,25.83717287,16.02783111,74.76666667,26.38421311,3.20481642,3.197345813,3.217646262,3.20453156,3.200199388,3.206559206,3.196154557,3.207384119
1,2244,31.89135284,79.72838209,756,25.41229101,20.70945075,74.8,26.85252262,3.207161882,3.210028272,3.196473524,3.190218134,3.195118763,3.197746956,3.213337693,3.217560096
1,2245,31.88647426,79.71618565,755,25.79406551,-31.53627838,74.83333333,27.3242666,3.202757298,3.200075125,3.197200737,3.206597523,3.217508651,3.214286807,3.209103813,3.20898642
1,2246,31.88159492,79.7039873,754,25.61252271,0.491188216,74.86666667,27.9121063,3.206658479,3.199621675,3.194107614,3.199833487,3.203378717,3.188370929,3.198776394,3.193392541
1,2247,31.87671482,79.69178706,753,25.49214591,25.17000448,74.9,28.42382043,3.208110729,3.195602333,3.202625763,3.194399838,3.212781595,3.186393945,3.203806723,3.189781939
1,2248,31.87183396,79.67958491,752,25.44036236,34.89304332,74.93333333,21.36094248,3.195925339,3.201649494,3.202042856,3.201834135,3.201213993,3.194865246,3.198687573,3.200253072
1,2249,31.86695235,79.66738086,751,25.57730555,1.081429339,74.96666667,26.546229,3.201562883,3.199474556,3.205836723,3.200747096,3.201610608,3.196938781,3.191580465,3.201232231
1,2250,31.86206997,79.65517492,750,25.71059801,36.02233789,75,27.29517404,3.209659568,3.20355089,3.193460048,3.20651792,3.197319063,3.205717232,3.197049633,3.202826452
1,2251,31.85718683,79.64296707,749,25.58469411,2.855117636,75.03333333,30.70911167,3.195852021,3.19605558,3.187469877,3.204096599,3.202961357,3.203411542,3.202202644,3.193902
1,2252,31.85230293,79.63075733,748,25.78133859,-8.464760432,75.06666667,26.0559953,3.207727194,3.207942234,3.1936941,3.204256992,3.206999929,3.196239214,3.197631714,3.204272907
1,2253,31.84741828,79.61854569,747,25.42585892,27.85625028,75.1,28.29303391,3.187917362,3.191291862,3.1920818,3.185629469,3.208679518,3.184094945,3.202744885,3.206493467
1,2254,31.84253286,79.60633215,746,25.59854933,-0.561383163,75.13333333,30.69105456,3.197651232,3.194653059,3.20186274,3.200014664,3.208028039,3.178971831,3.19265034,3.204492615
1,2255,31.83764669,79.59411672,745,25.44971279,-2.247799155,75.16666667,25.63665665,3.20040358,3.206016273,3.20209616,3.198922103,3.197581692,3.21860044,3.21227957,3.203964041
1,2256,31.83275976,79.58189939,744,25.64363583,-0.775000847,75.2,28.70915541,3.200627711,3.20430506,3.206614678,3.203350613,3.193988959,3.214276086,3.201969666,3.21611144
1,2257,31.82787206,79.56968016,743,25.70642649,27.74280015,75.23333333,26.5559107,3.20149718,3.198034773,3.211073121,3.202409496,3.201067381,3.190397086,3.205281742,3.196053517
1,2258,31.82298362,79.55745904,742,25.54950858,26.55532334,75.26666667,27.09165926,3.19641767,3.196075609,3.203512271,3.18771699,3.198313237,3.207842232,3.190034649,3.201383032
1,2259,31.81809441,79.54523603,741,25.28749434,-7.718400605,75.3,26.5544005,3.194948805,3.196770455,3.213241218,3.186796087,3.206125043,3.196176574,3.195778688,3.191107501
1,2260,31.81320445,79.53301112,740,25.62387378,-13.33601121,75.33333333,26.68265684,3.206031197,3.198468763,3.197458645,3.200878695,3.198637703,3.183994497,3.196073407,3.207163527
1,2261,31.80831373,79.52078431,739,25.65240863,-0.645758077,75.36666667,32.89944187,3.187947068,3.191280497,3.196585669,3.194195013,3.199776916,3.191255386,3.196897164,3.199616044
1,2262,31.80342225,79.50855562,738,25.64851537,5.821800779,75.4,29.52002057,3.205191523,3.209958315,3.197907623,3.215104482,3.198528763,3.206631001,3.215452062,3.201114467
1,2263,31.79853001,79.49632503,737,25.74829386,-20.93302315,75.43333333,29.98312815,3.189011787,3.200727231,3.195106857,3.197804544,3.215879815,3.190217893,3.202403735,3.19297823
1,2264,31.79363702,79.48409255,736,25.47147356,23.51640678,75.46666667,28.88558828,3.197538736,3.205958739,3.202545312,3.198199742,3.194801597,3.202528626,3.213661494,3.192789184
1,2265,31.78874327,79.47185818,735,25.68162593,-1.081378741,75.5,25.10873778,3.215293311,3.20959598,3.210954827,3.202467459,3.209369038,3.19192935,3.194655649,3.206126511
1,2266,31.78384877,79.45962192,734,25.7431009,-13.27635613,75.53333333,28.71092435,3.20236676,3.198812966,3.179979129,3.196516208,3.19060757,3.203948274,3.198470652,3.194973596
1,2267,31.77895351,79.44738377,733,25.38656949,-31.45432056,75.56666667,29.93127331,3.221143284,3.208305396,3.208446977,3.217617721,3.206417534,3.193832368,3.192896829,3.207719222
1,2268,31.77405749,79.43514372,732,25.63835822,-20.89238717,75.6,26.46388095,3.183525166,3.199377763,3.182631005,3.200790748,3.206832562,3.202235324,3.207504875,3.215718616
1,2269,31.76916072,79.42290179,731,25.53949842,35.94249374,75.63333333,29.737588,3.198851693,3.222461206,3.20170136,3.207593321,3.195111498,3.212954512,3.208333682,3.21177161
1,2270,31.76426319,79.41065798,730,25.59021728,-15.59202505,75.66666667,29.26780518,3.200436035,3.189956659,3.20368318,3.186423841,3.197310514,3.201528643,3.219017794,3.202548389
1,2271,31.75936491,79.39841227,729,25.64172118,-26.49125685,75.7,31.33367208,3.2011163,3.199495741,3.189263273,3.200686607,3.200823061,3.192251132,3.190506035,3.196147435
1,2272,31.75446587,79.38616467,728,25.54153257,-3.146176668,75.73333333,27.24799058,3.200519464,3.196339567,3.191592996,3.202314178,3.204310935,3.200970382,3.195496138,3.204758728
1,2273,31.74956608,79.37391519,727,25.51891503,-15.43298053,75.76666667,26.02430023,3.198475702,3.19048733,3.208289955,3.202828064,3.199045678,3.187431582,3.194041118,3.216148526
1,2274,31.74466553,79.36166383,726,25.60409829,-37.18725998,75.8,27.3490694,3.187933264,3.197989206,3.199869314,3.202563814,3.188022633,3.20139341,3.186511156,3.20077943
1,2275,31.73976423,79.34941057,725,25.46953049,-14.14838262,75.83333333,30.58402779,3.194780817,3.193073046,3.206678537,3.19811515,3.203789686,3.204054615,3.210159628,3.190333938
1,2276,31.73486217,79.33715543,724,25.46970098,3.528689915,75.86666667,24.70886941,3.207352125,3.200131693,3.196975003,3.190805996,3.204852727,3.192622204,3.204142453,3.215422646
1,2277,31.72995936,79.32489841,723,25.68152479,4.136989762,75.9,24.27692371,3.207839816,3.211131475,3.194247962,3.206101864,3.19084628,3.198132137,3.213930176,3.195137262
1,2278,31.7250558,79.3126395,722,25.46214472,-11.47528631,75.93333333,28.1609115,3.208890849,3.208125174,3.20859793,3.189863984,3.204201608,3.198747211,3.208707975,3.186759997
1,2279,31.72015148,79.30037871,721,25.6799575,-4.2157795,75.96666667,27.20333927,3.202942303,3.201811002,3.184079066,3.192916637,3.185358782,3.194189158,3.204393737,3.201562925
1,2280,31.71524642,79.28811604,720,25.65551096,37.24143346,76,28.01391021,3.201355201,3.191682015,3.208963604,3.199849443,3.20026963,3.207523197,3.192069234,3.201828382
1,2281,31.71034059,79.27585148,719,25.39290319,-9.812121822,76.03333333,29.70156119,3.2033877,3.195635455,3.205218987,3.203816985,3.199190586,3.198942793,3.204188381,3.206307768
1,2282,31.70543402,79.26358504,718,25.51869224,-19.34185494,76.06666667,27.00537518,3.200503199,3.208961516,3.205268208,3.185692288,3.188760826,3.209457882,3.198025815,3.201313407
1,2283,31.70052669,79.25131672,717,25.74329313,-20.52263647,76.1,24.6285895,3.209114324,3.19994871,3.200298141,3.193050166,3.202959956,3.204692098,3.195376945,3.192623829
1,2284,31.69561861,79.23904652,716,25.48226014,-3.378830984,76.13333333,31.6800668,3.221010314,3.199256732,3.194530461,3.205652692,3.199593648,3.191313869,3.203864429,3.193175032
1,2285,31.69070978,79.22677444,715,25.54427149,20.7616119,76.16666667,26.20498908,3.212611664,3.203956037,3.197784957,3.200874776,3.207226305,3.20148769,3.216976876,3.20908694
1,2286,31.68580019,79.21450048,714,25.65544731,-23.52094526,76.2,26.09373318,3.203900859,3.192504113,3.198824895,3.203831,3.193417109,3.210347415,3.192206741,3.194902194
1,2287,31.68088985,79.20222464,713,25.69400686,16.74369017,76.23333333,29.98669602,3.195501607,3.205950596,3.193560509,3.185600187,3.208704311,3.19644491,3.191451939,3.193961132
1,2288,31.67597877,79.18994692,712,25.56981533,-38.30801413,76.26666667,27.30791958,3.213734102,3.19474365,3.199013055,3.196424653,3.1901387,3.194058252,3.189591133,3.20764705
1,2289,31.67106693,79.17766732,711,25.52829878,-6.485361761,76.3,27.88589827,3.200807033,3.219861422,3.194328714,3.193129118,3.212270078,3.208463816,3.20307812,3.191090468
1,2290,31.66615434,79.16538584,710,25.77068438,22.06920522,76.33333333,28.86902222,3.21395997,3.199423175,3.196554599,3.209143678,3.199821639,3.190674639,3.200322421,3.19374921
1,2291,31.661241,79.15310249,709,25.80866796,-12.90136354,76.36666667,29.95044959,3.175925271,3.192946318,3.195778115,3.190754839,3.204601972,3.193780418,3.20382741,3.190133442
1,2292,31.6563269,79.14081726,708,25.71746297,5.098968116,76.4,27.39977075,3.207273751,3.18978814,3.181267757,3.209898101,3.19315285,3.214055432,3.204516735,3.206322107
1,2293,31.65141206,79.12853016,707,25.61023818,-23.60166137,76.43333333,30.73591361,3.20836378,3.200901435,3.200992443,3.21025072,3.200890868,3.194174585,3.204686068,3.183090853
1,2294,31.64649647,79.11624117,706,25.50300811,19.35963129,76.46666667,24.15556027,3.21055647,3.210723513,3.209585333,3.209278176,3.199326597,3.199146541,3.190162879,3.21398433
1,2295,31.64158013,79.10395032,705,25.50034667,-35.81767174,76.5,29.36761703,3.196119855,3.202719082,3.202032362,3.189276647,3.1860426,3.200044693,3.196369951,3.199284505
1,2296,31.63666303,79.09165759,704,25.66270169,28.20341159,76.53333333,26.4888504,3.208523325,3.201799553,3.20606818,3.203562625,3.197469326,3.191985575,3.202117743,3.200671141
1,2297,31.63174519,79.07936298,703,25.65020779,-24.14428909,76.56666667,30.47008837,3.207321251,3.198792799,3.197621268,3.198164005,3.192650187,3.21157528,3.20911703,3.190295761
1,2298,31.6268266,79.0670665,702,25.76819183,29.95184254,76.6,28.25568006,3.206431585,3.185239959,3.207882314,3.194429196,3.202879204,3.184563922,3.190410366,3.203749624
1,2299,31.62190726,79.05476815,701,25.67805401,-11.7976607,76.63333333,26.7887704,3.194392735,3.193280297,3.211166894,3.217687674,3.207496111,3.191264955,3.214108155,3.187508542
1,2300,31.61698717,79.04246793,700,25.41963036,17.81468596,76.66666667,29.19311397,3.197564068,3.200438222,3.215392303,3.207301273,3.196289938,3.19244035,3.208017541,3.195733128
1,2301,31.61206633,79.03016583,699,25.72623371,-14.46197618,76.7,29.60773902,3.201733921,3.189041788,3.204554063,3.203909561,3.19006704,3.208252985,3.204437966,3.205920194
1,2302,31.60714475,79.01786186,698,25.48023272,32.4729337,76.73333333,29.15540942,3.19697057,3.201431651,3.200507031,3.198814637,3.201364026,3.210051544,3.208599605,3.190545115
1,2303,31.60222241,79.00555603,697,25.55392345,-29.86902996,76.76666667,26.14654677,3.207883215,3.209529147,3.198790579,3.204067577,3.203952013,3.193200267,3.19694435,3.206006482
1,2304,31.59729933,78.99324832,696,25.63002402,-25.71841686,76.8,27.12876918,3.196033422,3.207803996,3.21043978,3.209149375,3.215838437,3.199274142,3.201417609,3.202565304
1,2305,31.5923755,78.98093874,695,25.8394801,-0.557589987,76.83333333,27.99266889,3.199516817,3.204337432,3.186310368,3.201639243,3.188980507,3.192299014,3.205863118,3.19840707
1,2306,31.58745092,78.96862729,694,25.97319023,-33.44492488,76.86666667,27.92573263,3.205580916,3.198233787,3.208851251,3.198087354,3.184360652,3.201803141,3.182649121,3.188378233
1,2307,31.58252559,78.95631397,693,25.67280677,-24.32158522,76.9,29.34954186,3.192936428,3.191938324,3.195639594,3.191663457,3.188752379,3.212334686,3.194574844,3.182153859
1,2308,31.57759952,78.94399879,692,25.57801641,35.50131058,76.93333333,24.37317778,3.197112653,3.191002152,3.192920259,3.20568274,3.196414739,3.190779227,3.203570028,3.209199527
1,2309,31.57267269,78.93168174,691,25.66414068,38.11917289,76.96666667,28.6017887,3.204294977,3.180371555,3.191080084,3.200379588,3.198045605,3.197381799,3.192137946,3.188755327
1,2310,31.56774513,78.91936282,690,25.70651865,-9.899253654,77,27.47803356,3.216062254,3.200216888,3.205136974,3.200050009,3.20037079,3.199503173,3.191036433,3.187884084
1,2311,31.56281681,78.90704203,689,25.56151988,33.86288168,77.03333333,26.49069889,3.203089803,3.201502739,3.207506247,3.205882887,3.193531902,3.20906073,3.206120218,3.205526733
1,2312,31.55788775,78.89471938,688,25.81542536,3.585974054,77.06666667,26.6635238,3.217994614,3.21635167,3.20551931,3.204521578,3.208653241,3.19532837,3.195441366,3.205387371
1,2313,31.55295794,78.88239486,687,25.62760849,-18.42060273,77.1,27.6138322,3.193148191,3.204742156,3.201254657,3.193150479,3.200206932,3.210440653,3.200658964,3.200692381
1,2314,31.54802739,78.87006848,686,25.65972917,16.19189769,77.13333333,21.51804681,3.202631882,3.203673508,3.197353276,3.202802088,3.191607437,3.193607432,3.194630807,3.203758102
1,2315,31.54309609,78.85774023,685,25.67991091,12.71214453,77.16666667,26.73767877,3.201281863,3.198925123,3.20552616,3.203030897,3.197680186,3.191718153,3.19344233,3.188265524
1,2316,31.53816405,78.84541012,684,25.65059039,39.13002553,77.2,26.42353332,3.201124556,3.19310289,3.196037416,3.198979275,3.208351962,3.207430325,3.199562332,3.210124028
1,2317,31.53323126,78.83307814,683,25.70067286,-18.79621701,77.23333333,28.95900978,3.183901212,3.215017764,3.205539998,3.200822426,3.192869123,3.196495461,3.204874807,3.205056635
1,2318,31.52829772,78.82074431,682,25.52592962,13.76476021,77.26666667,26.55005197,3.205347147,3.194172026,3.192561218,3.201561642,3.206158832,3.200025479,3.211851874,3.2002651
1,2319,31.52336344,78.80840861,681,25.53300379,-35.8380996,77.3,27.61279516,3.199994331,3.20536448,3.209753841,3.189205958,3.191055906,3.197493908,3.225271534,3.197908251
1,2320,31.51842842,78.79607104,680,25.46798149,-30.9083169,77.33333333,30.77609793,3.199025736,3.204946815,3.207815431,3.201358281,3.20931478,3.190448231,3.193871293,3.209299896
1,2321,31.51349265,78.78373162,679,25.65274015,-39.68653,77.36666667,29.78983274,3.200087545,3.189900395,3.189419697,3.193512474,3.200017004,3.203739037,3.19736752,3.203079994
1,2322,31.50855613,78.77139034,678,25.69347238,39.95685448,77.4,29.62408852,3.196503468,3.209791362,3.220414721,3.196859098,3.203839462,3.203187287,3.201109563,3.205226008
1,2323,31.50361888,78.75904719,677,25.65493274,24.18189577,77.43333333,27.10022963,3.20383057,3.196231571,3.210532366,3.20161333,3.196921597,3.21954562,3.199070293,3.202039551
1,2324,31.49868087,78.74670219,676,25.80093909,22.93784118,77.46666667,28.9774581,3.201403523,3.198960843,3.203589318,3.193240001,3.204772347,3.185933168,3.189615442,3.214605796
1,2325,31.49374213,78.73435532,675,25.59932848,0.778086023,77.5,27.57898396,3.18995056,3.184320329,3.190148671,3.213920458,3.185665106,3.192353487,3.18833446,3.197806966
1,2326,31.48880264,78.7220066,674,25.680249,-15.99463337,77.53333333,27.64703222,3.196511833,3.196153948,3.21484907,3.190407397,3.199182498,3.20270881,3.192158326,3.20389272
1,2327,31.48386241,78.70965602,673,25.46899589,-27.89885724,77.56666667,28.73743362,3.196801516,3.202994473,3.199136006,3.18359575,3.21044879,3.216563667,3.198585967,3.192816384
1,2328,31.47892143,78.69730358,672,25.55354804,-17.22602089,77.6,26.92541154,3.212048102,3.215123063,3.198649637,3.198250555,3.199360711,3.186603609,3.197670993,3.213719535
1,2329,31.47397971,78.68494928,671,25.68346453,-9.922302246,77.63333333,30.68740559,3.198650491,3.191679724,3.203973485,3.19466241,3.199468383,3.18984921,3.191707007,3.205901274
1,2330,31.46903725,78.67259313,670,25.70189225,20.50480776,77.66666667,27.71176575,3.200926934,3.193791541,3.200956281,3.195142826,3.193729919,3.209312275,3.20626302,3.199829817
1,2331,31.46409405,78.66023512,669,25.56472397,3.172943112,77.7,29.11304902,3.201154699,3.199932816,3.203896074,3.193603987,3.206900038,3.202828527,3.197895549,3.196097776
1,2332,31.4591501,78.64787525,668,25.59140809,-33.80130988,77.73333333,30.62008086,3.206729048,3.198796109,3.194408855,3.196923442,3.206153637,3.187115574,3.197156729,3.208564661
1,2333,31.45420541,78.63551353,667,25.41785515,-38.55767928,77.76666667,29.85697679,3.198654266,3.202182534,3.208694152,3.207138637,3.19647953,3.198956852,3.207238111,3.207515756
1,2334,31.44925998,78.62314996,666,25.5571565,-31.81342564,77.8,25.46394562,3.199295599,3.199571635,3.20214147,3.210935206,3.208540529,3.205547094,3.191370646,3.197801333
1,2335,31.44431381,78.61078453,665,25.70684598,-7.160102904,77.83333333,28.80081261,3.198221707,3.21134788,3.198089085,3.210027543,3.195434411,3.196072928,3.203851633,3.212545174
1,2336,31.4393669,78.59841725,664,25.6690246,34.65543336,77.86666667,29.53129491,3.198305783,3.179497857,3.187486533,3.202383692,3.188201632,3.193075497,3.200098736,3.180405062
1,2337,31.43441924,78.58604811,663,25.66007989,10.9921985,77.9,29.60535344,3.196962194,3.190681532,3.188006562,3.193582524,3.191446329,3.203755842,3.209572214,3.197084585
1,2338,31.42947085,78.57367712,662,25.60597284,24.14607199,77.93333333,25.9960693,3.195230994,3.19668636,3.191134503,3.189690065,3.186835564,3.189363832,3.213055928,3.194476632
1,2339,31.42452171,78.56130428,661,25.60084758,-2.69003244,77.96666667,26.81733657,3.176466972,3.195303544,3.187276684,3.20047588,3.199613171,3.200447085,3.199674191,3.197018318
1,2340,31.41957184,78.54892959,660,25.52076146,-11.06671334,78,29.79020482,3.188352831,3.199402767,3.208151397,3.214509385,3.198096069,3.19896312,3.204003417,3.211945932
1,2341,31.41462122,78.53655305,659,25.68385941,-31.32797018,78.03333333,26.62883133,3.196109627,3.205541211,3.193417446,3.202638792,3.207764833,3.189673115,3.195798842,3.207638265
1,2342,31.40966986,78.52417466,658,25.65051675,30.07464177,78.06666667,27.4605471,3.20492929,3.208287569,3.206787517,3.197271172,3.217593521,3.20109528,3.175554328,3.197741229
1,2343,31.40471776,78.51179441,657,25.65904226,22.65280232,78.1,30.83657646,3.19624663,3.206361993,3.196390517,3.20879176,3.204464795,3.191999276,3.198877013,3.193795732
1,2344,31.39976493,78.49941232,656,25.53687582,-26.55055219,78.13333333,27.91396135,3.201478069,3.193748073,3.200595482,3.197821554,3.198782214,3.216407523,3.197116118,3.184524535
1,2345,31.39481135,78.48702838,655,25.34159885,0.98084511,78.16666667,26.69180655,3.208126609,3.208063647,3.184168479,3.194392803,3.203486484,3.204193626,3.19996221,3.200142603
1,2346,31.38985703,78.47464259,654,25.73165833,-1.010015366,78.2,26.42028876,3.192491297,3.18080121,3.216396059,3.192250662,3.201412046,3.198729216,3.20717758,3.200919178
1,2347,31.38490198,78.46225495,653,25.54253951,10.00732421,78.23333333,28.59889479,3.201227528,3.178925454,3.193333287,3.205957064,3.205237346,3.192386777,3.187375771,3.201012634
1,2348,31.37994618,78.44986546,652,25.49646691,35.69495152,78.26666667,25.60033358,3.176745808,3.190810606,3.214081289,3.211560539,3.203897995,3.202458691,3.184398634,3.194074662
1,2349,31.37498965,78.43747413,651,25.68321747,6.381715341,78.3,27.55479526,3.197638651,3.19424469,3.197198053,3.210393795,3.195665416,3.197272487,3.20591625,3.188644194
1,2350,31.37003238,78.42508095,650,25.55295848,3.217381342,78.33333333,28.59981496,3.193278363,3.194098219,3.200444737,3.197240303,3.197493273,3.194681168,3.191433358,3.204873143
1,2351,31.36507437,78.41268592,649,25.72719237,-35.97416537,78.36666667,30.33846968,3.197297567,3.204952152,3.191106981,3.194678063,3.198230536,3.198977064,3.20603495,3.196555926
1,2352,31.36011562,78.40028905,648,25.67404071,-34.96740192,78.4,29.20158654,3.205973938,3.202999552,3.199145179,3.19238961,3.206055002,3.1925893,3.199829757,3.199568476
1,2353,31.35515614,78.38789034,647,25.68202832,-25.01225669,78.43333333,26.71468279,3.198343239,3.196885442,3.193423386,3.187064509,3.211230438,3.196066212,3.198975103,3.198926181
1,2354,31.35019591,78.37548978,646,25.43608531,-37.40233826,78.46666667,30.12115477,3.208764835,3.215465554,3.201278779,3.198743979,3.191012344,3.188451292,3.185808201,3.19363324
1,2355,31.34523495,78.36308737,645,25.74543328,19.46823165,78.5,27.46087293,3.183273162,3.20863064,3.20338477,3.197986876,3.208875072,3.191430751,3.193440152,3.184529654
1,2356,31.34027325,78.35068313,644,25.63135006,17.86642432,78.53333333,25.77573456,3.20619483,3.19351727,3.200125565,3.208020611,3.210966806,3.199766829,3.203073899,3.192769198
1,2357,31.33531081,78.33827704,643,25.55568674,-29.11550125,78.56666667,27.69032555,3.213466987,3.198670796,3.20064228,3.196745175,3.209593992,3.201596751,3.206087477,3.202831665
1,2358,31.33034764,78.3258691,642,25.61720662,26.88631206,78.6,30.58870456,3.198236725,3.207435748,3.20276253,3.192312168,3.192086309,3.201190614,3.207259663,3.213115364
1,2359,31.32538373,78.31345933,641,25.38685177,-27.61711721,78.63333333,28.29743209,3.185782292,3.200205279,3.203917181,3.202365353,3.208074617,3.205244272,3.192115999,3.191881666
1,2360,31.32041909,78.30104771,640,25.64903834,-15.90595304,78.66666667,28.02253936,3.202499639,3.207924043,3.20114734,3.187376535,3.191622629,3.205532127,3.197210839,3.200943658
1,2361,31.3154537,78.28863426,639,25.47647542,-20.08184807,78.7,30.94698096,3.208523344,3.190382328,3.196686059,3.195817017,3.20284322,3.206183105,3.18815786,3.199955709
1,2362,31.31048758,78.27621896,638,25.43767957,-10.21543211,78.73333333,25.42356128,3.206954633,3.185161708,3.19948486,3.190273724,3.194867465,3.179959723,3.211141873,3.197153367
1,2363,31.30552073,78.26380182,637,25.4173169,-19.62689873,78.76666667,25.68592159,3.193542465,3.202626136,3.191661518,3.190902044,3.212082633,3.214469304,3.195263491,3.208538838
1,2364,31.30055314,78.25138285,636,25.7335226,-0.883925885,78.8,25.09147635,3.202848324,3.18868935,3.192574945,3.212408798,3.18858564,3.218247995,3.195429103,3.212646519
1,2365,31.29558481,78.23896203,635,25.52448839,-7.407369492,78.83333333,28.67076674,3.19755549,3.206399229,3.211160265,3.211119631,3.195325076,3.193140895,3.199350304,3.189596163
1,2366,31.29061575,78.22653938,634,25.78404733,38.92555926,78.86666667,28.29968763,3.201914113,3.193433627,3.208661678,3.195439101,3.186061928,3.211207318,3.201466944,3.200233079
1,2367,31.28564596,78.21411489,633,25.53570382,-35.52589199,78.9,30.77692546,3.208755158,3.206972612,3.193905172,3.196401747,3.191096358,3.188284384,3.20462874,3.203137474
1,2368,31.28067542,78.20168856,632,25.39511705,-28.62548989,78.93333333,28.43825514,3.206086634,3.210252844,3.206195798,3.206907676,3.18337631,3.197544118,3.207716612,3.19065433
1,2369,31.27570416,78.18926039,631,25.46601707,-35.77392849,78.96666667,27.27251711,3.200733371,3.204155716,3.203542828,3.20295037,3.204791302,3.201445951,3.188296574,3.204055644
1,2370,31.27073216,78.17683039,630,25.74829739,10.0672956,79,28.00323077,3.202277972,3.188402012,3.211037882,3.204270702,3.188957213,3.193462199,3.195487584,3.195481892
1,2371,31.26575942,78.16439856,629,25.58129222,-35.63925781,79.03333333,28.21187335,3.202344402,3.192189186,3.209025094,3.208366428,3.204954538,3.200353934,3.20749958,3.197792418
1,2372,31.26078595,78.15196488,628,25.53420552,26.91517899,79.06666667,24.99082971,3.194204089,3.209520877,3.202540342,3.194527539,3.196658061,3.194108576,3.216177399,3.200032787
1,2373,31.25581175,78.13952938,627,25.61920219,0.955090455,79.1,32.87859696,3.20126217,3.205769752,3.190277112,3.208772378,3.195137231,3.21464013,3.19749873,3.20830112
1,2374,31.25083681,78.12709203,626,25.66021393,2.160609967,79.13333333,28.93576783,3.180025615,3.190598935,3.197651143,3.183753736,3.204807076,3.202503665,3.192073379,3.199872331
1,2375,31.24586114,78.11465286,625,25.73408786,4.927560617,79.16666667,28.37801495,3.206451818,3.183175604,3.189812088,3.197319294,3.200189789,3.199531109,3.207114358,3.20381769
1,2376,31.24088474,78.10221185,624,25.77381991,-26.3349035,79.2,29.10729517,3.205573079,3.188880994,3.201158591,3.19754286,3.211696575,3.201395165,3.194647569,3.20682001
1,2377,31.2359076,78.08976901,623,25.55682776,-24.18477575,79.23333333,29.27693977,3.204506382,3.193427187,3.197212082,3.197348428,3.209819689,3.201625935,3.20581426,3.196053826
1,2378,31.23092973,78.07732434,622,25.44087428,-14.49461417,79.26666667,27.74700373,3.202678402,3.210426887,3.197111386,3.200921238,3.18909355,3.193875535,3.197324457,3.191513286
1,2379,31.22595113,78.06487783,621,25.55038418,7.479713266,79.3,26.86376595,3.210575789,3.193295944,3.206294389,3.20149469,3.200246816,3.211889309,3.181915198,3.198430361
1,2380,31.2209718,78.05242949,620,25.63123366,-23.19057792,79.33333333,29.07901124,3.191356957,3.184308637,3.190442146,3.2001379,3.194197223,3.207172909,3.198289233,3.197402093
1,2381,31.21599173,78.03997933,619,25.48434893,-30.69346183,79.36666667,28.69427951,3.197437752,3.199212045,3.196652172,3.19318997,3.207913479,3.19500724,3.196931787,3.203435241
1,2382,31.21101093,78.02752733,618,25.48514189,37.60935091,79.4,26.54219782,3.20254993,3.192852496,3.206039856,3.204301363,3.201423799,3.196549465,3.196746154,3.198385623
1,2383,31.2060294,78.0150735,617,25.64125455,-38.24145482,79.43333333,30.5542641,3.190145344,3.199685852,3.207136816,3.20701097,3.196953186,3.208512666,3.215247236,3.19747034
1,2384,31.20104714,78.00261784,616,25.59416172,24.21579243,79.46666667,28.52803367,3.205532118,3.18189752,3.189934826,3.200728968,3.191946135,3.216313616,3.204783037,3.207726653
1,2385,31.19606414,77.99016036,615,25.60393564,23.04281197,79.5,29.31367485,3.199767789,3.191974336,3.195849518,3.202035044,3.194896677,3.205369536,3.20569132,3.20003985
1,2386,31.19108042,77.97770104,614,25.50898056,-16.22287089,79.53333333,30.5054576,3.185394919,3.213718279,3.198298617,3.221674213,3.205220286,3.198320359,3.203582575,3.183845716
1,2387,31.18609596,77.9652399,613,25.57235191,-29.14987072,79.56666667,28.03939988,3.208209139,3.22053553,3.183286132,3.197700728,3.199157295,3.207001829,3.216847805,3.203063057
1,2388,31.18111077,77.95277693,612,25.48909202,-28.34970826,79.6,28.57051361,3.217134335,3.20136346,3.203611391,3.202625885,3.209762398,3.196621432,3.206546294,3.190153627
1,2389,31.17612486,77.94031214,611,25.70682381,15.79452938,79.63333333,29.45804903,3.197723967,3.194906051,3.200703692,3.197471362,3.20905707,3.192970655,3.186149473,3.189141729
1,2390,31.17113821,77.92784552,610,25.72422992,11.42452729,79.66666667,26.69525005,3.207953344,3.192243541,3.203182755,3.1976417,3.206593952,3.198153874,3.222114788,3.215184936
1,2391,31.16615083,77.91537707,609,25.37845746,22.61965394,79.7,28.09729299,3.197478319,3.196382923,3.225058609,3.191369192,3.199559812,3.200179591,3.199981297,3.186090306
1,2392,31.16116272,77.9029068,608,25.4884587,34.99849379,79.73333333,28.22598746,3.203972819,3.192237199,3.211487913,3.18835228,3.200475727,3.182271035,3.18276493,3.193285184
1,2393,31.15617388,77.8904347,607,25.42041649,15.35418906,79.76666667,26.27909461,3.194414319,3.211725811,3.199675265,3.210339255,3.196961707,3.204848681,3.194196197,3.193652215
1,2394,31.15118431,77.87796078,606,25.52199713,-27.53187708,79.8,32.17174622,3.185433199,3.202686032,3.202096667,3.206218503,3.201719346,3.216209568,3.201408221,3.207934614
1,2395,31.14619401,77.86548503,605,25.58998744,-20.52459066,79.83333333,25.4668718,3.197407127,3.19273224,3.205741561,3.199286816,3.206656344,3.202823492,3.193655893,3.208594703
1,2396,31.14120298,77.85300746,604,25.42604257,27.37549847,79.86666667,25.66341297,3.19303048,3.20500261,3.210252889,3.196923241,3.209247956,3.203180935,3.20681555,3.193305954
1,2397,31.13621123,77.84052807,603,25.48937682,-23.25551393,79.9,30.36560784,3.201714402,3.18873535,3.213690404,3.183888013,3.197161985,3.192546331,3.205397603,3.215391568
1,2398,31.13121874,77.82804685,602,25.47952512,-34.19821464,79.93333333,29.28387925,3.205239321,3.22369027,3.188976479,3.189590527,3.192855086,3.200969958,3.191784621,3.193986698
1,2399,31.12622553,77.81556382,601,25.62487208,16.26240432,79.96666667,26.15326333,3.204963868,3.190086625,3.190934432,3.19681169,3.197564455,3.208080126,3.192794882,3.19423776
1,2400,31.12123158,77.80307896,600,25.60832132,-7.797891561,80,29.09312023,3.204653361,3.206411155,3.211429796,3.203752963,3.201042912,3.204600307,3.197860698,3.197801859
1,2401,31.11623691,77.79059228,599,25.51339149,33.6032042,80.03333333,30.6421308,3.185807118,3.207147328,3.201691672,3.206216314,3.177473516,3.199623186,3.193152948,3.2120109
1,2402,31.11124151,77.77810378,598,25.6212185,12.02040569,80.06666667,27.9455265,3.204913735,3.201873883,3.196544536,3.203177666,3.192574515,3.199202197,3.195373093,3.218131917
1,2403,31.10624539,77.76561346,597,25.53439839,-32.76648178,80.1,32.67788122,3.211759582,3.20850438,3.188077512,3.206913257,3.201501333,3.209787681,3.202579161,3.199946259
1,2404,31.10124853,77.75312133,596,25.56740139,35.82852538,80.13333333,24.89668874,3.201870274,3.185554934,3.193860774,3.202986684,3.209115107,3.195596055,3.199673545,3.18719206
1,2405,31.09625095,77.74062737,595,25.80081425,-19.31541891,80.16666667,29.24888222,3.211674487,3.208909934,3.205216821,3.20325445,3.212420393,3.193559912,3.192694708,3.208492158
1,2406,31.09125264,77.72813159,594,25.76085533,-13.02300077,80.2,30.09975101,3.207954507,3.190452035,3.195749121,3.213512745,3.203293339,3.206297292,3.190727628,3.205253156
1,2407,31.0862536,77.715634,593,25.44405025,-7.819166905,80.23333333,29.60441902,3.188643668,3.184161429,3.205814592,3.211475561,3.197969711,3.195627595,3.213686789,3.198441733
1,2408,31.08125384,77.70313459,592,25.69956789,-35.90205629,80.26666667,27.63215969,3.19947385,3.213551658,3.197171321,3.194767779,3.206524066,3.194305151,3.198843188,3.189446731
1,2409,31.07625335,77.69063336,591,25.69736759,-0.278766222,80.3,27.47720533,3.201483177,3.20054478,3.207744162,3.206858052,3.204412144,3.203154046,3.199413967,3.204876448
1,2410,31.07125213,77.67813032,590,25.46220841,-30.13452071,80.33333333,28.79946131,3.191101343,3.181208271,3.209295341,3.205393284,3.198984109,3.208596469,3.194148021,3.19435606
1,2411,31.06625018,77.66562546,589,25.69825332,-7.922373865,80.36666667,29.46835808,3.193246898,3.204540976,3.187336335,3.193864307,3.20231772,3.190366791,3.194717517,3.182307459
1,2412,31.06124751,77.65311878,588,25.78455183,-11.94321696,80.4,29.08445219,3.204846453,3.194497318,3.19120575,3.189639818,3.196654292,3.187358755,3.215539037,3.180922043
1,2413,31.05624412,77.64061029,587,25.46529462,21.82720667,80.43333333,29.8721042,3.196395047,3.200855255,3.193796968,3.201697054,3.193603187,3.212240756,3.191048984,3.181190208
1,2414,31.05124,77.62809999,586,25.48989966,24.25364093,80.46666667,26.16603408,3.189612001,3.203091958,3.199056605,3.206017063,3.204013957,3.194909757,3.196087332,3.19691737
1,2415,31.04623515,77.61558787,585,25.72211938,-27.72696941,80.5,27.59001224,3.215074769,3.205526579,3.215133495,3.206726235,3.199491333,3.191845108,3.201612157,3.199513047
1,2416,31.04122958,77.60307394,584,25.63257944,-10.67590501,80.53333333,26.30797132,3.199250822,3.198327207,3.183580298,3.210086719,3.199596372,3.188685975,3.203854102,3.193153311
1,2417,31.03622328,77.59055819,583,25.66617715,-10.13174712,80.56666667,27.304997,3.204497125,3.207053252,3.208157092,3.198712666,3.196689778,3.194995693,3.194219551,3.199862159
1,2418,31.03121625,77.57804064,582,25.64087071,-27.88716449,80.6,29.82739761,3.198325256,3.193397569,3.190849722,3.199129951,3.196526419,3.190869064,3.206644568,3.214176742
1,2419,31.02620851,77.56552127,581,25.64688351,23.8762804,80.63333333,28.19437106,3.207700706,3.194238496,3.199598163,3.212323432,3.190610403,3.206260761,3.188415334,3.213472301
1,2420,31.02120003,77.55300008,580,25.44082334,16.57826627,80.66666667,32.69234649,3.196557484,3.21783235,3.21382451,3.199148556,3.194244757,3.201558204,3.198558728,3.196787464
1,2421,31.01619084,77.54047709,579,25.72567812,-24.7694571,80.7,28.34813146,3.186735094,3.195883571,3.191116167,3.204413182,3.207928571,3.205925472,3.202739001,3.193176743
1,2422,31.01118092,77.52795229,578,25.7403508,-10.66224731,80.73333333,28.10744539,3.201643206,3.206342121,3.195310115,3.200951891,3.198836307,3.213298933,3.206812385,3.204873277
1,2423,31.00617027,77.51542568,577,25.57247311,-31.53559801,80.76666667,28.19112925,3.18626645,3.201382699,3.198759893,3.198690743,3.187492692,3.191297851,3.19945586,3.208914846
1,2424,31.0011589,77.50289725,576,25.59478277,10.25652777,80.8,26.85194435,3.195275803,3.19680049,3.214248736,3.197625421,3.198969684,3.199078042,3.189235959,3.204574385
1,2425,30.99614681,77.49036702,575,25.4162671,-30.29024604,80.83333333,27.8958941,3.194776991,3.199759435,3.203554984,3.215540461,3.18945784,3.206919857,3.206949786,3.194894282
1,2426,30.99113399,77.47783498,574,25.66171057,38.87473349,80.86666667,30.03001845,3.204796031,3.213147489,3.19388023,3.201931758,3.203238411,3.204273431,3.206154334,3.201330439
1,2427,30.98612045,77.46530113,573,25.66864689,22.45456598,80.9,28.2051472,3.204107489,3.192708211,3.201312028,3.19618927,3.190161369,3.195926844,3.202155651,3.203486378
1,2428,30.98110619,77.45276548,572,25.59253708,-8.780916033,80.93333333,26.57177249,3.189852327,3.192498586,3.20579725,3.204065185,3.207096821,3.210942643,3.204303097,3.196681539
1,2429,30.97609121,77.44022802,571,25.7349224,6.285114582,80.96666667,26.33484768,3.200918796,3.213279177,3.222115592,3.203704771,3.204284433,3.205805667,3.200190343,3.209310831
1,2430,30.9710755,77.42768875,570,25.55991073,32.9073453,81,27.1896366,3.208064362,3.202835012,3.197455841,3.187834429,3.205859308,3.201702867,3.194097858,3.190960638
1,2431,30.96605907,77.41514767,569,25.66775271,4.327942432,81.03333333,28.13295418,3.205291463,3.187190109,3.202397129,3.206748403,3.204399143,3.196874082,3.190005004,3.204696154
1,2432,30.96104192,77.40260479,568,25.47764028,-26.04012109,81.06666667,30.14845576,3.209604185,3.195418133,3.204055266,3.212652121,3.202710777,3.196824959,3.208326828,3.194099512
1,2433,30.95602404,77.3900601,567,25.59717374,-9.703731554,81.1,25.58712045,3.189614464,3.20649857,3.196750702,3.197467832,3.194984475,3.196217461,3.211224267,3.21329999
1,2434,30.95100544,77.37751361,566,25.57907749,27.4515892,81.13333333,27.4243127,3.214359829,3.208720965,3.20373017,3.188541715,3.198499802,3.217254036,3.196515027,3.212113156
1,2435,30.94598613,77.36496531,565,25.62703695,11.53704128,81.16666667,28.25975803,3.200440287,3.178574861,3.205123885,3.210130038,3.199608032,3.209864408,3.18665738,3.188915486
1,2436,30.94096609,77.35241521,564,25.55565677,12.05795075,81.2,24.69932962,3.201638914,3.203816918,3.210852631,3.205111396,3.190450967,3.201704365,3.20480582,3.185006128
1,2437,30.93594532,77.33986331,563,25.58422329,29.34571886,81.23333333,26.49952309,3.199650932,3.19731534,3.194762455,3.203990216,3.190802548,3.203335036,3.204475929,3.208670106
1,2438,30.93092384,77.32730961,562,25.69912566,31.5178446,81.26666667,26.77620063,3.191012646,3.187958126,3.202231229,3.19770983,3.223221202,3.203667988,3.200465294,3.198617376
1,2439,30.92590164,77.3147541,561,25.54758829,33.58340574,81.3,26.56725333,3.190255505,3.204511052,3.19936684,3.199373491,3.200755547,3.2017697,3.186085955,3.206696184
1,2440,30.92087872,77.30219679,560,25.40721075,-32.41206454,81.33333333,28.34540118,3.193228445,3.198895742,3.210287239,3.214235589,3.186396044,3.200241959,3.202183305,3.18793976
1,2441,30.91585507,77.28963768,559,25.80995007,3.530080157,81.36666667,27.7109927,3.206420731,3.200930101,3.201553277,3.192659577,3.203303093,3.206705792,3.201018383,3.195888513
1,2442,30.91083071,77.27707676,558,25.76577449,19.2407617,81.4,27.00048502,3.196511445,3.201763166,3.200390379,3.207238577,3.196157934,3.190252955,3.202875089,3.196179761
1,2443,30.90580562,77.26451405,557,25.44492848,20.55414761,81.43333333,28.77033273,3.206269456,3.200060309,3.205238506,3.191885464,3.20114709,3.194405894,3.190237011,3.193111137
1,2444,30.90077982,77.25194954,556,25.68276494,8.537296158,81.46666667,31.10153449,3.195644183,3.209957556,3.195432477,3.189827678,3.201051819,3.200233445,3.196063576,3.198710212
1,2445,30.89575329,77.23938323,555,25.53964303,-26.65701319,81.5,30.95066173,3.207809817,3.205365646,3.204673842,3.19053057,3.223092384,3.208410018,3.204136229,3.190685506
1,2446,30.89072605,77.22681512,554,25.63161847,23.79364432,81.53333333,24.53901081,3.207581841,3.195990972,3.198445834,3.186553766,3.190068135,3.203508372,3.208049877,3.205479235
1,2447,30.88569808,77.21424521,553,25.6353069,17.60890668,81.56666667,29.03872993,3.205206552,3.199481868,3.196746344,3.202311161,3.206571267,3.200038898,3.209682016,3.198279446
1,2448,30.8806694,77.2016735,552,25.57187106,-33.10913828,81.6,27.67955808,3.192157769,3.199917102,3.200847778,3.199343759,3.210245244,3.206442416,3.188552472,3.212274936
1,2449,30.87564,77.18909999,551,25.50594812,-2.895214026,81.63333333,28.27927962,3.178068664,3.217208195,3.197701556,3.198483458,3.19951987,3.203081643,3.199997894,3.198932838
1,2450,30.87060988,77.17652469,550,25.51713507,-26.08180804,81.66666667,27.28309054,3.210471346,3.204524769,3.192329569,3.205925391,3.204192856,3.19563781,3.206337107,3.198739419
1,2451,30.86557904,77.16394759,549,25.49005697,-13.00183634,81.7,28.21165953,3.198226612,3.198008695,3.180575056,3.195786405,3.205705386,3.19982071,3.189718509,3.20771705
1,2452,30.86054748,77.1513687,548,25.50018134,-38.55351262,81.73333333,28.27253331,3.197611199,3.190227396,3.2176481,3.191574619,3.207035932,3.193845487,3.201086615,3.192782552
1,2453,30.8555152,77.13878801,547,25.59193861,-7.973610527,81.76666667,26.95788684,3.190085567,3.20417762,3.203242324,3.209157196,3.199724945,3.217762814,3.202146773,3.204534197
1,2454,30.85048221,77.12620552,546,25.5141088,3.990153692,81.8,26.38653841,3.189132566,3.195087325,3.204157438,3.199326178,3.201501465,3.19346805,3.200975576,3.200948367
1,2455,30.8454485,77.11362124,545,25.68184625,9.566607426,81.83333333,27.19234777,3.19055652,3.205140399,3.18639948,3.201473905,3.214124742,3.205444404,3.205394394,3.192820587
1,2456,30.84041407,77.10103516,544,25.77846954,13.07922761,81.86666667,28.42166668,3.214152496,3.211013745,3.19325128,3.196201894,3.210037248,3.214369179,3.189882512,3.191970314
1,2457,30.83537892,77.0884473,543,25.53039361,26.90330505,81.9,29.07819342,3.198849706,3.182631248,3.200152361,3.209485948,3.188490904,3.201016856,3.195345834,3.213119568
1,2458,30.83034305,77.07585763,542,25.62872854,-22.76296742,81.93333333,29.53602816,3.195441665,3.212151945,3.195220359,3.206169406,3.202015565,3.198893819,3.193675771,3.202584763
1,2459,30.82530647,77.06326618,541,25.65996221,-30.3614542,81.96666667,27.11045796,3.196475718,3.19448187,3.211781782,3.204380242,3.205149112,3.196867212,3.198512173,3.198011387
1,2460,30.82026917,77.05067293,540,25.65664027,28.12297375,82,28.51092022,3.202697911,3.205134428,3.199757989,3.19365884,3.206084564,3.200267231,3.188473309,3.182917642
1,2461,30.81523116,77.03807789,539,25.60911463,-27.47097481,82.03333333,29.73250467,3.202383177,3.19336421,3.203448497,3.193795054,3.201065486,3.196972788,3.214015366,3.207602525
1,2462,30.81019243,77.02548106,538,25.68912189,37.98080651,82.06666667,30.09807081,3.210778375,3.200192382,3.206578888,3.200733201,3.211756731,3.199419503,3.188820085,3.184011028
1,2463,30.80515298,77.01288244,537,25.65786987,27.40305835,82.1,27.89410086,3.213346489,3.203828036,3.204354055,3.211917183,3.18678612,3.19713119,3.198111441,3.205938202
1,2464,30.80011281,77.00028203,536,25.45148051,0.070128471,82.13333333,27.6023229,3.194458878,3.19038901,3.190317211,3.209195345,3.194059743,3.19558386,3.205075985,3.194408437
1,2465,30.79507193,76.98767983,535,25.70429873,38.51371399,82.16666667,28.34402362,3.186360413,3.187346391,3.199545541,3.203978627,3.198382038,3.203443542,3.1870973,3.187637572
1,2466,30.79003034,76.97507584,534,25.7064749,-32.20986167,82.2,25.93052655,3.218031487,3.209862274,3.206151775,3.194722203,3.19809595,3.199986581,3.210514769,3.203222262
1,2467,30.78498802,76.96247006,533,25.50840567,-15.75473911,82.23333333,27.65150288,3.20420731,3.198658761,3.206341321,3.202418582,3.200352182,3.194055327,3.199091426,3.191363738
1,2468,30.779945,76.94986249,532,25.60455254,11.0579532,82.26666667,29.34025552,3.199678888,3.200711291,3.180763853,3.198157284,3.190592958,3.203989115,3.205097278,3.196589281
1,2469,30.77490125,76.93725313,531,25.68199948,-11.99945052,82.3,29.15550483,3.204392177,3.204728535,3.198162273,3.212274296,3.194199401,3.211770926,3.198198405,3.193253389
1,2470,30.7698568,76.92464199,530,25.57488234,34.26980416,82.33333333,27.51351831,3.197187612,3.191204886,3.206276463,3.187177848,3.211116868,3.192513062,3.206693227,3.200193807
1,2471,30.76481162,76.91202906,529,25.72875737,-34.74991295,82.36666667,28.39189276,3.202166522,3.195279653,3.202822464,3.201079794,3.188336711,3.1923,3.195672703,3.193960028
1,2472,30.75976574,76.89941434,528,25.8836647,3.952946565,82.4,26.51562939,3.210022488,3.200056113,3.193770629,3.196073841,3.195964295,3.197695604,3.191397365,3.193488551
1,2473,30.75471913,76.88679784,527,25.50568168,7.269301392,82.43333333,29.26628587,3.206132855,3.201482745,3.1987813,3.200020983,3.199635514,3.198326951,3.204136839,3.20354528
1,2474,30.74967182,76.87417955,526,25.43427465,12.2182499,82.46666667,27.85992141,3.187425896,3.198947503,3.187953445,3.205084618,3.206141332,3.195113769,3.199065928,3.183108478
1,2475,30.74462379,76.86155947,525,25.63645823,-19.54670213,82.5,27.50328739,3.207782319,3.20567739,3.209200682,3.211892353,3.190207126,3.207104354,3.211834436,3.188043377
1,2476,30.73957504,76.84893761,524,25.6865875,-10.8346858,82.53333333,27.3488971,3.19863031,3.197092784,3.206843695,3.180848471,3.214527662,3.199099703,3.207328755,3.199518102
1,2477,30.73452559,76.83631397,523,25.57229604,27.49444237,82.56666667,27.88679104,3.203937,3.181428654,3.196920941,3.20678209,3.202309859,3.186905271,3.200491399,3.193450061
1,2478,30.72947542,76.82368854,522,25.77439128,-24.40457848,82.6,27.19382024,3.192756646,3.187834446,3.204949621,3.208904116,3.216961145,3.188207613,3.206138977,3.206665371
1,2479,30.72442453,76.81106133,521,25.4393673,26.14942777,82.63333333,29.18465746,3.195355963,3.192659373,3.191314061,3.195781174,3.201620973,3.210880896,3.208842707,3.187076664
1,2480,30.71937293,76.79843233,520,25.68315023,5.012433832,82.66666667,27.28848961,3.193689254,3.210397123,3.194151257,3.199544687,3.186357689,3.209224267,3.184698014,3.186857515
1,2481,30.71432062,76.78580156,519,25.5272967,20.9750009,82.7,30.86733537,3.208406536,3.215360493,3.197675111,3.199625098,3.207266236,3.202315583,3.197014255,3.196116371
1,2482,30.7092676,76.773169,518,25.80632535,17.0885893,82.73333333,30.63737891,3.187465616,3.201863534,3.199264665,3.196497231,3.191985482,3.192795753,3.204947015,3.207053309
1,2483,30.70421386,76.76053466,517,25.83910184,-23.39908037,82.76666667,26.39522172,3.197383071,3.196540163,3.193170816,3.20749456,3.200247966,3.202943208,3.202867761,3.197538387
1,2484,30.69915941,76.74789854,516,25.50800121,5.505018915,82.8,28.12546768,3.190677119,3.192030935,3.209023084,3.194194525,3.196717101,3.190924876,3.190271468,3.19384668
1,2485,30.69410425,76.73526064,515,25.53405314,29.41785222,82.83333333,26.82881808,3.213507257,3.205264299,3.195785689,3.208663014,3.198781609,3.21083472,3.217693843,3.208225294
1,2486,30.68904838,76.72262095,514,25.70315055,-5.430701056,82.86666667,27.41203439,3.200756408,3.205594479,3.20012057,3.185312013,3.194762997,3.192387267,3.194585672,3.214349371
1,2487,30.6839918,76.70997949,513,25.55354432,37.32726162,82.9,31.60436944,3.208977198,3.203527078,3.206498744,3.184863092,3.20582547,3.207516995,3.182082022,3.206121894
1,2488,30.6789345,76.69733625,512,25.59455065,-3.822791992,82.93333333,27.44637145,3.188607411,3.184239957,3.210610546,3.191943608,3.194272426,3.207916836,3.197558094,3.198558677
1,2489,30.67387649,76.68469123,511,25.60304661,-28.57714907,82.96666667,28.64840687,3.198383305,3.20278079,3.198189325,3.200913009,3.195971535,3.202814557,3.202510744,3.215183087
1,2490,30.66881777,76.67204443,510,25.36963922,-8.845225594,83,28.97437833,3.196949992,3.198526676,3.201910595,3.207715485,3.191267319,3.200828612,3.179937392,3.197827745
1,2491,30.66375834,76.65939586,509,25.59833947,36.13619251,83.03333333,26.19886713,3.208581816,3.194190861,3.201414701,3.195768755,3.193124782,3.207771888,3.19163793,3.202343722
1,2492,30.6586982,76.6467455,508,25.51723267,-14.42233205,83.06666667,26.46082815,3.202466813,3.193185604,3.201245482,3.192520417,3.204174335,3.189480434,3.197283156,3.197977827
1,2493,30.65363735,76.63409338,507,25.54082526,29.44785279,83.1,25.82915973,3.208903643,3.201120345,3.207640108,3.204437528,3.204386424,3.197344534,3.208167247,3.197150637
1,2494,30.64857579,76.62143947,506,25.77323584,30.50005453,83.13333333,26.40525268,3.186161396,3.198281703,3.203627811,3.187146994,3.192919181,3.190155292,3.206293737,3.213382901
1,2495,30.64351351,76.60878379,505,25.44921917,-11.98507805,83.16666667,22.8699458,3.198322407,3.204252243,3.204044155,3.212430376,3.194779577,3.198240968,3.197273851,3.200602938
1,2496,30.63845053,76.59612633,504,25.69758462,-33.33938736,83.2,28.98024832,3.220034534,3.200246489,3.193162315,3.190764022,3.21002116,3.193125964,3.205308696,3.194562469
1,2497,30.63338684,76.5834671,503,25.56652445,17.96463273,83.23333333,31.69754891,3.189866458,3.204841597,3.194954041,3.203403405,3.203994264,3.204370122,3.197854811,3.205489468
1,2498,30.62832244,76.57080609,502,25.56642878,-15.07901608,83.26666667,28.26607733,3.192619629,3.180367278,3.205655137,3.201324724,3.195119374,3.188230778,3.183707374,3.200413947
1,2499,30.62325732,76.55814331,501,25.69484463,22.63388914,83.3,25.45071605,3.213190288,3.198891541,3.197109317,3.199805057,3.217433641,3.206015234,3.192531398,3.200224831
1,2500,30.6181915,76.54547875,500,25.64080616,-4.587612139,83.33333333,26.84300251,3.202659495,3.191549289,3.206073093,3.19345753,3.187912434,3.200609068,3.199342753,3.199991825
1,2501,30.61312497,76.53281243,499,25.66847356,-1.178660613,83.36666667,27.17402168,3.193882843,3.194999099,3.209027573,3.203528685,3.192346031,3.184394425,3.192684669,3.201258393
1,2502,30.60805773,76.52014432,498,25.71618216,22.23275254,83.4,26.1683474,3.194944546,3.194322798,3.195286716,3.199418339,3.206277023,3.199996646,3.200495496,3.198201117
1,2503,30.60298978,76.50747445,497,25.56024299,-9.410933515,83.43333333,29.54832875,3.196005145,3.207153927,3.205939217,3.216362239,3.204884514,3.196012685,3.19276279,3.207623562
1,2504,30.59792112,76.49480281,496,25.52653159,-4.549812374,83.46666667,29.45846808,3.193480105,3.206477893,3.193920688,3.202793267,3.19152199,3.206239083,3.190130627,3.202183659
1,2505,30.59285176,76.48212939,495,25.46978194,-9.904762498,83.5,25.92018677,3.198417281,3.200814451,3.196833569,3.19664592,3.20123825,3.191982893,3.191935824,3.197131604
1,2506,30.58778168,76.4694542,494,25.50095074,-10.61275878,83.53333333,29.30514588,3.196820239,3.191956828,3.207393718,3.197324213,3.198186702,3.189379773,3.216573087,3.219416539
1,2507,30.5827109,76.45677725,493,25.95389133,2.075726152,83.56666667,30.74826279,3.193756811,3.209808691,3.199265493,3.212830157,3.202689865,3.200798097,3.180005844,3.192971152
1,2508,30.57763941,76.44409852,492,25.74936155,24.70395556,83.6,31.42460477,3.200164165,3.20158933,3.19028133,3.194169828,3.204427576,3.188934314,3.201069838,3.209903628
1,2509,30.57256721,76.43141802,491,25.43787108,-11.05853505,83.63333333,33.15738164,3.203083757,3.202683894,3.183838788,3.193424698,3.216433615,3.195206705,3.21011581,3.195113273
1,2510,30.5674943,76.41873576,490,25.44130505,1.940377643,83.66666667,26.37641323,3.197777436,3.204124695,3.200805544,3.2030521,3.193452878,3.190909838,3.192913027,3.195741455
1,2511,30.56242069,76.40605172,489,25.65782393,13.65818604,83.7,33.08359677,3.198165749,3.208298203,3.200698732,3.203876777,3.201132808,3.191076526,3.200138156,3.201046257
1,2512,30.55734637,76.39336592,488,25.66567178,-18.4448443,83.73333333,27.3624285,3.206079386,3.191451295,3.183676713,3.201410111,3.2028308,3.198564922,3.200224167,3.207030179
1,2513,30.55227134,76.38067835,487,25.66586606,-17.79817561,83.76666667,26.93356218,3.196329555,3.197770873,3.200632292,3.190241483,3.198784822,3.199490053,3.213096338,3.197615075
1,2514,30.54719561,76.36798901,486,25.5694053,34.67305016,83.8,28.58873027,3.20160009,3.207348941,3.193300122,3.211005923,3.214110962,3.19976883,3.195684592,3.213016955
1,2515,30.54211916,76.35529791,485,25.58494549,17.88276587,83.83333333,26.9522896,3.206365047,3.200655754,3.211414751,3.210567938,3.197309944,3.201989839,3.20461434,3.20022984
1,2516,30.53704202,76.34260504,484,25.63934554,6.174934098,83.86666667,28.71827945,3.188873035,3.192493924,3.189133898,3.203943394,3.190525181,3.201539345,3.214655231,3.211422161
1,2517,30.53196416,76.3299104,483,25.61030716,11.81760435,83.9,25.62386106,3.185300667,3.189770388,3.193787869,3.19064781,3.186769485,3.199913277,3.205640804,3.207632272
1,2518,30.5268856,76.317214,482,25.33368396,-37.65604455,83.93333333,27.57024532,3.196204191,3.19782477,3.202845418,3.199132116,3.206484854,3.203442919,3.196989565,3.18514691
1,2519,30.52180633,76.30451584,481,25.57242404,9.448237245,83.96666667,30.31404802,3.211992253,3.194511342,3.202860469,3.184667267,3.199909467,3.200802096,3.201188817,3.224110346
1,2520,30.51672636,76.2918159,480,25.49783123,0.760709858,84,27.89728968,3.194951053,3.206565314,3.20418586,3.194570888,3.206445355,3.198685433,3.207001946,3.215687701
1,2521,30.51164568,76.27911421,479,25.62102537,3.659974382,84.03333333,28.25487242,3.201206391,3.197750998,3.208412449,3.211173225,3.19293394,3.196376343,3.205403386,3.198943744
1,2522,30.5065643,76.26641075,478,25.95823108,-11.24609385,84.06666667,28.85546549,3.192365344,3.204325559,3.205371918,3.197324914,3.20049079,3.195387415,3.191238101,3.196023483
1,2523,30.50148221,76.25370553,477,25.6440978,-33.48208818,84.1,30.10719093,3.200591459,3.188199286,3.196607897,3.200702641,3.209557279,3.197499261,3.190032781,3.19832272
1,2524,30.49639942,76.24099855,476,25.56237644,-24.53286131,84.13333333,25.02059552,3.195467446,3.204417428,3.197296757,3.178315467,3.229532996,3.201138906,3.200713532,3.18766872
1,2525,30.49131592,76.2282898,475,25.71061618,36.05957706,84.16666667,29.05214329,3.188283446,3.199264408,3.202689371,3.205616913,3.201899501,3.190512462,3.179964267,3.199198221
1,2526,30.48623172,76.21557929,474,25.65792255,-7.304035018,84.2,27.51734955,3.195728203,3.189899426,3.206624466,3.187395386,3.204935751,3.188718896,3.201072709,3.207471795
1,2527,30.48114681,76.20286702,473,25.65041134,-2.665347534,84.23333333,28.29994821,3.197296533,3.213519359,3.215343091,3.2018974,3.204331083,3.208485671,3.204355411,3.203497946
1,2528,30.4760612,76.19015299,472,25.67282207,-35.78321681,84.26666667,29.90791031,3.195807445,3.186501151,3.188879237,3.219058939,3.202579672,3.198034532,3.210106618,3.194004336
1,2529,30.47097488,76.1774372,471,25.84678523,-36.99470164,84.3,25.85046403,3.204664866,3.200617536,3.20368022,3.197308721,3.192282446,3.193417031,3.193728926,3.199976238
1,2530,30.46588786,76.16471965,470,25.46429339,17.37451576,84.33333333,26.17724001,3.187550919,3.190020571,3.201084194,3.1989786,3.201521852,3.199639652,3.220151602,3.201013907
1,2531,30.46080014,76.15200034,469,25.65683585,3.04757313,84.36666667,24.51622607,3.196967363,3.200809054,3.20815964,3.199602973,3.205477827,3.203168368,3.197676675,3.200887006
1,2532,30.45571171,76.13927927,468,25.48883426,0.696478737,84.4,27.0115139,3.212791377,3.201944626,3.192111832,3.197443917,3.183086022,3.20109919,3.210496499,3.189268754
1,2533,30.45062258,76.12655644,467,25.66666152,-20.55003757,84.43333333,30.39477822,3.201197862,3.207883454,3.208729109,3.210238409,3.185053969,3.204039448,3.187955479,3.192013343
1,2534,30.44553274,76.11383186,466,25.48975762,19.58005853,84.46666667,27.78294306,3.206568978,3.201264377,3.205810689,3.192567067,3.211788825,3.205506671,3.207114385,3.191358666
1,2535,30.44044221,76.10110552,465,25.54991598,-26.54107367,84.5,25.58777519,3.20937121,3.197470707,3.19511019,3.205003708,3.204665694,3.193225449,3.216450408,3.214514805
1,2536,30.43535097,76.08837742,464,25.56458921,-24.80522051,84.53333333,27.12577826,3.204840281,3.203443227,3.20263829,3.187600027,3.200902459,3.200796333,3.195391907,3.197525207
1,2537,30.43025902,76.07564756,463,25.71709801,-3.143026292,84.56666667,25.32184893,3.180949661,3.191221817,3.20737461,3.213849575,3.192452955,3.201462789,3.208787059,3.19583828
1,2538,30.42516638,76.06291594,462,25.71021453,-17.09761103,84.6,25.97466502,3.205409985,3.199729682,3.209523216,3.189740394,3.191163387,3.202236313,3.200769649,3.199549409
1,2539,30.42007303,76.05018258,461,25.45051391,-20.2029615,84.63333333,28.69987404,3.204606673,3.192554803,3.189044515,3.195999135,3.196893772,3.197730023,3.210152366,3.206163338
1,2540,30.41497898,76.03744745,460,25.60659209,11.61901156,84.66666667,25.88702801,3.204265919,3.201775997,3.196526492,3.193168439,3.190422741,3.194443945,3.199656624,3.190760126
1,2541,30.40988423,76.02471057,459,25.51485042,12.07773962,84.7,30.00274175,3.201356158,3.198444495,3.196821613,3.209292263,3.180315051,3.196930164,3.1811805,3.201908501
1,2542,30.40478877,76.01197194,458,25.44897941,25.96136558,84.73333333,27.87198348,3.206097453,3.18919115,3.190215539,3.186413601,3.200509136,3.197273694,3.197770762,3.197056227
1,2543,30.39969262,75.99923155,457,25.57395795,-6.583314642,84.76666667,28.15407047,3.192211207,3.209054992,3.202178725,3.190522692,3.194395625,3.19302345,3.211247423,3.205689754
1,2544,30.39459576,75.98648941,456,25.56298207,-34.15319272,84.8,27.49892866,3.198988084,3.213657769,3.211616349,3.198154313,3.196715477,3.197101088,3.192378027,3.213871796
1,2545,30.3894982,75.97374551,455,25.89120598,-18.10668921,84.83333333,29.39112611,3.1919487,3.206946435,3.205524345,3.197561072,3.214480361,3.187527229,3.19936247,3.196087679
1,2546,30.38439995,75.96099986,454,25.65195518,38.40043706,84.86666667,29.4096878,3.207684745,3.202828527,3.186181639,3.209915836,3.203883694,3.191716065,3.197202567,3.189600921
1,2547,30.37930099,75.94825246,453,25.4346859,7.700686019,84.9,28.60309783,3.198633296,3.201200944,3.197322823,3.196396284,3.187098077,3.202697932,3.184604363,3.200248636
1,2548,30.37420132,75.93550331,452,25.53222712,16.77896678,84.93333333,29.01662039,3.185606753,3.200404039,3.199951048,3.20322676,3.206898286,3.208380707,3.187119659,3.199534352
1,2549,30.36910096,75.92275241,451,25.722566,-39.41137363,84.96666667,27.61823859,3.216087527,3.200952805,3.193349215,3.199362391,3.196930672,3.190588335,3.206952834,3.20467482
1,2550,30.3639999,75.90999975,450,25.85061313,1.456458575,85,28.97596541,3.189323927,3.199253803,3.195468291,3.18718726,3.188681444,3.189872321,3.199532562,3.196336376
1,2551,30.35889814,75.89724535,449,25.409682,-36.9977074,85.03333333,27.39182,3.192326496,3.196864936,3.20598028,3.202853569,3.20801495,3.198173497,3.212820458,3.202784639
1,2552,30.35379568,75.88448919,448,25.37440907,5.538416967,85.06666667,28.00401692,3.196088661,3.200743614,3.190015392,3.197550519,3.203439794,3.204893356,3.196718702,3.221871123
1,2553,30.34869252,75.87173129,447,25.82451582,33.66166797,85.1,27.50564125,3.198622338,3.186572848,3.209706138,3.204857018,3.201853511,3.196280633,3.203146772,3.21295213
1,2554,30.34358865,75.85897164,446,25.6467537,37.47353044,85.13333333,27.17700663,3.201613063,3.188239731,3.172373167,3.203076476,3.192112692,3.199202298,3.193527379,3.192952728
1,2555,30.33848409,75.84621023,445,25.49580487,3.244214031,85.16666667,26.75959876,3.193877807,3.194600997,3.206209888,3.20458915,3.190336089,3.191426122,3.203032975,3.208420019
1,2556,30.33337883,75.83344708,444,25.66415549,-3.34361558,85.2,28.84184219,3.208297131,3.191976729,3.207914491,3.185789843,3.198376925,3.203896212,3.18336956,3.216742855
1,2557,30.32827287,75.82068219,443,25.28371027,35.60136754,85.23333333,30.35909064,3.210613561,3.205176032,3.192279774,3.199455171,3.206323361,3.191018707,3.198556206,3.207283071
1,2558,30.32316622,75.80791554,442,25.60040506,13.88878656,85.26666667,30.10798355,3.18804324,3.202659398,3.185961843,3.192449226,3.195963259,3.204108445,3.194393687,3.201004387
1,2559,30.31805886,75.79514715,441,25.63933854,-34.80805764,85.3,25.7381824,3.194502175,3.195755066,3.210005292,3.190798175,3.206073232,3.199991489,3.19539557,3.190259817
1,2560,30.3129508,75.78237701,440,25.71091242,-2.741953787,85.33333333,30.32056549,3.19083011,3.19409084,3.198799565,3.204828077,3.197598086,3.198133513,3.199328078,3.203814222
1,2561,30.30784205,75.76960512,439,25.47833249,-20.78039852,85.36666667,27.4273147,3.205158423,3.188904276,3.197743402,3.209819232,3.18947104,3.200594503,3.198633248,3.195466595
1,2562,30.3027326,75.75683149,438,25.61028246,-2.415654284,85.4,29.08131943,3.212726261,3.200294686,3.212089161,3.200045018,3.203682047,3.195382228,3.195471251,3.20327478
1,2563,30.29762245,75.74405612,437,25.48894904,-3.562754239,85.43333333,26.3688124,3.20342158,3.204783897,3.203013426,3.189308633,3.193549051,3.206799543,3.184332277,3.202340858
1,2564,30.2925116,75.731279,436,25.63064605,6.571584225,85.46666667,28.25556384,3.199104959,3.206796655,3.203332969,3.194688158,3.1943252,3.195817732,3.204640504,3.181582291
1,2565,30.28740005,75.71850013,435,25.49255844,-11.45836077,85.5,28.56470173,3.201259036,3.192935723,3.201526682,3.202755982,3.186701387,3.198185069,3.201244563,3.200703601
1,2566,30.28228781,75.70571952,434,25.5510279,-26.85836404,85.53333333,25.32771137,3.199022392,3.1902329,3.191450976,3.188975621,3.204432365,3.199075433,3.199585974,3.186356052
1,2567,30.27717487,75.69293717,433,25.48050215,0.297554767,85.56666667,29.0948809,3.199731178,3.205069097,3.185265283,3.19571675,3.187437207,3.196637743,3.192792065,3.203047271
1,2568,30.27206123,75.68015308,432,25.67813635,26.41623075,85.6,30.42268301,3.201353917,3.210332035,3.199567377,3.202707902,3.19553834,3.191175483,3.206678099,3.20994604
1,2569,30.2669469,75.66736724,431,25.70301413,13.12097825,85.63333333,27.6856337,3.205645246,3.201049825,3.192207252,3.209133025,3.204636075,3.216199029,3.190764608,3.206900532
1,2570,30.26183186,75.65457966,430,25.57184553,-12.93057073,85.66666667,30.44830264,3.204392852,3.197263782,3.210910679,3.203218761,3.192504856,3.199053288,3.19240913,3.196251874
1,2571,30.25671614,75.64179034,429,25.60458856,34.84184182,85.7,27.65855171,3.205630609,3.207914192,3.201769699,3.193999401,3.203052867,3.205787197,3.184223106,3.20093183
1,2572,30.25159971,75.62899928,428,25.42616903,32.9766057,85.73333333,29.52925216,3.198478482,3.20762969,3.203085513,3.203874814,3.196144712,3.200013214,3.20754948,3.199480962
1,2573,30.24648259,75.61620647,427,25.5640388,-23.25212805,85.76666667,24.00657406,3.201397356,3.187712342,3.19945168,3.183904,3.195870841,3.200508124,3.206136246,3.19200672
1,2574,30.24136477,75.60341193,426,25.59397545,-36.84659319,85.8,32.3538,3.202989473,3.211747947,3.194874049,3.187623577,3.20231872,3.190464024,3.193448011,3.207386696
1,2575,30.23624626,75.59061565,425,25.91449517,19.30469667,85.83333333,30.69182484,3.215015194,3.191994479,3.194100642,3.196481048,3.195617536,3.21546634,3.195755457,3.196897985
1,2576,30.23112705,75.57781762,424,25.46656396,26.20882091,85.86666667,27.48767409,3.21292942,3.20461341,3.207887194,3.192751097,3.195758563,3.191682253,3.206410092,3.209801946
1,2577,30.22600714,75.56501786,423,25.77570127,37.42916528,85.9,24.45023975,3.195201805,3.197086069,3.197436079,3.187622208,3.194609423,3.20618613,3.192996652,3.200743855
1,2578,30.22088654,75.55221636,422,25.71962305,31.18691153,85.93333333,28.51845106,3.189535848,3.198847993,3.195493431,3.190226628,3.206323089,3.206773019,3.19224369,3.198270532
1,2579,30.21576525,75.53941312,421,25.63367637,8.042781457,85.96666667,25.40093402,3.200354549,3.185481906,3.188823258,3.210290275,3.191478985,3.210065465,3.189236691,3.205270622
1,2580,30.21064326,75.52660815,420,25.81103446,2.404187137,86,28.80073637,3.197509575,3.19863387,3.214847487,3.189966507,3.204758386,3.204427917,3.226836587,3.191382953
1,2581,30.20552057,75.51380143,419,25.64465266,-37.7727159,86.03333333,28.74081829,3.194992122,3.206527378,3.198397889,3.196295592,3.207660092,3.197867453,3.192865127,3.205809681
1,2582,30.20039719,75.50099298,418,25.6466991,-20.26748425,86.06666667,26.3054743,3.203002304,3.197497227,3.197117588,3.192680747,3.205800775,3.197119137,3.193841233,3.189715559
1,2583,30.19527312,75.4881828,417,25.59362552,-3.230819861,86.1,30.01774064,3.203137235,3.195931336,3.183898597,3.19037385,3.198131225,3.198355699,3.198051662,3.196937951
1,2584,30.19014835,75.47537088,416,25.74682827,10.28031201,86.13333333,29.45003447,3.18819317,3.193003612,3.209470216,3.208289825,3.204623614,3.203916021,3.207238047,3.191033642
1,2585,30.18502289,75.46255722,415,25.73157631,4.580146665,86.16666667,29.75648201,3.200263427,3.191037863,3.191176684,3.20294452,3.207574004,3.198449207,3.213192003,3.201694275
1,2586,30.17989673,75.44974183,414,25.52491873,19.41087917,86.2,28.01594387,3.193785716,3.191306172,3.208145052,3.201027673,3.205408379,3.178736294,3.201957376,3.195905806
1,2587,30.17476988,75.4369247,413,25.44169034,-17.61864553,86.23333333,25.45205668,3.188849924,3.199498541,3.208734508,3.218129826,3.201937219,3.194326827,3.19384398,3.207705059
1,2588,30.16964233,75.42410584,412,25.57564232,5.196208612,86.26666667,29.76017009,3.192025007,3.204979419,3.20234945,3.201464811,3.187455051,3.197144334,3.188334738,3.195294021
1,2589,30.1645141,75.41128524,411,25.50399537,-32.94862053,86.3,27.51333148,3.207337109,3.209848463,3.201711589,3.195437276,3.212704795,3.195331275,3.190914508,3.205571864
1,2590,30.15938517,75.39846291,410,25.59237705,-6.906758113,86.33333333,25.49839574,3.203661872,3.195659393,3.200801802,3.20353728,3.201629431,3.203671512,3.195954281,3.20420996
1,2591,30.15425554,75.38563885,409,25.74849258,20.01286664,86.36666667,30.43367086,3.200140463,3.196225516,3.198032922,3.199216785,3.188436973,3.194906726,3.200519244,3.189192072
1,2592,30.14912522,75.37281306,408,25.5451238,15.47206827,86.4,31.77893354,3.195040611,3.21907716,3.190965933,3.196929489,3.193330262,3.19906504,3.193480653,3.198054055
1,2593,30.14399421,75.35998553,407,25.59486119,39.25141897,86.43333333,27.92575337,3.194251624,3.208441023,3.200653096,3.191976219,3.206726372,3.192333867,3.187487358,3.19997566
1,2594,30.13886251,75.34715628,406,25.60696273,-17.76870992,86.46666667,31.88641808,3.215258115,3.185378687,3.189352097,3.206020205,3.194861429,3.204895589,3.193300089,3.201135697
1,2595,30.13373011,75.33432529,405,25.70181171,-0.144856066,86.5,28.16436651,3.213955791,3.190443283,3.208190086,3.205437654,3.188086046,3.204471204,3.200582449,3.200728752
1,2596,30.12859703,75.32149257,404,25.33037328,-13.6375669,86.53333333,27.31517937,3.202692141,3.197197073,3.200560792,3.201931619,3.205968464,3.187782712,3.210327087,3.190757677
1,2597,30.12346325,75.30865812,403,25.52719596,-4.751750875,86.56666667,26.86517478,3.206093028,3.200635561,3.189750749,3.204225164,3.192436747,3.208550364,3.194313321,3.188040111
1,2598,30.11832878,75.29582194,402,25.62535404,28.55601039,86.6,30.94674833,3.212270761,3.201450589,3.206937529,3.193188225,3.184865516,3.213401619,3.199948586,3.203930815
1,2599,30.11319361,75.28298403,401,25.74400947,14.73672602,86.63333333,26.59574101,3.205252766,3.197316872,3.201809836,3.212751621,3.19974047,3.207536811,3.184070024,3.208990085
1,2600,30.10805776,75.27014439,400,25.54097171,30.59529531,86.66666667,29.32348476,3.187823966,3.208075271,3.20312505,3.199232635,3.199203294,3.197978151,3.193434644,3.19835219
1,2601,30.10292121,75.25730303,399,25.37481368,-23.71911133,86.7,26.9935051,3.217664473,3.210418454,3.193031975,3.202141499,3.200767833,3.198861652,3.19197778,3.203567184
1,2602,30.09778397,75.24445993,398,25.67436537,29.86888943,86.73333333,27.17144783,3.206768573,3.193328811,3.215644331,3.212176026,3.204385324,3.190146242,3.203211269,3.202255824
1,2603,30.09264604,75.23161511,397,25.52375651,-35.21901807,86.76666667,29.85444945,3.204105242,3.212723714,3.198592208,3.216382613,3.203252035,3.197676295,3.219195018,3.206639135
1,2604,30.08750742,75.21876856,396,25.45724,31.08794243,86.8,27.31593368,3.196362129,3.200673733,3.205081864,3.198793112,3.201071263,3.193462371,3.186518444,3.200851355
1,2605,30.08236811,75.20592029,395,25.52507855,-13.67409764,86.83333333,27.27136832,3.201120223,3.204216957,3.195390482,3.189275566,3.192277404,3.20844507,3.19466711,3.196463352
1,2606,30.07722811,75.19307028,394,25.57785696,-14.83298933,86.86666667,30.03904845,3.197500691,3.195045791,3.194454313,3.193031011,3.211205253,3.205440805,3.209982566,3.211594718
1,2607,30.07208742,75.18021855,393,25.52743064,0.967086136,86.9,30.87531513,3.181200962,3.202747637,3.195310571,3.208934477,3.19406823,3.191566802,3.188527633,3.197578601
1,2608,30.06694604,75.1673651,392,25.33533207,35.25521502,86.93333333,29.16044165,3.207319562,3.202049338,3.190378814,3.217221273,3.205196309,3.206219281,3.210280231,3.186878275
1,2609,30.06180397,75.15450992,391,25.70764794,-36.17749083,86.96666667,26.8214144,3.192708527,3.206584091,3.193514093,3.197799892,3.199378075,3.189780757,3.197113463,3.207316026
1,2610,30.05666121,75.14165302,390,25.752985,-11.82152199,87,27.0809047,3.205835631,3.208904117,3.208079007,3.203246991,3.202613428,3.202026646,3.194983623,3.191760442
1,2611,30.05151776,75.12879439,389,25.67818264,28.52575909,87.03333333,28.14384747,3.194483221,3.197391765,3.194753392,3.203310654,3.201615162,3.202474588,3.202811265,3.209565312
1,2612,30.04637362,75.11593404,388,25.46347772,-8.315641805,87.06666667,28.57767411,3.199931417,3.208066955,3.204132683,3.209037068,3.212917039,3.204613197,3.200830146,3.200778463
1,2613,30.04122879,75.10307196,387,25.57582102,-24.06744819,87.1,26.22184136,3.196238671,3.195969823,3.207216937,3.192290638,3.212918181,3.198786214,3.222896623,3.194455077
1,2614,30.03608327,75.09020817,386,25.59921744,-6.016465493,87.13333333,29.30146829,3.202001511,3.197185206,3.193655327,3.208510403,3.191155566,3.194591404,3.204690558,3.205959686
1,2615,30.03093706,75.07734265,385,25.67185533,-9.155799881,87.16666667,28.15392399,3.188864917,3.204653415,3.201031199,3.192658213,3.193688948,3.183732389,3.213739555,3.208123363
1,2616,30.02579016,75.0644754,384,25.68020086,33.23329612,87.2,24.91172503,3.18968684,3.206391261,3.195407821,3.207318484,3.196031411,3.197093167,3.197693222,3.194741157
1,2617,30.02064258,75.05160644,383,25.51189914,20.95475006,87.23333333,26.32793233,3.211194171,3.207188216,3.200879588,3.208196545,3.186983426,3.19017233,3.203796438,3.205884292
1,2618,30.0154943,75.03873575,382,25.60983947,0.40924446,87.26666667,27.09256839,3.20223526,3.184938443,3.191501324,3.203332735,3.219411778,3.209743301,3.212618434,3.202717803
1,2619,30.01034534,75.02586335,381,25.65487365,39.06964534,87.3,27.86885616,3.202659928,3.191732116,3.207614576,3.199414546,3.205541859,3.200245491,3.202232947,3.199298175
1,2620,30.00519569,75.01298922,380,25.77469868,-2.777797498,87.33333333,31.40070183,3.201796998,3.208000612,3.189870164,3.188056621,3.203406917,3.211524594,3.213541957,3.190204718
1,2621,30.00004535,75.00011338,379,25.68454078,-35.34097353,87.36666667,28.42870835,3.196777009,3.188166278,3.195595107,3.208982785,3.199896866,3.197009007,3.204360686,3.193639583
1,2622,29.99489432,74.98723581,378,25.6946868,-19.01805425,87.4,26.4866106,3.212743827,3.20005828,3.196785646,3.204694794,3.207514289,3.212767802,3.198320249,3.208688452
1,2623,29.98974261,74.97435653,377,25.6100592,-5.114361582,87.43333333,28.39713545,3.200809693,3.19510896,3.193785508,3.191224132,3.194066448,3.208925653,3.205653677,3.190070307
1,2624,29.98459021,74.96147552,376,25.7692551,-27.44779007,87.46666667,27.36624205,3.186028873,3.191101655,3.19378611,3.197573874,3.209382908,3.195618265,3.213444,3.186558401
1,2625,29.97943712,74.9485928,375,25.64917154,35.80521011,87.5,28.58456483,3.19721094,3.206284389,3.206777642,3.197314288,3.208014027,3.206497572,3.194543083,3.202519428
1,2626,29.97428334,74.93570836,374,25.49666945,21.34791183,87.53333333,29.04502184,3.205628906,3.195115722,3.213554604,3.193317104,3.201152743,3.190001781,3.200826882,3.191463414
1,2627,29.96912888,74.9228222,373,25.7684044,-18.53702397,87.56666667,30.17661517,3.197646967,3.18730722,3.206398507,3.20285024,3.208699284,3.197217559,3.209070779,3.200314237
1,2628,29.96397373,74.90993433,372,25.68374839,7.264362681,87.6,27.95628431,3.20090534,3.216912427,3.196122592,3.209819672,3.20383748,3.195424761,3.189474473,3.19173532
1,2629,29.9588179,74.89704474,371,25.54683472,17.71593257,87.63333333,30.95012895,3.209045398,3.213875196,3.200731519,3.201151054,3.206211627,3.200586416,3.2087976,3.202332978
1,2630,29.95366137,74.88415343,370,25.54246084,35.30231431,87.66666667,29.63444079,3.201084331,3.194406297,3.192437863,3.174727296,3.209872934,3.198827144,3.196796821,3.184386342
1,2631,29.94850416,74.87126041,369,25.63558907,30.53082793,87.7,26.72660882,3.194879098,3.193826508,3.193641815,3.202662689,3.200977988,3.189109633,3.189617271,3.189602572
1,2632,29.94334627,74.85836567,368,25.65558218,1.215378091,87.73333333,31.9777402,3.214484209,3.211941781,3.193181608,3.184187245,3.201024354,3.200375521,3.202535336,3.205930991
1,2633,29.93818769,74.84546922,367,25.62367507,21.97220958,87.76666667,28.58859012,3.203613632,3.191068484,3.202352329,3.206830589,3.194207986,3.202399652,3.195577754,3.215969358
1,2634,29.93302842,74.83257105,366,25.63735704,4.971580306,87.8,26.49677589,3.189385383,3.209247591,3.186633498,3.214344421,3.190867607,3.201517372,3.186966455,3.189200151
1,2635,29.92786847,74.81967117,365,25.80399488,4.216311204,87.83333333,30.97524349,3.207181976,3.208225298,3.201914871,3.205928653,3.20835903,3.194526585,3.188808309,3.199890373
1,2636,29.92270783,74.80676958,364,25.72858518,-30.82064333,87.86666667,31.73999965,3.195382391,3.203108972,3.204384229,3.194546794,3.205632868,3.205233107,3.205786541,3.196737661
1,2637,29.91754651,74.79386627,363,25.62287627,-29.90898736,87.9,27.94055453,3.206239377,3.204160018,3.205121477,3.213422309,3.202622194,3.195144302,3.191116364,3.209023489
1,2638,29.9123845,74.78096125,362,25.71295727,2.362689202,87.93333333,27.09342953,3.202858461,3.213360176,3.183763582,3.207285337,3.197910901,3.197171832,3.193881537,3.207196568
1,2639,29.90722181,74.76805452,361,25.47609713,-18.4910764,87.96666667,27.68972508,3.204908289,3.190860944,3.201319372,3.205648915,3.201424084,3.208862722,3.197679692,3.181965139
1,2640,29.90205843,74.75514607,360,25.64775125,-38.3170478,88,29.28651711,3.20149374,3.201445006,3.202489492,3.208855833,3.184380294,3.198092134,3.192618738,3.190335757
1,2641,29.89689437,74.74223592,359,25.81711676,17.82713631,88.03333333,30.30014198,3.199421608,3.205614576,3.202407573,3.194499821,3.198836227,3.207439172,3.205465034,3.19557784
1,2642,29.89172962,74.72932405,358,25.57383449,-37.40107226,88.06666667,29.0268772,3.195060029,3.186268127,3.196564709,3.186113689,3.216536557,3.193159055,3.208871847,3.21454485
1,2643,29.88656419,74.71641047,357,25.49828393,7.622147288,88.1,28.18310178,3.201729611,3.199199886,3.189421078,3.195963199,3.21283172,3.202810021,3.200226786,3.210496986
1,2644,29.88139807,74.70349518,356,25.52174933,3.13550353,88.13333333,30.69642119,3.205570324,3.198817015,3.201730047,3.19385548,3.195511675,3.198349611,3.204459768,3.190021096
1,2645,29.87623127,74.69057819,355,25.46924404,37.50517525,88.16666667,27.43689435,3.200609923,3.196881103,3.192792566,3.196924068,3.181428774,3.193939291,3.191204105,3.197760672
1,2646,29.87106379,74.67765948,354,25.50582857,-1.262948852,88.2,29.85565481,3.181761681,3.201527142,3.207275386,3.199061629,3.203990335,3.195898156,3.187563031,3.200013531
1,2647,29.86589563,74.66473906,353,25.55553903,-34.91188509,88.23333333,27.48148696,3.205443027,3.189404895,3.196278182,3.198023069,3.222811261,3.20178697,3.184755411,3.182777193
1,2648,29.86072678,74.65181694,352,25.43133196,4.135037425,88.26666667,28.77584132,3.205843991,3.219880256,3.197752204,3.197273443,3.203446193,3.193613629,3.179646763,3.208298115
1,2649,29.85555724,74.63889311,351,25.6018742,27.28769365,88.3,27.79558738,3.195094543,3.208400943,3.193912106,3.200974233,3.206838656,3.208562808,3.201863909,3.201465913
1,2650,29.85038703,74.62596757,350,25.70827326,39.74794274,88.33333333,27.89946607,3.204957649,3.203713356,3.189670556,3.189823341,3.183127527,3.206132064,3.196834162,3.206561578
1,2651,29.84521613,74.61304032,349,25.49106926,-5.572546105,88.36666667,27.32070427,3.203229685,3.191980587,3.199038221,3.196361424,3.195126212,3.207322299,3.220085948,3.208929629
1,2652,29.84004455,74.60011136,348,25.78231407,-14.3761006,88.4,30.42073726,3.199784349,3.210076062,3.213703221,3.188861034,3.209798838,3.206157456,3.209504952,3.2065063
1,2653,29.83487228,74.5871807,347,25.66129505,32.53226376,88.43333333,26.68073313,3.198178168,3.216262965,3.202716789,3.196525384,3.204047824,3.207779167,3.200758089,3.203145091
1,2654,29.82969933,74.57424834,346,25.72366967,-24.70062967,88.46666667,26.66758195,3.200706937,3.194719394,3.193425404,3.18877747,3.21214416,3.198212662,3.172579399,3.203172265
1,2655,29.82452571,74.56131426,345,25.52105985,9.234313203,88.5,31.81778842,3.203006617,3.185067459,3.19334083,3.192989688,3.194061858,3.209702207,3.19880898,3.196582121
1,2656,29.81935139,74.54837849,344,25.70254303,-7.542846066,88.53333333,29.76012562,3.20897912,3.203962782,3.186072174,3.195067011,3.202575697,3.192528879,3.216236438,3.20090303
1,2657,29.8141764,74.535441,343,25.46896793,-36.7134108,88.56666667,23.70679534,3.193972989,3.191016451,3.207420221,3.194817105,3.203039393,3.190787845,3.200561582,3.194912913
1,2658,29.80900073,74.52250182,342,25.7068297,-12.21692206,88.6,26.98253427,3.197476845,3.193629754,3.20820501,3.196071968,3.198852342,3.199238862,3.212898161,3.207122469
1,2659,29.80382437,74.50956093,341,25.62062072,-18.7817182,88.63333333,24.73841919,3.206325446,3.187376907,3.194748861,3.20950895,3.190632553,3.200672108,3.191477908,3.192280742
1,2660,29.79864733,74.49661833,340,25.66639015,14.88729232,88.66666667,26.28875675,3.213446285,3.205754165,3.207865122,3.206269932,3.198885693,3.194467226,3.196783278,3.198465388
1,2661,29.79346961,74.48367404,339,25.45892865,35.90323982,88.7,22.3506736,3.214210289,3.189309149,3.195570708,3.192696293,3.208452986,3.214830306,3.202470291,3.203128127
1,2662,29.78829121,74.47072804,338,25.49259162,-18.55622501,88.73333333,27.75341876,3.200730567,3.203499832,3.206185241,3.203405124,3.203990675,3.206203315,3.185773775,3.200016071
1,2663,29.78311213,74.45778034,337,25.67166739,24.91727513,88.76666667,25.94450473,3.202441672,3.203329185,3.19863291,3.201286012,3.194240749,3.185801242,3.207865097,3.190925027
1,2664,29.77793237,74.44483093,336,25.48619824,-35.57121464,88.8,28.10782946,3.198716369,3.194006963,3.212696074,3.199362842,3.197516348,3.205982927,3.217251793,3.203245516
1,2665,29.77275193,74.43187983,335,25.65558476,3.049680803,88.83333333,25.07478173,3.196980644,3.205572752,3.187418567,3.200371434,3.215951661,3.201261979,3.200862221,3.200165092
1,2666,29.76757081,74.41892702,334,25.43594346,-34.3559949,88.86666667,28.14924134,3.19683619,3.202515925,3.206202184,3.19734544,3.180073986,3.20372494,3.217065009,3.196989909
1,2667,29.76238901,74.40597251,333,25.70178091,34.72263929,88.9,27.2531507,3.188230693,3.205419304,3.213950658,3.204234989,3.2137976,3.206349348,3.205654808,3.195855995
1,2668,29.75720652,74.39301631,332,25.4520972,21.30810244,88.93333333,30.70351534,3.202283255,3.199764232,3.199490114,3.197969079,3.201804908,3.18962924,3.206493747,3.192978038
1,2669,29.75202336,74.3800584,331,25.66627599,12.6359929,88.96666667,30.54044235,3.19799783,3.202644479,3.192581813,3.184268296,3.196935627,3.18855122,3.205698487,3.190771971
1,2670,29.74683952,74.36709879,330,25.67507571,25.91171053,89,29.41362209,3.211881245,3.199953657,3.200473394,3.184154949,3.201158901,3.199358561,3.189607288,3.200698147
1,2671,29.741655,74.35413749,329,25.51638738,11.80158365,89.03333333,27.41209519,3.196816616,3.198265697,3.200207054,3.196228366,3.201971653,3.199307556,3.203782148,3.195770603
1,2672,29.73646979,74.34117448,328,25.66984319,37.51555177,89.06666667,31.57368471,3.191480642,3.194329052,3.211541254,3.207647732,3.209707033,3.210261712,3.196269456,3.202366495
1,2673,29.73128391,74.32820978,327,25.63125307,17.11663583,89.1,25.2045365,3.200606712,3.205276308,3.197686654,3.200743793,3.200578172,3.204258099,3.205245738,3.200749368
1,2674,29.72609735,74.31524338,326,25.53533898,33.97268877,89.13333333,25.47359447,3.200991926,3.201807184,3.213172411,3.186160018,3.192242563,3.205389437,3.202158275,3.202101996
1,2675,29.72091011,74.30227529,325,25.47897344,1.370551361,89.16666667,27.84919042,3.205339964,3.201711943,3.19552574,3.205030473,3.200167097,3.196419383,3.205522885,3.205208271
1,2676,29.7157222,74.28930549,324,25.36448492,-30.63484696,89.2,32.0572686,3.201718132,3.213736953,3.210614614,3.208014858,3.220530925,3.198828293,3.196281597,3.206882905
1,2677,29.7105336,74.276334,323,25.64195801,2.254217714,89.23333333,27.63578997,3.197978926,3.200095422,3.19211264,3.204853276,3.188231942,3.199228494,3.199877154,3.196511689
1,2678,29.70534433,74.26336082,322,25.41222367,-29.85017375,89.26666667,27.67015856,3.185942282,3.185882951,3.194030621,3.204312403,3.202311399,3.199868517,3.192923292,3.202729058
1,2679,29.70015437,74.25038594,321,25.6114413,7.399478334,89.3,25.40456136,3.185607766,3.180827604,3.198055428,3.195631589,3.20810537,3.20126387,3.213205882,3.195614279
1,2680,29.69496374,74.23740936,320,25.56838621,-1.400555158,89.33333333,29.70267325,3.203894178,3.197981783,3.211053758,3.198367596,3.206835254,3.191379048,3.196678299,3.199327653
1,2681,29.68977243,74.22443109,319,25.68149713,9.806031827,89.36666667,29.71571726,3.21010734,3.182422504,3.197338844,3.197068159,3.183384212,3.196287714,3.187674663,3.181354692
1,2682,29.68458045,74.21145112,318,25.56375454,-39.19624152,89.4,29.42033536,3.197901497,3.197630839,3.198040371,3.202022866,3.192964825,3.214326848,3.199733648,3.210291444
1,2683,29.67938778,74.19846946,317,25.56046627,-24.41276067,89.43333333,26.86740279,3.186560806,3.193323763,3.205490518,3.198187486,3.191414565,3.185290961,3.205865629,3.205212818
1,2684,29.67419444,74.18548611,316,25.68782448,-0.693565447,89.46666667,26.72792782,3.201946566,3.19603275,3.19109528,3.199576148,3.189477451,3.193987327,3.210090005,3.185193314
1,2685,29.66900042,74.17250106,315,25.64020696,36.04028493,89.5,25.67237995,3.205420223,3.211953568,3.206530078,3.203185703,3.196291417,3.194832896,3.182014953,3.200296053
1,2686,29.66380573,74.15951432,314,25.63793871,-9.311276772,89.53333333,28.1509705,3.196782076,3.194415725,3.199839352,3.200498956,3.194915542,3.212904646,3.205844822,3.207170228
1,2687,29.65861036,74.14652589,313,25.65631211,-6.050237916,89.56666667,26.05526681,3.199173578,3.204089886,3.192834363,3.205330068,3.198364779,3.191824132,3.199817867,3.197663568
1,2688,29.65341431,74.13353576,312,25.41573135,17.17568712,89.6,25.88065029,3.218584555,3.203483154,3.21263774,3.209050297,3.200302245,3.196450246,3.186078187,3.193032452
1,2689,29.64821758,74.12054395,311,25.69081464,8.303420583,89.63333333,27.23735671,3.205302028,3.197582957,3.203006563,3.183757799,3.203628119,3.208771852,3.185793934,3.202972511
1,2690,29.64302018,74.10755044,310,25.67349626,-16.08590799,89.66666667,27.11951888,3.210748277,3.213440693,3.195972007,3.206239443,3.211438319,3.203211051,3.210280621,3.199713107
1,2691,29.6378221,74.09455524,309,25.47799802,-7.134688355,89.7,27.03163865,3.203154513,3.195027126,3.198683199,3.203469729,3.194427045,3.198211309,3.206086989,3.21642046
1,2692,29.63262334,74.08155836,308,25.57071034,-22.58401609,89.73333333,28.83960027,3.183604492,3.215812613,3.197921026,3.207719199,3.209288742,3.212515974,3.194176305,3.19819783
1,2693,29.62742391,74.06855978,307,25.59528313,37.28171673,89.76666667,28.14228604,3.199571231,3.197140529,3.210550088,3.199385378,3.187051619,3.194935889,3.1873728,3.19817329
1,2694,29.62222381,74.05555951,306,25.58386039,-29.54924948,89.8,27.48131915,3.205380397,3.194764187,3.196775736,3.197801878,3.20112594,3.204128662,3.206458043,3.218044136
1,2695,29.61702302,74.04255756,305,25.6400632,-10.25305723,89.83333333,28.32942327,3.200987967,3.205886344,3.187299546,3.196966536,3.197836665,3.191861481,3.195712058,3.199140122
1,2696,29.61182156,74.02955391,304,25.77176401,-37.93288222,89.86666667,26.21525133,3.195962693,3.220814674,3.204098203,3.216008182,3.211941209,3.194886031,3.200300484,3.196521403
1,2697,29.60661943,74.01654858,303,25.72981201,-22.25764065,89.9,28.18950152,3.198705418,3.192188531,3.196467717,3.202876151,3.202664976,3.202027229,3.199522601,3.206885939
1,2698,29.60141662,74.00354156,302,25.4425337,22.43769107,89.93333333,28.27108449,3.197943656,3.211132419,3.18521922,3.205254488,3.203906969,3.194603468,3.197158152,3.203718328
1,2699,29.59621314,73.99053285,301,25.6746484,-23.90598142,89.96666667,25.29451565,3.207327482,3.186004295,3.205025969,3.196338791,3.209002318,3.185285798,3.219562392,3.192910881
1,2700,29.59100898,73.97752245,300,25.759472,-33.5949278,90,29.79224876,3.211439689,3.199446523,3.193450666,3.202120912,3.208233004,3.187578362,3.205612711,3.199902572
1,2701,29.58580415,73.96451037,299,25.64641702,-2.043745612,90.03333333,26.41341933,3.204616353,3.200087803,3.195425049,3.191095014,3.205381161,3.205338176,3.205298178,3.203420771
1,2702,29.58059864,73.9514966,298,25.73091765,-39.20246122,90.06666667,28.16255764,3.207557591,3.211248554,3.184988657,3.18126562,3.213743579,3.189271628,3.191310054,3.197699086
1,2703,29.57539246,73.93848115,297,25.84147245,-33.21870765,90.1,30.09594113,3.186768227,3.196947306,3.192415157,3.198133273,3.20223873,3.197251694,3.196847622,3.202063966
1,2704,29.5701856,73.92546401,296,25.72284515,24.61006957,90.13333333,29.66621816,3.208354334,3.212823715,3.198251694,3.214599113,3.207013655,3.190143932,3.189910334,3.195381697
1,2705,29.56497807,73.91244519,295,25.62991703,21.71786759,90.16666667,28.0618001,3.211556832,3.195989061,3.184861145,3.198168926,3.184155424,3.191560115,3.195303773,3.201197351
1,2706,29.55976987,73.89942468,294,25.72541062,33.21110563,90.2,27.34750179,3.208193299,3.205553088,3.190565402,3.197026302,3.200611005,3.197902343,3.197845638,3.186218053
1,2707,29.55456099,73.88640248,293,25.61738654,28.36123487,90.23333333,29.70552144,3.190778127,3.196776481,3.175254195,3.205125155,3.189018567,3.205494705,3.204791328,3.195650456
1,2708,29.54935144,73.87337861,292,25.60286837,14.65404506,90.26666667,29.21445096,3.208004387,3.205945579,3.197528308,3.196625923,3.208777862,3.201856111,3.208357577,3.180888207
1,2709,29.54414122,73.86035305,291,25.55783029,-35.81337142,90.3,26.88694296,3.200787881,3.187380727,3.199793692,3.205710562,3.213913121,3.192494666,3.195794362,3.199235737
1,2710,29.53893032,73.8473258,290,25.7876096,22.62788944,90.33333333,26.56919144,3.192203751,3.207828478,3.199439244,3.200975656,3.204961385,3.199426308,3.193459687,3.199495838
1,2711,29.53371875,73.83429688,289,25.50178856,27.64086487,90.36666667,24.26976067,3.193150549,3.200863847,3.207975502,3.190600174,3.187741032,3.200393999,3.193857603,3.200253962
1,2712,29.52850651,73.82126627,288,25.78388413,23.92657166,90.4,28.27725732,3.202563228,3.18285051,3.205518795,3.190642652,3.199821216,3.194724941,3.195584344,3.213551664
1,2713,29.52329359,73.80823398,287,25.65998369,0.678322825,90.43333333,27.85114406,3.20255414,3.207237507,3.201207531,3.204960109,3.203339027,3.202035649,3.208857247,3.201252044
1,2714,29.51808,73.79520001,286,25.43208326,-21.36785291,90.46666667,30.04514447,3.218281189,3.207684253,3.190883674,3.198587602,3.203176621,3.200355975,3.205494987,3.206376134
1,2715,29.51286574,73.78216435,285,25.64411792,27.62639806,90.5,28.64629917,3.189123304,3.21024862,3.19602546,3.195232764,3.195207021,3.206468611,3.197863458,3.194691587
1,2716,29.50765081,73.76912702,284,25.34799682,18.17302478,90.53333333,30.40161255,3.196608327,3.185642467,3.19326269,3.190083332,3.197846645,3.205313546,3.204431007,3.210054004
1,2717,29.5024352,73.75608801,283,25.67506096,38.46089395,90.56666667,26.74474439,3.208271807,3.195771226,3.200152571,3.199739551,3.182791579,3.190261924,3.198661707,3.198616829
1,2718,29.49721893,73.74304731,282,25.70622778,-27.54459218,90.6,30.0486706,3.2040986,3.203709133,3.18583446,3.204148774,3.201428698,3.204986985,3.208534925,3.198856936
1,2719,29.49200198,73.73000494,281,25.52891729,-21.94683336,90.63333333,27.04795052,3.209964706,3.192884796,3.192434095,3.203430178,3.19704986,3.202093061,3.215943857,3.203147961
1,2720,29.48678436,73.71696089,280,25.61482572,-23.05614801,90.66666667,29.39967291,3.201697356,3.193046237,3.186400162,3.199419627,3.208534962,3.197416496,3.2032117,3.211411978
1,2721,29.48156606,73.70391516,279,25.83449889,23.40318141,90.7,25.37423489,3.211212131,3.203430527,3.201360852,3.187850936,3.194958443,3.197753954,3.193181347,3.201987626
1,2722,29.4763471,73.69086775,278,25.5393104,-25.04741628,90.73333333,28.42324354,3.215293185,3.212142093,3.201951039,3.206235473,3.194171165,3.211712715,3.187504267,3.207302625
1,2723,29.47112747,73.67781867,277,25.47293109,-34.66721361,90.76666667,24.42756171,3.203964718,3.193953125,3.198329706,3.190925978,3.19126688,3.187271568,3.206140111,3.20964276
1,2724,29.46590716,73.6647679,276,25.77779961,39.88486453,90.8,27.51915253,3.182705537,3.214706444,3.199903934,3.202318826,3.188220697,3.210566606,3.201602001,3.20911061
1,2725,29.46068619,73.65171546,275,25.83551046,-38.01462308,90.83333333,28.79263719,3.209766867,3.210678995,3.194813754,3.198336304,3.195106383,3.207160772,3.202663114,3.208553159
1,2726,29.45546454,73.63866135,274,25.60044348,26.81952481,90.86666667,27.06225661,3.20890191,3.186181924,3.210806161,3.207606888,3.197046201,3.202798342,3.199010643,3.204928445
1,2727,29.45024222,73.62560555,273,25.72137556,-10.77065268,90.9,26.10921227,3.197028829,3.203831418,3.200538442,3.196542449,3.20152109,3.221651757,3.194515707,3.198000451
1,2728,29.44501923,73.61254808,272,25.76097711,27.32923678,90.93333333,29.52301324,3.194655101,3.195494269,3.206526195,3.20572706,3.199953092,3.208210373,3.206347546,3.198701327
1,2729,29.43979558,73.59948894,271,25.51090189,4.369639297,90.96666667,27.81376698,3.187729082,3.206638264,3.201357317,3.200177788,3.196271616,3.205957192,3.20278797,3.198105376
1,2730,29.43457125,73.58642812,270,25.5417633,32.13049836,91,27.11877284,3.190196364,3.208543433,3.204839242,3.202043223,3.178745808,3.199696846,3.19807037,3.195052035
1,2731,29.42934625,73.57336563,269,25.74770494,34.09543891,91.03333333,28.07541266,3.206033882,3.20571888,3.203494598,3.208303127,3.191821612,3.196370768,3.200598338,3.195023984
1,2732,29.42412058,73.56030146,268,25.80220171,-39.2721455,91.06666667,32.74600446,3.205817354,3.195822393,3.21038696,3.192550725,3.217055869,3.216234379,3.199241975,3.209169364
1,2733,29.41889425,73.54723562,267,25.6675457,-33.96702592,91.1,30.07630513,3.196796576,3.208106292,3.198592173,3.189716481,3.171737454,3.197850292,3.2022325,3.210642531
1,2734,29.41366724,73.5341681,266,25.49442228,-19.97130163,91.13333333,30.0926326,3.200293,3.208023281,3.196368468,3.197301768,3.208432285,3.180282604,3.200103871,3.196800309
1,2735,29.40843957,73.52109892,265,25.83844733,13.54523331,91.16666667,28.78398337,3.21088489,3.19577403,3.20413268,3.207372136,3.188059232,3.198885038,3.196546909,3.207570346
1,2736,29.40321122,73.50802805,264,25.53628349,31.06177572,91.2,28.29967349,3.205400655,3.198134384,3.191620736,3.208305174,3.199458778,3.187052987,3.187740957,3.203501067
1,2737,29.39798221,73.49495552,263,25.55978347,-3.204643896,91.23333333,23.68705188,3.18979355,3.21487718,3.192503438,3.199997114,3.201272896,3.194164978,3.182081384,3.201527161
1,2738,29.39275253,73.48188132,262,25.64108054,8.557849302,91.26666667,26.77783538,3.19397408,3.200932307,3.199021352,3.20210633,3.212494961,3.195630536,3.196249243,3.186673622
1,2739,29.38752218,73.46880544,261,25.78649925,-24.92001178,91.3,27.13496606,3.198438528,3.20327896,3.196132041,3.203331444,3.198579932,3.18958187,3.202495881,3.198353343
1,2740,29.38229116,73.45572789,260,25.70247712,24.39734671,91.33333333,24.62519428,3.200982063,3.195464401,3.19475678,3.201259286,3.198155201,3.213794226,3.206389844,3.204360034
1,2741,29.37705947,73.44264868,259,25.64978386,37.38624891,91.36666667,25.91665158,3.198580154,3.183791812,3.193539241,3.194821652,3.197800125,3.199733124,3.2052486,3.202185164
1,2742,29.37182712,73.42956779,258,25.65559462,-18.51208537,91.4,24.43449435,3.209273626,3.197504784,3.202057304,3.202750754,3.20196581,3.210255122,3.206430195,3.189444774
1,2743,29.36659409,73.41648523,257,25.60522176,-0.413923872,91.43333333,27.9310171,3.199085351,3.199888211,3.217212329,3.197361671,3.192140129,3.203506603,3.203975886,3.199409817
1,2744,29.3613604,73.40340101,256,25.66697674,-33.11071116,91.46666667,29.47377875,3.198237912,3.207591232,3.193171215,3.197272373,3.195822801,3.208751157,3.202283954,3.191480047
1,2745,29.35612604,73.39031511,255,25.29645279,4.730932517,91.5,29.99219413,3.192283949,3.214987321,3.208665742,3.206732402,3.200097976,3.212067786,3.191172762,3.20602374
1,2746,29.35089102,73.37722754,254,25.5644071,0.222675348,91.53333333,28.74661203,3.196453812,3.198008853,3.205806314,3.19885154,3.196522401,3.196038739,3.184109234,3.206105629
1,2747,29.34565532,73.36413831,253,25.62895863,-28.44508127,91.56666667,26.26588659,3.191946959,3.214867275,3.1976991,3.210475518,3.185527752,3.205851864,3.207908446,3.210428509
1,2748,29.34041896,73.35104741,252,25.46187831,-4.634702951,91.6,24.52228271,3.18777569,3.194378251,3.20461208,3.201187536,3.202346877,3.197117707,3.212406389,3.220867724
1,2749,29.33518194,73.33795484,251,25.6463588,-13.27162783,91.63333333,24.83763634,3.200831839,3.20362737,3.20044995,3.210272427,3.20663293,3.191468955,3.195098384,3.191925626
1,2750,29.32994424,73.32486061,250,25.57546345,1.746470024,91.66666667,25.71583136,3.221558579,3.205082494,3.19523451,3.194595584,3.20644185,3.207239361,3.206384862,3.196595541
1,2751,29.32470588,73.31176471,249,25.81065708,6.852346834,91.7,26.40005254,3.202446749,3.200887321,3.192509917,3.192588049,3.20329572,3.201571609,3.204426814,3.206328184
1,2752,29.31946686,73.29866714,248,25.78876237,-39.32035371,91.73333333,27.7124527,3.211995061,3.193792765,3.20504189,3.205993591,3.197502957,3.200974905,3.197707532,3.216868723
1,2753,29.31422716,73.2855679,247,25.54410333,20.88047864,91.76666667,26.17450441,3.200838822,3.203612041,3.197888126,3.196162923,3.189583979,3.208798949,3.2061475,3.197591228
1,2754,29.3089868,73.27246701,246,25.58189947,17.04114335,91.8,28.61015661,3.192797041,3.201439268,3.196018426,3.198223659,3.18989152,3.201736557,3.201896026,3.208757783
1,2755,29.30374578,73.25936444,245,25.59112629,-10.6970891,91.83333333,27.58190769,3.198794067,3.1973315,3.187545913,3.208807688,3.207142585,3.200229908,3.189366152,3.190283784
1,2756,29.29850408,73.24626021,244,25.54580086,-35.76512515,91.86666667,28.01898228,3.195623153,3.207721806,3.202322701,3.188053142,3.203233695,3.193286827,3.195822302,3.207773904
1,2757,29.29326173,73.23315432,243,25.623403,20.39460318,91.9,30.05245099,3.206124033,3.208744799,3.199814932,3.207064196,3.19531091,3.197939473,3.197389654,3.20019092
1,2758,29.2880187,73.22004676,242,25.50900615,36.41401284,91.93333333,25.87558288,3.189708071,3.198199961,3.211613258,3.191259775,3.18936543,3.190010493,3.221294876,3.203718816
1,2759,29.28277502,73.20693754,241,25.46432616,-20.78787232,91.96666667,28.75366824,3.197837877,3.200546563,3.201821115,3.1948764,3.195862266,3.198738535,3.194201959,3.196824523
1,2760,29.27753066,73.19382666,240,25.67472535,-14.1180309,92,27.97484819,3.202824733,3.192022775,3.220879595,3.206025253,3.189839322,3.180176772,3.194499974,3.205474885
1,2761,29.27228564,73.18071411,239,25.67554355,-25.29496884,92.03333333,27.39972469,3.203923759,3.199113212,3.19518846,3.192766949,3.196779335,3.19190096,3.196808978,3.210647607
1,2762,29.26703996,73.1675999,238,25.50348211,6.154889868,92.06666667,29.59346138,3.193830082,3.20488705,3.206107391,3.191363189,3.193253025,3.208551547,3.192593888,3.199540114
1,2763,29.26179361,73.15448403,237,25.70744265,-27.61268843,92.1,29.58222548,3.216319871,3.207838658,3.200681844,3.206725845,3.199552623,3.208145855,3.183629877,3.198885872
1,2764,29.2565466,73.1413665,236,25.52421067,-11.50448452,92.13333333,26.29631657,3.183309281,3.201290842,3.198110577,3.210885839,3.205694619,3.195791298,3.19675027,3.203045572
1,2765,29.25129892,73.12824731,235,25.63037983,15.76104111,92.16666667,27.67211095,3.195419515,3.199741018,3.210533585,3.193366959,3.196418605,3.197540541,3.225264587,3.204865941
1,2766,29.24605058,73.11512645,234,25.69844128,4.809278641,92.2,28.50618103,3.209056547,3.206145006,3.206683151,3.203788588,3.202922154,3.188394043,3.202862916,3.199133251
1,2767,29.24080157,73.10200394,233,25.59596649,-9.082994854,92.23333333,27.50858785,3.204363655,3.199433127,3.206105314,3.207519461,3.17670272,3.196528857,3.185140905,3.201911556
1,2768,29.2355519,73.08887976,232,25.65456891,-6.380031855,92.26666667,29.0530384,3.197594333,3.210846628,3.201657957,3.19611576,3.207508572,3.19745438,3.19601602,3.203149003
1,2769,29.23030157,73.07575393,231,25.53802844,4.96887061,92.3,28.50614563,3.212903771,3.206828415,3.204535448,3.222007588,3.19414072,3.193962257,3.201164556,3.212120211
1,2770,29.22505057,73.06262643,230,25.57642401,-39.53082177,92.33333333,31.29861023,3.192466512,3.214036581,3.18848702,3.199030256,3.201387725,3.192938945,3.195030125,3.206373044
1,2771,29.21979891,73.04949728,229,25.57529687,-33.71921052,92.36666667,25.24549756,3.211532446,3.183083117,3.201441891,3.199093529,3.200859171,3.197465868,3.189676104,3.212338376
1,2772,29.21454659,73.03636647,228,25.5104106,30.50064542,92.4,27.77961522,3.209274637,3.199168086,3.196093494,3.195124475,3.179314774,3.202830561,3.206242589,3.201103217
1,2773,29.2092936,73.023234,227,25.5787871,-33.76968087,92.43333333,26.36469548,3.199309309,3.201067068,3.193174192,3.196003558,3.198669336,3.205573413,3.211030867,3.198166817
1,2774,29.20403995,73.01009988,226,25.4141658,16.5442877,92.46666667,29.08739342,3.191641716,3.200285174,3.216091929,3.192337549,3.207086726,3.210687684,3.197119881,3.194394203
1,2775,29.19878564,72.99696409,225,25.54106155,33.60305313,92.5,25.0890906,3.204599653,3.202825734,3.205558193,3.216589675,3.201336372,3.190462201,3.20053312,3.201932454
1,2776,29.19353066,72.98382665,224,25.56581494,-18.34531166,92.53333333,28.62336288,3.210137349,3.198425885,3.196727457,3.189030448,3.204379302,3.226785657,3.198219272,3.20361564
1,2777,29.18827502,72.97068756,223,25.56925843,-10.36068504,92.56666667,26.86591282,3.195617337,3.189749721,3.203473888,3.200225506,3.180915567,3.21288023,3.203327715,3.200591164
1,2778,29.18301872,72.9575468,222,25.57102031,5.513712468,92.6,26.67850864,3.196624185,3.203242353,3.203611168,3.203210571,3.208543944,3.21036217,3.216044745,3.193305263
1,2779,29.17776176,72.94440439,221,25.5925883,30.53671757,92.63333333,25.39630323,3.195412628,3.202889457,3.193767273,3.195055879,3.203801837,3.207206739,3.210207424,3.198459085
1,2780,29.17250413,72.93126033,220,25.65753298,35.35244698,92.66666667,27.1628633,3.203705224,3.201942062,3.20014126,3.193471927,3.192454311,3.205333398,3.193337445,3.185784649
1,2781,29.16724584,72.91811461,219,25.70494205,19.16505985,92.7,29.95210095,3.199745909,3.211641922,3.177641196,3.197693358,3.205401719,3.185412029,3.198293337,3.190884342
1,2782,29.1619869,72.90496724,218,25.52202817,-33.07041913,92.73333333,27.95466037,3.191942575,3.196780654,3.191014817,3.190349594,3.199526146,3.217817112,3.206061947,3.208084262
1,2783,29.15672728,72.89181821,217,25.4556159,13.53233244,92.76666667,29.12982475,3.2063781,3.194419891,3.202486658,3.208781554,3.2066267,3.201556408,3.204160372,3.219702992
1,2784,29.15146701,72.87866753,216,25.47495467,-7.17570225,92.8,30.99635528,3.206715546,3.197478725,3.199407704,3.191566789,3.218776288,3.212830958,3.200665704,3.217446561
1,2785,29.14620608,72.86551519,215,25.54153565,-2.343920041,92.83333333,28.47476005,3.2050592,3.196553229,3.20725162,3.203189148,3.206702854,3.189047265,3.193517487,3.211907767
1,2786,29.14094448,72.85236121,214,25.55776944,-36.06812877,92.86666667,26.99416077,3.2135451,3.211320902,3.217749175,3.204618946,3.204056667,3.192694345,3.195355748,3.184093913
1,2787,29.13568223,72.83920557,213,25.50760047,-24.71502885,92.9,28.84105399,3.197428112,3.183531791,3.208647729,3.203107191,3.183790646,3.19848109,3.215741245,3.198994671
1,2788,29.13041931,72.82604827,212,25.444466,23.2410886,92.93333333,27.02026694,3.192013032,3.185715982,3.185954827,3.20428464,3.196529019,3.197192047,3.196562027,3.19887808
1,2789,29.12515573,72.81288933,211,25.5452655,-3.683293356,92.96666667,27.09203917,3.190182696,3.20252884,3.18861835,3.19395326,3.208086622,3.20300964,3.205485455,3.217203107
1,2790,29.11989149,72.79972873,210,25.62177119,-15.86702067,93,25.26419296,3.199522768,3.200171682,3.197885432,3.196452687,3.191915273,3.200672518,3.202840389,3.203286163
1,2791,29.11462659,72.78656649,209,25.67140354,-9.278474083,93.03333333,29.66726348,3.200514911,3.207409366,3.200235494,3.196725585,3.192584095,3.187608198,3.211683321,3.194407563
1,2792,29.10936103,72.77340259,208,25.53310923,28.35196107,93.06666667,27.30519536,3.192594663,3.196659694,3.19777289,3.213108099,3.197374823,3.221067069,3.200509578,3.216456226
1,2793,29.10409482,72.76023704,207,25.55044026,19.91992139,93.1,28.32777684,3.207151434,3.202888299,3.212622785,3.208977838,3.205077433,3.218540752,3.196012858,3.192040691
1,2794,29.09882794,72.74706984,206,25.4887962,-18.21476823,93.13333333,26.13526853,3.194590154,3.214018186,3.21160608,3.195797905,3.18116279,3.19835324,3.191893886,3.196048512
1,2795,29.0935604,72.73390099,205,25.5962273,-30.59985278,93.16666667,28.78470573,3.191564728,3.187123695,3.215065635,3.194530654,3.211301342,3.198229033,3.190953566,3.204072547
1,2796,29.0882922,72.7207305,204,25.49818856,-19.84014227,93.2,26.62850577,3.196871545,3.198343191,3.201159247,3.193502297,3.187030909,3.199589843,3.207711342,3.19278727
1,2797,29.08302334,72.70755835,203,25.66877534,33.66051608,93.23333333,27.7449243,3.201231698,3.212044057,3.199281881,3.200688755,3.200441699,3.194541245,3.192053164,3.192085901
1,2798,29.07775382,72.69438456,202,25.38569602,6.527107028,93.26666667,29.58008686,3.202945466,3.206062979,3.206440658,3.196971657,3.208746468,3.202458911,3.200565938,3.173285147
1,2799,29.07248365,72.68120912,201,25.55684444,2.6784167,93.3,29.42336676,3.193460723,3.187831217,3.205016588,3.200760267,3.191424109,3.2024349,3.188612061,3.191649895
1,2800,29.06721281,72.66803203,200,25.63613288,7.711487975,93.33333333,27.96034587,3.194318229,3.204321091,3.211195533,3.195311932,3.210579669,3.200379228,3.201889105,3.199489564
1,2801,29.06194132,72.65485329,199,25.62206014,-10.71773874,93.36666667,24.81736414,3.19842149,3.2035144,3.205922569,3.19292311,3.198485596,3.213354201,3.201417509,3.202293551
1,2802,29.05666916,72.64167291,198,25.92316404,24.56856163,93.4,33.38705903,3.209338148,3.195990044,3.199728315,3.206534759,3.209911218,3.181078854,3.19410665,3.192013078
1,2803,29.05139635,72.62849088,197,25.641976,1.862899944,93.43333333,31.14254615,3.199009399,3.192618618,3.205312844,3.201379283,3.207113521,3.207624064,3.205432688,3.197313676
1,2804,29.04612288,72.6153072,196,25.47951345,-30.66016778,93.46666667,29.30081468,3.20083422,3.196313009,3.189082117,3.207630303,3.199327483,3.187979104,3.204295597,3.198208409
1,2805,29.04084875,72.60212188,195,25.58854429,-29.67479001,93.5,26.64423319,3.183521568,3.189010166,3.194395111,3.201684096,3.20630416,3.206030151,3.204822904,3.199725101
1,2806,29.03557396,72.58893491,194,25.38685044,2.94873172,93.53333333,27.79553411,3.213777858,3.20559897,3.201776843,3.204532705,3.19680772,3.199542051,3.183344368,3.196906019
1,2807,29.03029852,72.5757463,193,25.59032803,34.92561745,93.56666667,27.02184323,3.214079104,3.201187002,3.200853918,3.207988833,3.202862603,3.19370813,3.20018926,3.190918247
1,2808,29.02502242,72.56255604,192,25.50003327,-15.33183027,93.6,30.27494069,3.201468897,3.193298,3.207426357,3.195918075,3.193402369,3.199097344,3.202923135,3.190341344
1,2809,29.01974566,72.54936414,191,25.70984683,29.56329351,93.63333333,28.4725052,3.195829867,3.200841298,3.210706948,3.179770274,3.204921306,3.196931475,3.196043117,3.194550984
1,2810,29.01446824,72.5361706,190,25.53405517,21.12764693,93.66666667,26.58850505,3.197088835,3.204966538,3.195705708,3.213268736,3.204990934,3.201583777,3.198671551,3.209518834
1,2811,29.00919016,72.52297541,189,25.58598809,-20.17500457,93.7,27.15264082,3.210688157,3.190708943,3.194384815,3.205077042,3.207493448,3.197597276,3.194060441,3.200628901
1,2812,29.00391143,72.50977858,188,25.52373306,-37.09274013,93.73333333,30.01813866,3.211813547,3.200328274,3.189888474,3.200876666,3.206261985,3.199188982,3.210065334,3.206926792
1,2813,28.99863204,72.4965801,187,25.80866216,-31.85221879,93.76666667,30.88017612,3.199505929,3.200345152,3.185265922,3.209681814,3.197363861,3.196800346,3.195601171,3.20365358
1,2814,28.993352,72.48337999,186,25.56145087,18.27951471,93.8,30.75099681,3.190970456,3.192126618,3.199579799,3.194987893,3.202681869,3.195280886,3.21276029,3.20554766
1,2815,28.98807129,72.47017823,185,25.81990685,-24.02642096,93.83333333,29.36265772,3.20544709,3.195160306,3.219245437,3.196487912,3.194289518,3.205653941,3.201561825,3.193452926
1,2816,28.98278993,72.45697483,184,25.69769821,-10.29832636,93.86666667,27.54527524,3.217566777,3.207804796,3.200032042,3.219208881,3.206486241,3.199904792,3.218251501,3.205271878
1,2817,28.97750792,72.44376979,183,25.65784801,0.135933281,93.9,22.16527511,3.204921962,3.196909219,3.200395308,3.196714456,3.211517886,3.187124687,3.210926963,3.19298126
1,2818,28.97222524,72.43056311,182,25.64424798,18.03745348,93.93333333,28.53488804,3.19953663,3.197638269,3.19583878,3.205518273,3.199958486,3.19465841,3.201231964,3.194431306
1,2819,28.96694191,72.41735479,181,25.64725568,-30.94150214,93.96666667,27.99670823,3.195697796,3.188021895,3.196397528,3.203953636,3.200296999,3.214520509,3.22090254,3.196286253
1,2820,28.96165793,72.40414482,180,25.36867929,-7.490687578,94,28.25196777,3.193333458,3.209038532,3.202681666,3.209086994,3.203190646,3.198445137,3.19849052,3.203462214
1,2821,28.95637329,72.39093322,179,25.56653399,-1.194167269,94.03333333,28.09701522,3.198311089,3.20975601,3.189581302,3.209713149,3.185012794,3.201160818,3.197351658,3.187869154
1,2822,28.95108799,72.37771998,178,25.70141896,3.266165118,94.06666667,25.61272811,3.183519845,3.191219883,3.200365475,3.195182527,3.191672409,3.210818249,3.190142523,3.205432939
1,2823,28.94580204,72.3645051,177,25.59413234,25.46885131,94.1,29.0033354,3.192888024,3.191017553,3.195169291,3.204959328,3.189028274,3.202299642,3.19231392,3.193753865
1,2824,28.94051543,72.35128858,176,25.43137722,-26.2657444,94.13333333,29.13798937,3.203205133,3.217387863,3.192711864,3.205759045,3.197498301,3.196202052,3.208571008,3.193251818
1,2825,28.93522817,72.33807043,175,25.59371147,24.62651615,94.16666667,29.22820981,3.190767094,3.203681406,3.21275827,3.205999958,3.188743861,3.195077336,3.207836786,3.212648882
1,2826,28.92994025,72.32485063,174,25.80449266,15.43027422,94.2,29.70383861,3.201829691,3.19536662,3.213168151,3.199403251,3.195153531,3.19380054,3.190439853,3.222668643
1,2827,28.92465168,72.3116292,173,25.74962701,4.469665136,94.23333333,29.08729296,3.211367663,3.194749653,3.213854607,3.204266417,3.203792864,3.194256664,3.195886983,3.199660608
1,2828,28.91936245,72.29840613,172,25.59255952,15.96222963,94.26666667,27.26194706,3.184275608,3.196105439,3.200035917,3.210476151,3.19506762,3.206497105,3.183516049,3.209336241
1,2829,28.91407257,72.28518143,171,25.71417391,-7.038580884,94.3,27.87249367,3.192797224,3.201042184,3.203250745,3.201681436,3.199145762,3.19006787,3.192883673,3.207971456
1,2830,28.90878204,72.27195509,170,25.55601916,-28.92819312,94.33333333,28.16402476,3.19522098,3.199173635,3.18806331,3.206868587,3.189444136,3.207327702,3.191498306,3.208116064
1,2831,28.90349084,72.25872711,169,25.39553541,13.26121922,94.36666667,28.19385901,3.200081543,3.195529941,3.212803214,3.19944916,3.197105502,3.207272943,3.188156343,3.179782675
1,2832,28.898199,72.2454975,168,25.48906408,1.973784535,94.4,29.79679178,3.20926384,3.193309583,3.206916979,3.200369299,3.190688084,3.204858259,3.196718638,3.191381277
1,2833,28.8929065,72.23226625,167,25.78754665,11.14998404,94.43333333,29.15860376,3.191589629,3.18613729,3.203224199,3.192516794,3.199722223,3.19854622,3.192467547,3.187816802
1,2834,28.88761335,72.21903337,166,25.56712083,-12.96009752,94.46666667,31.73921819,3.220269687,3.19961174,3.214587064,3.209319494,3.197430678,3.201447717,3.201215326,3.214753606
1,2835,28.88231954,72.20579885,165,25.57079392,32.54932619,94.5,31.97164416,3.20663867,3.193541818,3.202812951,3.206434515,3.190597448,3.203953195,3.210763912,3.193140219
1,2836,28.87702508,72.1925627,164,25.56401942,6.989589486,94.53333333,28.14336925,3.194245451,3.20928378,3.197166109,3.192143933,3.207058184,3.204614834,3.200755151,3.208996661
1,2837,28.87172997,72.17932492,163,25.82849639,-33.16780126,94.56666667,21.09402001,3.209565082,3.199337417,3.215794611,3.21266712,3.184125612,3.191759061,3.181957665,3.19740228
1,2838,28.8664342,72.1660855,162,25.79511507,-4.015680744,94.6,30.22629844,3.190310254,3.193485453,3.208724545,3.185961368,3.201037886,3.200989412,3.199340886,3.201046229
1,2839,28.86113778,72.15284445,161,25.86625363,20.50848438,94.63333333,27.02732259,3.182141746,3.193523564,3.212344007,3.190425031,3.213332887,3.188745421,3.187783675,3.192385769
1,2840,28.85584071,72.13960177,160,25.58091457,23.53076494,94.66666667,26.55732894,3.209032664,3.195631033,3.202763256,3.200589095,3.199564303,3.210192945,3.206172144,3.190856774
1,2841,28.85054298,72.12635745,159,25.63547494,-0.432235779,94.7,27.28279851,3.197795434,3.213947519,3.202556494,3.187937232,3.188503689,3.207121162,3.205619499,3.192629075
1,2842,28.8452446,72.1131115,158,25.41800289,31.57980567,94.73333333,27.19604252,3.205981041,3.212795137,3.211662871,3.212834224,3.20444391,3.198578721,3.196780159,3.199860905
1,2843,28.83994557,72.09986392,157,25.77723213,-18.58652502,94.76666667,29.10208566,3.192991814,3.19712561,3.210200958,3.187127432,3.187674642,3.206644245,3.197198617,3.184594856
1,2844,28.83464589,72.08661472,156,25.45986645,-7.152104221,94.8,25.1930156,3.199509327,3.198367027,3.196551324,3.205485648,3.189334435,3.200103883,3.19831222,3.200302602
1,2845,28.82934555,72.07336388,155,25.62601307,31.88775285,94.83333333,26.06010266,3.186142511,3.195818809,3.200158154,3.204329277,3.214771172,3.206447587,3.203689242,3.210171798
1,2846,28.82404456,72.06011141,154,25.4683237,31.70053732,94.86666667,28.6176854,3.19756942,3.212431425,3.208954182,3.196432978,3.215391641,3.203575483,3.217543752,3.202425458
1,2847,28.81874292,72.04685731,153,25.52933598,14.85702151,94.9,29.12129925,3.195504561,3.193859707,3.197154052,3.19542964,3.210171108,3.199768206,3.187087819,3.201704035
1,2848,28.81344063,72.03360158,152,25.49952851,28.71844377,94.93333333,29.15477496,3.201004104,3.196251139,3.202140736,3.199647125,3.205070123,3.204599832,3.202919223,3.189609153
1,2849,28.80813769,72.02034422,151,25.52705497,-32.89813864,94.96666667,26.5833347,3.216952134,3.187552114,3.198970327,3.191244533,3.203170705,3.201107246,3.198649871,3.212142182
1,2850,28.80283409,72.00708523,150,25.53530528,29.1995981,95,26.23912183,3.208867967,3.197383077,3.206433077,3.212517442,3.20881076,3.198910251,3.187277593,3.202597183
1,2851,28.79752985,71.99382461,149,25.53420774,-14.35040748,95.03333333,27.0880573,3.205348883,3.193843065,3.200180362,3.199336898,3.211101685,3.214830529,3.209401716,3.199315555
1,2852,28.79222495,71.98056237,148,25.70000007,-25.73347901,95.06666667,28.43177095,3.20918173,3.205190306,3.199400803,3.216739122,3.194095852,3.204831272,3.206716485,3.197700009
1,2853,28.7869194,71.9672985,147,25.46741646,-20.85041309,95.1,30.67385926,3.204473106,3.207563978,3.201957075,3.203779965,3.200843449,3.206380161,3.198168171,3.197505618
1,2854,28.7816132,71.954033,146,25.62646497,-6.562519359,95.13333333,24.31461307,3.200164481,3.209469351,3.186021095,3.192725045,3.21820616,3.202201507,3.196743712,3.206358815
1,2855,28.77630635,71.94076587,145,25.7461551,-19.90463963,95.16666667,27.60268824,3.193719784,3.183177689,3.2028384,3.194153729,3.200811118,3.202635206,3.201136929,3.186328037
1,2856,28.77099885,71.92749712,144,25.53841644,-14.35459312,95.2,25.60117881,3.200210247,3.203556816,3.188799526,3.187846612,3.191447803,3.205974118,3.184013474,3.206638191
1,2857,28.7656907,71.91422674,143,25.51384973,-29.20172111,95.23333333,25.02596318,3.203136446,3.197939984,3.188154963,3.19362826,3.206255232,3.210053802,3.191749097,3.209134908
1,2858,28.7603819,71.90095474,142,25.57233704,-16.30585876,95.26666667,29.74052196,3.205487002,3.199945302,3.194097159,3.19534888,3.214583381,3.201427535,3.210638947,3.201932464
1,2859,28.75507244,71.88768111,141,25.74156703,5.782705163,95.3,28.98032423,3.196378417,3.204672721,3.217262681,3.194847067,3.207310951,3.201524072,3.188403856,3.188225009
1,2860,28.74976234,71.87440585,140,25.62329292,-4.651703353,95.33333333,28.80898033,3.19638413,3.202779909,3.207026984,3.187432696,3.20522158,3.199052958,3.20002651,3.204708895
1,2861,28.74445159,71.86112897,139,25.53625428,-12.2624991,95.36666667,29.65784651,3.213968843,3.202429134,3.189146104,3.19850326,3.206817072,3.207080347,3.205326595,3.195919751
1,2862,28.73914019,71.84785047,138,25.6580652,19.71617031,95.4,27.13650599,3.189057398,3.204716062,3.190286105,3.205544088,3.205546315,3.196258457,3.199100294,3.201589423
1,2863,28.73382814,71.83457034,137,25.46772494,31.48079771,95.43333333,27.22125247,3.195081483,3.18894656,3.199686246,3.200520261,3.210888379,3.193744063,3.208547969,3.190823444
1,2864,28.72851544,71.82128859,136,25.68176314,20.54313783,95.46666667,31.93431511,3.189243182,3.1975931,3.192472728,3.189131074,3.215554643,3.196386819,3.218490429,3.19204213
1,2865,28.72320209,71.80800522,135,25.64903288,-13.43994383,95.5,27.5561721,3.186331627,3.210330318,3.194186747,3.201110926,3.189154932,3.199695095,3.189026991,3.199408741
1,2866,28.71788809,71.79472022,134,25.56306298,19.55537343,95.53333333,29.3232378,3.19620854,3.201842142,3.205005531,3.20192864,3.203608372,3.199127739,3.19651745,3.203760949
1,2867,28.71257344,71.7814336,133,25.4993697,-27.8415854,95.56666667,28.01148677,3.199108417,3.199413522,3.20318196,3.191734275,3.211436889,3.198005147,3.200993453,3.199643844
1,2868,28.70725814,71.76814536,132,25.49359829,-29.57456095,95.6,24.67313465,3.205221945,3.202713453,3.199600608,3.211590033,3.174373235,3.209941395,3.207361723,3.185313467
1,2869,28.7019422,71.75485549,131,25.66417808,-12.34983704,95.63333333,24.31966779,3.207434266,3.20846774,3.204494108,3.1875273,3.205461222,3.208057575,3.195422348,3.203529071
1,2870,28.6966256,71.74156401,130,25.74747766,24.61618952,95.66666667,26.9578284,3.197174337,3.207083016,3.197491947,3.19535906,3.199685628,3.189266783,3.198891344,3.202896742
1,2871,28.69130836,71.7282709,129,25.52352307,-20.29214022,95.7,29.90098225,3.206959674,3.201991654,3.188539187,3.210818169,3.211489268,3.200900538,3.193984467,3.195747057
1,2872,28.68599047,71.71497618,128,25.6550064,-34.93972729,95.73333333,29.41892498,3.198371821,3.202229348,3.197564118,3.1931329,3.208184079,3.202058287,3.191581024,3.202330484
1,2873,28.68067193,71.70167983,127,25.34955676,-29.46323718,95.76666667,29.6453389,3.201294967,3.194255577,3.209560398,3.201079114,3.198267027,3.199332146,3.203551334,3.199422533
1,2874,28.67535274,71.68838186,126,25.52984587,28.69959748,95.8,26.22331688,3.199355651,3.208527721,3.188652765,3.189987575,3.206215707,3.219326798,3.207011964,3.21491367
1,2875,28.67003291,71.67508228,125,25.59627293,10.70266278,95.83333333,30.90857048,3.196525027,3.194903351,3.203652265,3.207629192,3.189507593,3.198294253,3.199783863,3.194569038
1,2876,28.66471243,71.66178107,124,25.49083799,-19.74390693,95.86666667,26.26319206,3.195502225,3.206744554,3.203757476,3.206387611,3.202694998,3.193013947,3.203384824,3.192383257
1,2877,28.6593913,71.64847825,123,25.48761924,4.423666026,95.9,28.38308392,3.197505973,3.191710011,3.195112898,3.200723831,3.196340075,3.192934701,3.20910238,3.199043266
1,2878,28.65406952,71.6351738,122,25.51986645,2.206369794,95.93333333,27.98136588,3.195776576,3.191340807,3.185024041,3.198223624,3.18897425,3.205696292,3.20023593,3.212466886
1,2879,28.6487471,71.62186774,121,25.63506313,12.43487828,95.96666667,27.68702712,3.201784594,3.194186738,3.184959939,3.206452351,3.189608414,3.196734844,3.213392706,3.204887867
1,2880,28.64342403,71.60856006,120,25.57752052,-21.34499565,96,30.40946585,3.203118924,3.20755458,3.207256399,3.212647571,3.195182565,3.196986527,3.192620923,3.199738419
1,2881,28.63810031,71.59525077,119,25.33141225,29.15223898,96.03333333,26.73080106,3.198942138,3.185960382,3.194768794,3.211512932,3.201953669,3.205723189,3.199035643,3.184903252
1,2882,28.63277594,71.58193985,118,25.34551598,-15.25051503,96.06666667,25.57071054,3.198970913,3.208333572,3.19051453,3.205976311,3.186385347,3.20016153,3.204356148,3.1975031
1,2883,28.62745093,71.56862732,117,25.52717618,15.53053232,96.1,28.03599188,3.219779772,3.196054477,3.19537267,3.201635936,3.193960215,3.188469299,3.191218642,3.206063894
1,2884,28.62212527,71.55531318,116,25.65492239,-38.71002829,96.13333333,27.28031188,3.197560484,3.213616168,3.19647011,3.205684083,3.204086736,3.196350794,3.192969529,3.18614557
1,2885,28.61679897,71.54199742,115,25.27029942,-10.18742961,96.16666667,34.07928925,3.204424966,3.209586078,3.187280555,3.197036441,3.194664653,3.204410953,3.197370778,3.210583845
1,2886,28.61147202,71.52868004,114,25.54003238,-11.86321456,96.2,29.21771346,3.196924854,3.190108932,3.196249557,3.197131083,3.2042088,3.197011848,3.203520772,3.193676126
1,2887,28.60614442,71.51536105,113,25.53685026,3.478754287,96.23333333,27.26318696,3.197642587,3.193719726,3.193226867,3.210198668,3.194278963,3.197219162,3.208356836,3.206000011
1,2888,28.60081618,71.50204044,112,25.76660053,-34.18109906,96.26666667,26.09899918,3.213129658,3.203862415,3.195196805,3.216457157,3.204656646,3.198762437,3.200459724,3.201434253
1,2889,28.59548729,71.48871822,111,25.55379738,23.2105099,96.3,24.61548086,3.198105505,3.188993155,3.213013768,3.199825327,3.201467972,3.216625152,3.194533718,3.205243883
1,2890,28.59015775,71.47539438,110,25.64595868,-22.57753586,96.33333333,26.15460565,3.193661611,3.202568169,3.201612046,3.206324809,3.20966535,3.195363831,3.211333399,3.211899848
1,2891,28.58482757,71.46206893,109,25.61695086,14.16302519,96.36666667,28.20689519,3.198000117,3.199947339,3.196045199,3.19755647,3.190372195,3.206220286,3.183597649,3.194423241
1,2892,28.57949675,71.44874187,108,25.34433202,24.25696986,96.4,30.56919157,3.199630704,3.210398379,3.195638043,3.203422813,3.199352127,3.207560951,3.203004686,3.206641675
1,2893,28.57416528,71.43541319,107,25.69218487,4.950156499,96.43333333,30.01904046,3.195594921,3.191887801,3.202937027,3.196098176,3.200242591,3.2025382,3.20993526,3.206292565
1,2894,28.56883316,71.4220829,106,25.62584758,19.27065654,96.46666667,28.4123707,3.194551923,3.190839822,3.213659049,3.187338723,3.196379977,3.205161959,3.21311009,3.198482708
1,2895,28.5635004,71.408751,105,25.66099224,12.94882498,96.5,27.4182982,3.200218744,3.192999781,3.201012929,3.190798768,3.19399772,3.206111124,3.196531385,3.207337991
1,2896,28.558167,71.39541749,104,26.07114852,-11.55761623,96.53333333,28.48386224,3.198771943,3.189049279,3.209346922,3.189477391,3.1951857,3.198402407,3.208046629,3.195788121
1,2897,28.55283295,71.38208237,103,25.34990645,24.70868312,96.56666667,27.0664516,3.192586263,3.201301385,3.198288274,3.196260875,3.201731883,3.19037123,3.186225276,3.217109841
1,2898,28.54749825,71.36874563,102,25.8069636,-16.42389041,96.6,31.09305519,3.200833489,3.201393447,3.193744085,3.207181591,3.195732118,3.177710818,3.195463733,3.197748695
1,2899,28.54216291,71.35540729,101,25.5655063,5.69703342,96.63333333,27.65945767,3.198639331,3.198407907,3.194840683,3.194067832,3.197616171,3.186836191,3.18433923,3.200784444
1,2900,28.53682693,71.34206733,100,25.63447947,19.63181913,96.66666667,27.84459186,3.200917879,3.207035205,3.197955478,3.190450982,3.184482825,3.192878431,3.203380158,3.211531591
1,2901,28.5314903,71.32872576,99,25.59453853,-9.683527215,96.7,24.01151963,3.200432683,3.190291281,3.192960635,3.193210353,3.196752091,3.208967163,3.209591276,3.198621953
1,2902,28.52615303,71.31538259,98,25.54909164,-15.77859139,96.73333333,27.64821728,3.201464561,3.193619537,3.186320732,3.214306707,3.181420104,3.185313277,3.214371247,3.200132923
1,2903,28.52081512,71.3020378,97,25.53162005,-3.252319186,96.76666667,29.50567145,3.190992681,3.205461629,3.206184426,3.189338515,3.195737237,3.207009967,3.193464754,3.20225731
1,2904,28.51547656,71.2886914,96,25.63954105,25.43707955,96.8,26.07809936,3.211398497,3.180860121,3.197270013,3.202093088,3.185663605,3.195763109,3.208355989,3.194365479
1,2905,28.51013736,71.2753434,95,25.41793916,34.39374105,96.83333333,26.6487034,3.188125389,3.209046655,3.203556014,3.19944915,3.199212865,3.20822626,3.202356227,3.205164897
1,2906,28.50479752,71.26199379,94,25.6900695,3.606673029,96.86666667,29.42687983,3.194459469,3.18466116,3.20497531,3.208807423,3.198203504,3.207102053,3.197318298,3.199274407
1,2907,28.49945703,71.24864257,93,25.55005667,12.91729643,96.9,25.342017,3.21401943,3.19766784,3.197195445,3.185040164,3.205520585,3.194321269,3.2011778,3.197479687
1,2908,28.4941159,71.23528974,92,25.46439168,32.26188978,96.93333333,29.90404181,3.196433658,3.199058164,3.199673181,3.209408632,3.212161695,3.205205721,3.210172447,3.20683318
1,2909,28.48877412,71.22193531,91,25.54599846,-32.11625189,96.96666667,27.042141,3.203956913,3.211641143,3.189532203,3.194524302,3.193432788,3.197588897,3.205487203,3.191079172
1,2910,28.48343171,71.20857927,90,25.75085791,-21.43371377,97,27.3005772,3.204022394,3.195303513,3.197223488,3.201603325,3.213449985,3.194301224,3.199359253,3.191374198
1,2911,28.47808865,71.19522162,89,25.53575979,16.7120005,97.03333333,25.97701887,3.194224418,3.191301269,3.201958281,3.20340247,3.205496395,3.193970802,3.204063545,3.200904801
1,2912,28.47274495,71.18186236,88,25.64301443,25.89955695,97.06666667,28.68048327,3.19953798,3.190068617,3.201226028,3.201479653,3.200813828,3.203200406,3.205556765,3.191215814
1,2913,28.4674006,71.16850151,87,25.51228525,28.56232227,97.1,32.42776957,3.198266431,3.204126141,3.197852841,3.207675388,3.200721428,3.184360619,3.206715431,3.199063174
1,2914,28.46205562,71.15513904,86,25.69095062,-6.791425852,97.13333333,29.40669503,3.185842313,3.197981681,3.189853085,3.20602505,3.199713272,3.192610037,3.206486784,3.203668205
1,2915,28.45670999,71.14177497,85,25.68226093,-32.85280782,97.16666667,26.44428653,3.198113882,3.19003522,3.19326021,3.193140337,3.205971978,3.186552822,3.199622121,3.197997725
1,2916,28.45136372,71.12840929,84,25.82183306,-4.977481816,97.2,30.04411705,3.208284312,3.201861892,3.204281682,3.19579712,3.190152014,3.197396192,3.206217299,3.206199125
1,2917,28.44601681,71.11504202,83,25.57893233,-21.54123278,97.23333333,27.42997682,3.196555299,3.19311405,3.191546567,3.198906987,3.201092409,3.211785532,3.200986646,3.204910128
1,2918,28.44066925,71.10167313,82,25.68023858,-16.7042836,97.26666667,30.47407297,3.193756256,3.200333608,3.201120628,3.198875756,3.19982545,3.201009748,3.203848295,3.209352944
1,2919,28.43532106,71.08830265,81,25.6117681,21.78140455,97.3,29.45201752,3.181875618,3.2089099,3.186313535,3.202470103,3.218845032,3.199659678,3.201440153,3.197517922
1,2920,28.42997222,71.07493056,80,25.75550461,-33.95783312,97.33333333,22.70234518,3.205338099,3.202897668,3.194591622,3.199085176,3.191052508,3.199048469,3.196645023,3.201092328
1,2921,28.42462274,71.06155686,79,25.51374011,26.2064974,97.36666667,26.19265666,3.194320689,3.198284546,3.200070182,3.200627342,3.20219427,3.198606659,3.193706451,3.200656586
1,2922,28.41927263,71.04818157,78,25.68940064,-5.786473134,97.4,29.6998934,3.198569137,3.208197165,3.209205932,3.189023357,3.204937236,3.206541953,3.18923335,3.204635783
1,2923,28.41392187,71.03480467,77,25.57663632,7.685114488,97.43333333,28.27298309,3.207167639,3.192402827,3.198109267,3.201490559,3.204563664,3.192092485,3.209256054,3.183765215
1,2924,28.40857047,71.02142617,76,25.59229742,-32.8278215,97.46666667,26.15723929,3.210589964,3.20440214,3.195025828,3.206915247,3.191617608,3.200919488,3.201908039,3.201889079
1,2925,28.40321843,71.00804607,75,25.6110103,-13.01127373,97.5,26.85953887,3.19328226,3.196031383,3.201013959,3.19418605,3.202171622,3.195086992,3.208,3.21250148
1,2926,28.39786575,70.99466437,74,25.63026885,-32.82392648,97.53333333,24.56877408,3.197620287,3.20736207,3.198301564,3.19250855,3.196594258,3.200684558,3.185704339,3.205005254
1,2927,28.39251242,70.98128106,73,25.58605251,36.92349783,97.56666667,27.84092808,3.200688167,3.208004352,3.2048651,3.200959587,3.197153321,3.212182894,3.217358981,3.197286805
1,2928,28.38715846,70.96789616,72,25.62576558,24.58093195,97.6,31.97924151,3.208338348,3.194346003,3.195298512,3.19691004,3.205477462,3.191400694,3.212399714,3.207502978
1,2929,28.38180386,70.95450966,71,25.78937417,-3.229379651,97.63333333,29.4488801,3.205292122,3.197649483,3.206635901,3.176661097,3.203527211,3.201280977,3.184910275,3.203250024
1,2930,28.37644862,70.94112155,70,25.71825396,-22.11179613,97.66666667,31.9427506,3.204727134,3.185170138,3.190505829,3.216515113,3.198509172,3.207805008,3.209014415,3.203151495
1,2931,28.37109274,70.92773185,69,25.70429855,34.67640842,97.7,29.58831476,3.208137931,3.183096893,3.198155765,3.17535521,3.186031251,3.195631884,3.194676924,3.200331282
1,2932,28.36573622,70.91434055,68,25.54533526,-12.43227234,97.73333333,29.84946282,3.199834796,3.201069939,3.201397677,3.202663382,3.192327643,3.194201661,3.199704976,3.199829256
1,2933,28.36037906,70.90094765,67,25.4932911,-27.12124547,97.76666667,31.55334164,3.191344581,3.208652475,3.205798405,3.193122267,3.198333072,3.216076317,3.201284616,3.203165488
1,2934,28.35502126,70.88755315,66,25.71463607,5.053151076,97.8,28.67907387,3.195128516,3.197495103,3.212090608,3.200906355,3.199432574,3.200061129,3.220363062,3.20031846
1,2935,28.34966282,70.87415705,65,25.70512562,35.50192963,97.83333333,27.66299082,3.193359386,3.194757193,3.206246048,3.188572151,3.203604664,3.19420946,3.185129844,3.192159422
1,2936,28.34430374,70.86075936,64,25.77672048,-39.69357676,97.86666667,29.85878353,3.20022027,3.211161339,3.207306635,3.197650478,3.207777497,3.197145761,3.188267907,3.200168701
1,2937,28.33894403,70.84736007,63,25.52752232,-20.95001254,97.9,30.61691243,3.187952528,3.206331266,3.206447041,3.19296024,3.20116478,3.201088394,3.206975707,3.190039454
1,2938,28.33358367,70.83395918,62,25.57245416,35.07581123,97.93333333,27.13606364,3.2047959,3.189465846,3.20621751,3.208501579,3.194643269,3.209753031,3.187407736,3.208796668
1,2939,28.32822268,70.82055669,61,25.4032619,-26.31312265,97.96666667,26.70117565,3.21150765,3.202766522,3.198435794,3.202499359,3.195169933,3.220997013,3.19530775,3.210539209
1,2940,28.32286105,70.80715261,60,25.55290347,-30.94052387,98,28.24994086,3.194070181,3.212774466,3.216098629,3.203087926,3.202293258,3.192347368,3.191394659,3.202383317
1,2941,28.31749877,70.79374694,59,25.71958846,5.614977264,98.03333333,29.49669796,3.21166554,3.19561438,3.217663434,3.195118832,3.201835136,3.201856132,3.199187725,3.18364938
1,2942,28.31213587,70.78033966,58,25.54402055,28.94750586,98.06666667,29.43656389,3.195047415,3.201597114,3.199232119,3.205089621,3.206054687,3.198079372,3.192300557,3.212386542
1,2943,28.30677232,70.7669308,57,25.67685758,-1.831214584,98.1,25.43649832,3.189156301,3.195237542,3.193200321,3.205971661,3.210536176,3.198610453,3.201838214,3.203430175
1,2944,28.30140813,70.75352033,56,25.57713963,39.56514053,98.13333333,31.44089092,3.214432033,3.185811412,3.205953775,3.203012198,3.197033284,3.202609814,3.205926632,3.204665302
1,2945,28.29604331,70.74010828,55,25.63888684,14.33373596,98.16666667,26.84590313,3.217268005,3.201019853,3.200215241,3.19854961,3.204423831,3.199743534,3.200105673,3.200142639
1,2946,28.29067785,70.72669463,54,25.46227703,-34.07400742,98.2,27.52288301,3.198923131,3.195130618,3.203344852,3.197719619,3.204909436,3.200886141,3.196907401,3.212518643
1,2947,28.28531175,70.71327938,53,25.61022513,39.42657053,98.23333333,26.37522215,3.199181499,3.204982584,3.194400137,3.183795685,3.195464007,3.18290041,3.198105097,3.211749176
1,2948,28.27994502,70.69986255,52,25.24106368,-7.368461058,98.26666667,32.8569919,3.19275772,3.183151649,3.212002056,3.196197162,3.199874093,3.20630624,3.204185382,3.206004099
1,2949,28.27457765,70.68644411,51,25.57757246,-17.00779729,98.3,28.43572721,3.207203432,3.186031083,3.188685218,3.209369357,3.193746087,3.194618833,3.18989726,3.196760417
1,2950,28.26920964,70.67302409,50,25.40434321,4.630334686,98.33333333,26.46824485,3.197205471,3.192500314,3.191575338,3.202549305,3.193538646,3.195149502,3.182509773,3.215505602
1,2951,28.26384099,70.65960248,49,25.74471934,-15.65539265,98.36666667,29.55506239,3.207534592,3.196041552,3.192807353,3.20008711,3.199867731,3.189792267,3.17959571,3.195791393
1,2952,28.25847171,70.64617927,48,25.69328888,-33.08339943,98.4,29.3844444,3.187493004,3.20137104,3.201424653,3.192214298,3.195723326,3.214104334,3.206201028,3.196381978
1,2953,28.25310179,70.63275447,47,25.65600052,-39.88573255,98.43333333,27.66209136,3.218335675,3.190424501,3.193498442,3.199115887,3.187751943,3.214322473,3.201465216,3.193680409
1,2954,28.24773123,70.61932808,46,25.78252075,-4.033331766,98.46666667,29.51309208,3.203582296,3.201168447,3.197562791,3.190331879,3.188510305,3.217494408,3.189178121,3.213583724
1,2955,28.24236004,70.6059001,45,25.48613002,26.94907378,98.5,26.51447447,3.193241927,3.206320261,3.203723465,3.20532335,3.205856114,3.187107475,3.194589232,3.189055616
1,2956,28.23698821,70.59247053,44,25.80968358,5.78521485,98.53333333,27.11274711,3.201514408,3.189413245,3.184151623,3.198100181,3.182327368,3.202069906,3.189938964,3.193275362
1,2957,28.23161575,70.57903936,43,25.71186299,39.93658392,98.56666667,24.38161002,3.181756672,3.213200818,3.188296681,3.19708799,3.185666091,3.193314658,3.214014574,3.202379814
1,2958,28.22624264,70.56560661,42,25.57161337,-17.05226835,98.6,25.61688805,3.194210952,3.199726612,3.195515528,3.199260635,3.20595095,3.197351216,3.201759932,3.201891964
1,2959,28.22086891,70.55217227,41,25.73627442,-17.56359482,98.63333333,31.25373545,3.197390835,3.194112592,3.195798533,3.205593482,3.206259334,3.190897645,3.197912085,3.193976625
1,2960,28.21549454,70.53873634,40,25.46724478,-27.22004318,98.66666667,30.95457153,3.206399619,3.196230376,3.217607391,3.201743179,3.209455972,3.191883113,3.200093777,3.204929385
1,2961,28.21011953,70.52529882,39,25.5010583,-26.87491294,98.7,28.11841957,3.191733598,3.200162742,3.208414872,3.1973804,3.19318598,3.214423676,3.190626038,3.201247125
1,2962,28.20474389,70.51185971,38,25.52696923,-17.18507232,98.73333333,30.9932766,3.194333789,3.192505326,3.205933257,3.198355713,3.203247092,3.181958834,3.204024958,3.194235233
1,2963,28.19936761,70.49841902,37,25.53652268,23.42720362,98.76666667,27.71186592,3.184969184,3.215077916,3.204808108,3.201818219,3.209995351,3.201980554,3.193611088,3.198600259
1,2964,28.19399069,70.48497673,36,25.47321308,32.46054325,98.8,27.56186146,3.19457307,3.195997177,3.189938371,3.192239835,3.207156684,3.202656604,3.195975896,3.191775745
1,2965,28.18861314,70.47153286,35,25.74676997,38.00697358,98.83333333,28.10171917,3.196756824,3.186529202,3.201013045,3.207563772,3.218935781,3.19117393,3.20723042,3.194342308
1,2966,28.18323496,70.4580874,34,25.56893747,-21.41682767,98.86666667,27.77514113,3.19097235,3.190968815,3.201125886,3.192553651,3.195145234,3.196476789,3.194080257,3.193499324
1,2967,28.17785614,70.44464036,33,25.6423006,30.50380365,98.9,27.61264662,3.180566722,3.200695626,3.200541372,3.193621241,3.202883074,3.21117526,3.200188639,3.210642062
1,2968,28.17247669,70.43119173,32,25.53155784,-13.73959286,98.93333333,30.05811659,3.217905055,3.220244198,3.190494111,3.190535496,3.19644456,3.201029722,3.212693216,3.20501793
1,2969,28.1670966,70.41774151,31,25.3815276,-30.97275644,98.96666667,28.27024418,3.190373703,3.195106741,3.199663998,3.18808672,3.200109348,3.190492515,3.186794231,3.192424118
1,2970,28.16171588,70.40428971,30,25.63240688,29.60199404,99,29.28246718,3.203288168,3.203232926,3.200773231,3.207932909,3.207084666,3.201635051,3.200531055,3.201036374
1,2971,28.15633453,70.39083632,29,25.3705294,10.88845077,99.03333333,29.85648495,3.198818839,3.182605258,3.209083879,3.203180183,3.19026938,3.211422533,3.195280161,3.199137848
1,2972,28.15095254,70.37738135,28,25.59176391,-26.82152831,99.06666667,28.69873443,3.208188605,3.201761115,3.210683007,3.197183188,3.213529386,3.193777577,3.210540979,3.181879126
1,2973,28.14556992,70.36392479,27,25.4358022,-5.613499399,99.1,26.25351161,3.191198464,3.202383729,3.196796437,3.199402011,3.200333207,3.190472779,3.191072563,3.201856976
1,2974,28.14018666,70.35046665,26,25.83847312,-17.01938441,99.13333333,25.5648414,3.194669336,3.210728271,3.198464423,3.20575001,3.203542813,3.195190712,3.18415737,3.209479531
1,2975,28.13480277,70.33700692,25,25.70936353,18.9435655,99.16666667,28.26780514,3.192168727,3.196769936,3.19879326,3.199591907,3.207695669,3.200046592,3.198981167,3.208147648
1,2976,28.12941824,70.32354561,24,25.61269045,-3.72670155,99.2,27.69173865,3.204805219,3.194115436,3.190822757,3.193410402,3.199606242,3.19003157,3.200726024,3.198966414
1,2977,28.12403309,70.31008272,23,25.7516448,39.14239561,99.23333333,28.15730457,3.179659848,3.188750599,3.176913998,3.197248776,3.208592109,3.184874736,3.189421705,3.198690097
1,2978,28.1186473,70.29661824,22,25.49844208,-35.62040142,99.26666667,27.97110273,3.191489976,3.191450618,3.204332753,3.196040836,3.188106201,3.183298273,3.217667262,3.209026472
1,2979,28.11326087,70.28315218,21,25.66521753,-11.59877871,99.3,32.65043259,3.196386933,3.200702864,3.196091752,3.204083654,3.193166285,3.195654614,3.203643207,3.211630873
1,2980,28.10787382,70.26968454,20,25.62397725,-1.447986631,99.33333333,25.60559274,3.205931321,3.209871311,3.197500661,3.195015917,3.184492951,3.200577587,3.203032376,3.197599957
1,2981,28.10248613,70.25621532,19,25.63168241,0.25068438,99.36666667,24.41809671,3.193786389,3.209947228,3.205054434,3.210502604,3.192371367,3.194334127,3.209625418,3.199621223
1,2982,28.09709781,70.24274452,18,25.75268242,-14.72513421,99.4,28.5982783,3.195447167,3.19600388,3.199911356,3.208023615,3.198715897,3.206324263,3.203739022,3.192973288
1,2983,28.09170885,70.22927213,17,25.68789905,18.33921993,99.43333333,27.3224394,3.192966965,3.196397867,3.189305299,3.195886889,3.212107467,3.199748877,3.193868379,3.215325957
1,2984,28.08631927,70.21579817,16,25.63464684,29.97976588,99.46666667,28.56892217,3.192555061,3.192304936,3.209835885,3.205290544,3.198959529,3.206655271,3.2024048,3.190510461
1,2985,28.08092905,70.20232262,15,25.40141351,35.09754416,99.5,29.05098944,3.180819322,3.195461239,3.208679399,3.196572239,3.203680778,3.201475884,3.186451998,3.196748834
1,2986,28.0755382,70.18884549,14,25.48479444,24.40747014,99.53333333,30.31138845,3.202871035,3.19370283,3.197099695,3.203133977,3.20058104,3.208375278,3.203069367,3.1923532
1,2987,28.07014671,70.17536679,13,25.58527493,28.04641578,99.56666667,25.28699352,3.196179626,3.20016237,3.210707321,3.196211795,3.18613945,3.203524535,3.193955214,3.189717589
1,2988,28.0647546,70.1618865,12,25.61120468,4.04362405,99.6,26.99790778,3.200150424,3.207782941,3.195408956,3.203972591,3.205455309,3.206334372,3.194141822,3.191031344
1,2989,28.05936185,70.14840464,11,25.46437555,26.07105811,99.63333333,28.77177027,3.192121975,3.206327797,3.205339145,3.192342795,3.217061152,3.191389088,3.207995713,3.212157324
1,2990,28.05396848,70.13492119,10,25.8894012,-15.71968727,99.66666667,29.38683447,3.200878061,3.193842209,3.194016976,3.197903278,3.208646966,3.190400993,3.185289872,3.20289644
1,2991,28.04857447,70.12143617,9,25.78196729,-8.121699031,99.7,31.94820919,3.204652902,3.215743756,3.188941448,3.198921547,3.209294699,3.200966897,3.198436486,3.206319244
1,2992,28.04317983,70.10794957,8,25.6722542,-14.64695889,99.73333333,29.72026715,3.195204888,3.206811287,3.189971494,3.187844546,3.197811296,3.179493682,3.200677597,3.186139509
1,2993,28.03778456,70.09446139,7,25.60864442,-2.609013164,99.76666667,27.89778053,3.202259364,3.201483676,3.199456301,3.203491269,3.20163358,3.197655995,3.214648056,3.203146486
1,2994,28.03238866,70.08097164,6,25.57453492,-17.1536307,99.8,26.39721564,3.206175265,3.208584638,3.205345195,3.216502663,3.201328055,3.199944309,3.194803423,3.197949809
1,2995,28.02699212,70.06748031,5,25.48576978,36.92891538,99.83333333,26.98427827,3.194150203,3.205417695,3.19270147,3.200590337,3.204476375,3.201202591,3.192832681,3.205591559
1,2996,28.02159496,70.0539874,4,25.60929766,-14.97242976,99.86666667,26.93313492,3.199317282,3.177018302,3.192133186,3.211209058,3.211874575,3.20420889,3.206272552,3.193773648
1,2997,28.01619716,70.04049291,3,25.6309303,-32.15643695,99.9,29.17942053,3.197918845,3.209882933,3.203407322,3.200519587,3.198505532,3.209395776,3.208976257,3.205197374
1,2998,28.01079874,70.02699685,2,25.45098873,2.145373284,99.93333333,28.4625954,3.200530201,3.197145948,3.20554411,3.191184721,3.192843441,3.188391269,3.209881838,3.194234667
1,2999,28.00539968,70.01349921,1,25.64010117,-35.43207372,99.96666667,25.61743077,3.203232062,3.19899554,3.223180312,3.203535244,3.185102874,3.209403486,3.196902792,3.198392578
1,3000,28,70,0,25.58136891,-31.1565467,100,27.21537736,3.194619902,3.2015649,3.201460105,3.194836183,3.195934844,3.200810289,3.181258148,3.18846802
